[debug] [2026-07-01T11:21:07.077Z] [Firebase Plugin] Activating Firebase extension.
[debug] [2026-07-01T11:21:08.462Z] [Firebase Plugin] requireAuthWrapper
[debug] [2026-07-01T11:21:08.462Z] > command requires scopes: ["email","openid","https://www.googleapis.com/auth/cloudplatformprojects.readonly","https://www.googleapis.com/auth/firebase","https://www.googleapis.com/auth/cloud-platform"]
[debug] [2026-07-01T11:21:08.462Z] > authorizing via signed-in user (neocodenex@gmail.com)
[debug] [2026-07-01T11:21:08.463Z] Checked if tokens are valid: false, expires at: 1782904084048
[debug] [2026-07-01T11:21:08.463Z] Checked if tokens are valid: false, expires at: 1782904084048
[debug] [2026-07-01T11:21:08.463Z] > refreshing access token with scopes: []
[debug] [2026-07-01T11:21:08.464Z] >>> [apiv2][query] POST https://www.googleapis.com/oauth2/v3/token [none]
[debug] [2026-07-01T11:21:08.464Z] >>> [apiv2][body] POST https://www.googleapis.com/oauth2/v3/token [omitted]
[info] [Firebase Plugin] Starting SQL Connect toolkit (version 3.4.11) on port 50003
[debug] [2026-07-01T11:21:08.666Z] 'fdc build' failed with error: Unable to build your SQL Connect schema and connectors (exit code 1): E0701 16:51:08.665378    8666 cmd.go:43] Error loading data connect config: could not find dataconnect.yaml in `/Volumes/mycode/Documents/GitHub/Ainor-Universe/dataconnect`
 {"metadata":{"emulator":{"name":"dataconnect"},"message":"'fdc build' failed with error: Unable to build your SQL Connect schema and connectors (exit code 1): E0701 16:51:08.665378    8666 cmd.go:43] Error loading data connect config: could not find dataconnect.yaml in `/Volumes/mycode/Documents/GitHub/Ainor-Universe/dataconnect`\n"}}
[debug] [2026-07-01T11:21:08.667Z] Ignoring unsupported arg: auto_download {"metadata":{"emulator":{"name":"dataconnect"},"message":"Ignoring unsupported arg: auto_download"}}
[debug] [2026-07-01T11:21:08.667Z] Ignoring unsupported arg: port {"metadata":{"emulator":{"name":"dataconnect"},"message":"Ignoring unsupported arg: port"}}
[debug] [2026-07-01T11:21:08.667Z] Starting SQL Connect Emulator with command {"binary":"/Users/ainor/.cache/firebase/emulators/dataconnect-emulator-3.4.11","args":["--logtostderr","-v=2","dev","--listen=localhost:50003","--config_dir=/Volumes/mycode/Documents/GitHub/Ainor-Universe/dataconnect","--enable_output_schema_extensions=true","--enable_output_generated_sdk=true"],"optionalArgs":["listen","config_dir","enable_output_schema_extensions","enable_output_generated_sdk"],"joinArgs":true,"shell":false,"port":9399} {"metadata":{"emulator":{"name":"dataconnect"},"message":"Starting SQL Connect Emulator with command {\"binary\":\"/Users/ainor/.cache/firebase/emulators/dataconnect-emulator-3.4.11\",\"args\":[\"--logtostderr\",\"-v=2\",\"dev\",\"--listen=localhost:50003\",\"--config_dir=/Volumes/mycode/Documents/GitHub/Ainor-Universe/dataconnect\",\"--enable_output_schema_extensions=true\",\"--enable_output_generated_sdk=true\"],\"optionalArgs\":[\"listen\",\"config_dir\",\"enable_output_schema_extensions\",\"enable_output_generated_sdk\"],\"joinArgs\":true,\"shell\":false,\"port\":9399}"}}
[info] i  dataconnect: SQL Connect Emulator logging to dataconnect-debug.log {"metadata":{"emulator":{"name":"dataconnect"},"message":"SQL Connect Emulator logging to dataconnect-debug.log"}}
[debug] [2026-07-01T11:21:08.684Z] E0701 16:51:08.683788    8669 dev.go:83] Failed to load initial config from "/Volumes/mycode/Documents/GitHub/Ainor-Universe/dataconnect": could not find dataconnect.yaml in `/Volumes/mycode/Documents/GitHub/Ainor-Universe/dataconnect`
 {"metadata":{"emulator":{"name":"dataconnect"},"message":"E0701 16:51:08.683788    8669 dev.go:83] Failed to load initial config from \"/Volumes/mycode/Documents/GitHub/Ainor-Universe/dataconnect\": could not find dataconnect.yaml in `/Volumes/mycode/Documents/GitHub/Ainor-Universe/dataconnect`\n"}}
[debug] [2026-07-01T11:21:08.684Z] E0701 16:51:08.684185    8669 watch.go:116] watchAllDir unable to walk dir `/Volumes/mycode/Documents/GitHub/Ainor-Universe/dataconnect`: lstat /Volumes/mycode/Documents/GitHub/Ainor-Universe/dataconnect: no such file or directory
 {"metadata":{"emulator":{"name":"dataconnect"},"message":"E0701 16:51:08.684185    8669 watch.go:116] watchAllDir unable to walk dir `/Volumes/mycode/Documents/GitHub/Ainor-Universe/dataconnect`: lstat /Volumes/mycode/Documents/GitHub/Ainor-Universe/dataconnect: no such file or directory\n"}}
[debug] [2026-07-01T11:21:08.685Z] I0701 16:51:08.685560    8669 dev.go:104] Listening on address (HTTP + gRPC): 127.0.0.1:50003
 {"metadata":{"emulator":{"name":"dataconnect"},"message":"I0701 16:51:08.685560    8669 dev.go:104] Listening on address (HTTP + gRPC): 127.0.0.1:50003\n"}}
[debug] [2026-07-01T11:21:08.813Z] <<< [apiv2][status] POST https://www.googleapis.com/oauth2/v3/token 200
[debug] [2026-07-01T11:21:08.813Z] <<< [apiv2][body] POST https://www.googleapis.com/oauth2/v3/token [omitted]
[debug] [2026-07-01T11:21:08.822Z] [Firebase Plugin] User found:  neocodenex@gmail.com
[info] [Firebase Plugin] (Core:Project) New user detected, fetching projects
[debug] [2026-07-01T11:21:08.823Z] Checked if tokens are valid: true, expires at: 1782908467813
[debug] [2026-07-01T11:21:08.823Z] >>> [apiv2][query] GET https://firebase.googleapis.com/v1beta1/projects pageSize=1000
[error] [Firebase Plugin] error:  {}
[debug] [2026-07-01T11:21:09.755Z] <<< [apiv2][status] GET https://firebase.googleapis.com/v1beta1/projects 200
[debug] [2026-07-01T11:21:09.755Z] <<< [apiv2][body] GET https://firebase.googleapis.com/v1beta1/projects [omitted]
[debug] [2026-07-01T11:21:18.685Z] E0701 16:51:18.685465    8669 watch.go:40] Failed to load config from "/Volumes/mycode/Documents/GitHub/Ainor-Universe/dataconnect": could not find dataconnect.yaml in `/Volumes/mycode/Documents/GitHub/Ainor-Universe/dataconnect`
 {"metadata":{"emulator":{"name":"dataconnect"},"message":"E0701 16:51:18.685465    8669 watch.go:40] Failed to load config from \"/Volumes/mycode/Documents/GitHub/Ainor-Universe/dataconnect\": could not find dataconnect.yaml in `/Volumes/mycode/Documents/GitHub/Ainor-Universe/dataconnect`\n"}}
[debug] [2026-07-01T11:21:28.685Z] E0701 16:51:28.685531    8669 watch.go:40] Failed to load config from "/Volumes/mycode/Documents/GitHub/Ainor-Universe/dataconnect": could not find dataconnect.yaml in `/Volumes/mycode/Documents/GitHub/Ainor-Universe/dataconnect`
 {"metadata":{"emulator":{"name":"dataconnect"},"message":"E0701 16:51:28.685531    8669 watch.go:40] Failed to load config from \"/Volumes/mycode/Documents/GitHub/Ainor-Universe/dataconnect\": could not find dataconnect.yaml in `/Volumes/mycode/Documents/GitHub/Ainor-Universe/dataconnect`\n"}}
[debug] [2026-07-01T11:21:38.685Z] E0701 16:51:38.685170    8669 watch.go:40] Failed to load config from "/Volumes/mycode/Documents/GitHub/Ainor-Universe/dataconnect": could not find dataconnect.yaml in `/Volumes/mycode/Documents/GitHub/Ainor-Universe/dataconnect`
 {"metadata":{"emulator":{"name":"dataconnect"},"message":"E0701 16:51:38.685170    8669 watch.go:40] Failed to load config from \"/Volumes/mycode/Documents/GitHub/Ainor-Universe/dataconnect\": could not find dataconnect.yaml in `/Volumes/mycode/Documents/GitHub/Ainor-Universe/dataconnect`\n"}}
[debug] [2026-07-01T11:21:48.685Z] E0701 16:51:48.685579    8669 watch.go:40] Failed to load config from "/Volumes/mycode/Documents/GitHub/Ainor-Universe/dataconnect": could not find dataconnect.yaml in `/Volumes/mycode/Documents/GitHub/Ainor-Universe/dataconnect`
 {"metadata":{"emulator":{"name":"dataconnect"},"message":"E0701 16:51:48.685579    8669 watch.go:40] Failed to load config from \"/Volumes/mycode/Documents/GitHub/Ainor-Universe/dataconnect\": could not find dataconnect.yaml in `/Volumes/mycode/Documents/GitHub/Ainor-Universe/dataconnect`\n"}}
[debug] [2026-07-01T11:21:58.685Z] E0701 16:51:58.684764    8669 watch.go:40] Failed to load config from "/Volumes/mycode/Documents/GitHub/Ainor-Universe/dataconnect": could not find dataconnect.yaml in `/Volumes/mycode/Documents/GitHub/Ainor-Universe/dataconnect`
 {"metadata":{"emulator":{"name":"dataconnect"},"message":"E0701 16:51:58.684764    8669 watch.go:40] Failed to load config from \"/Volumes/mycode/Documents/GitHub/Ainor-Universe/dataconnect\": could not find dataconnect.yaml in `/Volumes/mycode/Documents/GitHub/Ainor-Universe/dataconnect`\n"}}
[debug] [2026-07-01T11:22:08.685Z] E0701 16:52:08.685235    8669 watch.go:116] watchAllDir unable to walk dir `/Volumes/mycode/Documents/GitHub/Ainor-Universe/dataconnect`: lstat /Volumes/mycode/Documents/GitHub/Ainor-Universe/dataconnect: no such file or directory
E0701 16:52:08.685257    8669 watch.go:40] Failed to load config from "/Volumes/mycode/Documents/GitHub/Ainor-Universe/dataconnect": could not find dataconnect.yaml in `/Volumes/mycode/Documents/GitHub/Ainor-Universe/dataconnect`
 {"metadata":{"emulator":{"name":"dataconnect"},"message":"E0701 16:52:08.685235    8669 watch.go:116] watchAllDir unable to walk dir `/Volumes/mycode/Documents/GitHub/Ainor-Universe/dataconnect`: lstat /Volumes/mycode/Documents/GitHub/Ainor-Universe/dataconnect: no such file or directory\nE0701 16:52:08.685257    8669 watch.go:40] Failed to load config from \"/Volumes/mycode/Documents/GitHub/Ainor-Universe/dataconnect\": could not find dataconnect.yaml in `/Volumes/mycode/Documents/GitHub/Ainor-Universe/dataconnect`\n"}}
[debug] [2026-07-01T11:22:18.686Z] E0701 16:52:18.685691    8669 watch.go:40] Failed to load config from "/Volumes/mycode/Documents/GitHub/Ainor-Universe/dataconnect": could not find dataconnect.yaml in `/Volumes/mycode/Documents/GitHub/Ainor-Universe/dataconnect`
 {"metadata":{"emulator":{"name":"dataconnect"},"message":"E0701 16:52:18.685691    8669 watch.go:40] Failed to load config from \"/Volumes/mycode/Documents/GitHub/Ainor-Universe/dataconnect\": could not find dataconnect.yaml in `/Volumes/mycode/Documents/GitHub/Ainor-Universe/dataconnect`\n"}}
[debug] [2026-07-01T11:22:28.686Z] E0701 16:52:28.685766    8669 watch.go:40] Failed to load config from "/Volumes/mycode/Documents/GitHub/Ainor-Universe/dataconnect": could not find dataconnect.yaml in `/Volumes/mycode/Documents/GitHub/Ainor-Universe/dataconnect`
 {"metadata":{"emulator":{"name":"dataconnect"},"message":"E0701 16:52:28.685766    8669 watch.go:40] Failed to load config from \"/Volumes/mycode/Documents/GitHub/Ainor-Universe/dataconnect\": could not find dataconnect.yaml in `/Volumes/mycode/Documents/GitHub/Ainor-Universe/dataconnect`\n"}}
[debug] [2026-07-01T11:22:38.685Z] E0701 16:52:38.685441    8669 watch.go:40] Failed to load config from "/Volumes/mycode/Documents/GitHub/Ainor-Universe/dataconnect": could not find dataconnect.yaml in `/Volumes/mycode/Documents/GitHub/Ainor-Universe/dataconnect`
 {"metadata":{"emulator":{"name":"dataconnect"},"message":"E0701 16:52:38.685441    8669 watch.go:40] Failed to load config from \"/Volumes/mycode/Documents/GitHub/Ainor-Universe/dataconnect\": could not find dataconnect.yaml in `/Volumes/mycode/Documents/GitHub/Ainor-Universe/dataconnect`\n"}}
[debug] [2026-07-01T11:22:48.687Z] E0701 16:52:48.686013    8669 watch.go:40] Failed to load config from "/Volumes/mycode/Documents/GitHub/Ainor-Universe/dataconnect": could not find dataconnect.yaml in `/Volumes/mycode/Documents/GitHub/Ainor-Universe/dataconnect`
 {"metadata":{"emulator":{"name":"dataconnect"},"message":"E0701 16:52:48.686013    8669 watch.go:40] Failed to load config from \"/Volumes/mycode/Documents/GitHub/Ainor-Universe/dataconnect\": could not find dataconnect.yaml in `/Volumes/mycode/Documents/GitHub/Ainor-Universe/dataconnect`\n"}}
[debug] [2026-07-01T11:22:58.686Z] E0701 16:52:58.686008    8669 watch.go:40] Failed to load config from "/Volumes/mycode/Documents/GitHub/Ainor-Universe/dataconnect": could not find dataconnect.yaml in `/Volumes/mycode/Documents/GitHub/Ainor-Universe/dataconnect`
 {"metadata":{"emulator":{"name":"dataconnect"},"message":"E0701 16:52:58.686008    8669 watch.go:40] Failed to load config from \"/Volumes/mycode/Documents/GitHub/Ainor-Universe/dataconnect\": could not find dataconnect.yaml in `/Volumes/mycode/Documents/GitHub/Ainor-Universe/dataconnect`\n"}}
[debug] [2026-07-01T11:23:08.685Z] E0701 16:53:08.685531    8669 watch.go:40] Failed to load config from "/Volumes/mycode/Documents/GitHub/Ainor-Universe/dataconnect": could not find dataconnect.yaml in `/Volumes/mycode/Documents/GitHub/Ainor-Universe/dataconnect`
 {"metadata":{"emulator":{"name":"dataconnect"},"message":"E0701 16:53:08.685531    8669 watch.go:40] Failed to load config from \"/Volumes/mycode/Documents/GitHub/Ainor-Universe/dataconnect\": could not find dataconnect.yaml in `/Volumes/mycode/Documents/GitHub/Ainor-Universe/dataconnect`\n"}}
[debug] [2026-07-01T11:23:08.686Z] E0701 16:53:08.685530    8669 watch.go:116] watchAllDir unable to walk dir `/Volumes/mycode/Documents/GitHub/Ainor-Universe/dataconnect`: lstat /Volumes/mycode/Documents/GitHub/Ainor-Universe/dataconnect: no such file or directory
 {"metadata":{"emulator":{"name":"dataconnect"},"message":"E0701 16:53:08.685530    8669 watch.go:116] watchAllDir unable to walk dir `/Volumes/mycode/Documents/GitHub/Ainor-Universe/dataconnect`: lstat /Volumes/mycode/Documents/GitHub/Ainor-Universe/dataconnect: no such file or directory\n"}}
[debug] [2026-07-01T11:23:18.686Z] E0701 16:53:18.686351    8669 watch.go:40] Failed to load config from "/Volumes/mycode/Documents/GitHub/Ainor-Universe/dataconnect": could not find dataconnect.yaml in `/Volumes/mycode/Documents/GitHub/Ainor-Universe/dataconnect`
 {"metadata":{"emulator":{"name":"dataconnect"},"message":"E0701 16:53:18.686351    8669 watch.go:40] Failed to load config from \"/Volumes/mycode/Documents/GitHub/Ainor-Universe/dataconnect\": could not find dataconnect.yaml in `/Volumes/mycode/Documents/GitHub/Ainor-Universe/dataconnect`\n"}}
[debug] [2026-07-01T11:23:28.686Z] E0701 16:53:28.685999    8669 watch.go:40] Failed to load config from "/Volumes/mycode/Documents/GitHub/Ainor-Universe/dataconnect": could not find dataconnect.yaml in `/Volumes/mycode/Documents/GitHub/Ainor-Universe/dataconnect`
 {"metadata":{"emulator":{"name":"dataconnect"},"message":"E0701 16:53:28.685999    8669 watch.go:40] Failed to load config from \"/Volumes/mycode/Documents/GitHub/Ainor-Universe/dataconnect\": could not find dataconnect.yaml in `/Volumes/mycode/Documents/GitHub/Ainor-Universe/dataconnect`\n"}}
[debug] [2026-07-01T11:23:38.685Z] E0701 16:53:38.685588    8669 watch.go:40] Failed to load config from "/Volumes/mycode/Documents/GitHub/Ainor-Universe/dataconnect": could not find dataconnect.yaml in `/Volumes/mycode/Documents/GitHub/Ainor-Universe/dataconnect`
 {"metadata":{"emulator":{"name":"dataconnect"},"message":"E0701 16:53:38.685588    8669 watch.go:40] Failed to load config from \"/Volumes/mycode/Documents/GitHub/Ainor-Universe/dataconnect\": could not find dataconnect.yaml in `/Volumes/mycode/Documents/GitHub/Ainor-Universe/dataconnect`\n"}}
[debug] [2026-07-01T11:23:48.685Z] E0701 16:53:48.685238    8669 watch.go:40] Failed to load config from "/Volumes/mycode/Documents/GitHub/Ainor-Universe/dataconnect": could not find dataconnect.yaml in `/Volumes/mycode/Documents/GitHub/Ainor-Universe/dataconnect`
 {"metadata":{"emulator":{"name":"dataconnect"},"message":"E0701 16:53:48.685238    8669 watch.go:40] Failed to load config from \"/Volumes/mycode/Documents/GitHub/Ainor-Universe/dataconnect\": could not find dataconnect.yaml in `/Volumes/mycode/Documents/GitHub/Ainor-Universe/dataconnect`\n"}}
[debug] [2026-07-01T11:23:58.686Z] E0701 16:53:58.686013    8669 watch.go:40] Failed to load config from "/Volumes/mycode/Documents/GitHub/Ainor-Universe/dataconnect": could not find dataconnect.yaml in `/Volumes/mycode/Documents/GitHub/Ainor-Universe/dataconnect`
 {"metadata":{"emulator":{"name":"dataconnect"},"message":"E0701 16:53:58.686013    8669 watch.go:40] Failed to load config from \"/Volumes/mycode/Documents/GitHub/Ainor-Universe/dataconnect\": could not find dataconnect.yaml in `/Volumes/mycode/Documents/GitHub/Ainor-Universe/dataconnect`\n"}}
[debug] [2026-07-01T11:24:08.685Z] E0701 16:54:08.685514    8669 watch.go:40] Failed to load config from "/Volumes/mycode/Documents/GitHub/Ainor-Universe/dataconnect": could not find dataconnect.yaml in `/Volumes/mycode/Documents/GitHub/Ainor-Universe/dataconnect`
E0701 16:54:08.685439    8669 watch.go:116] watchAllDir unable to walk dir `/Volumes/mycode/Documents/GitHub/Ainor-Universe/dataconnect`: lstat /Volumes/mycode/Documents/GitHub/Ainor-Universe/dataconnect: no such file or directory
 {"metadata":{"emulator":{"name":"dataconnect"},"message":"E0701 16:54:08.685514    8669 watch.go:40] Failed to load config from \"/Volumes/mycode/Documents/GitHub/Ainor-Universe/dataconnect\": could not find dataconnect.yaml in `/Volumes/mycode/Documents/GitHub/Ainor-Universe/dataconnect`\nE0701 16:54:08.685439    8669 watch.go:116] watchAllDir unable to walk dir `/Volumes/mycode/Documents/GitHub/Ainor-Universe/dataconnect`: lstat /Volumes/mycode/Documents/GitHub/Ainor-Universe/dataconnect: no such file or directory\n"}}
[debug] [2026-07-01T11:24:18.686Z] E0701 16:54:18.686175    8669 watch.go:40] Failed to load config from "/Volumes/mycode/Documents/GitHub/Ainor-Universe/dataconnect": could not find dataconnect.yaml in `/Volumes/mycode/Documents/GitHub/Ainor-Universe/dataconnect`
 {"metadata":{"emulator":{"name":"dataconnect"},"message":"E0701 16:54:18.686175    8669 watch.go:40] Failed to load config from \"/Volumes/mycode/Documents/GitHub/Ainor-Universe/dataconnect\": could not find dataconnect.yaml in `/Volumes/mycode/Documents/GitHub/Ainor-Universe/dataconnect`\n"}}
[debug] [2026-07-01T11:24:28.686Z] E0701 16:54:28.686196    8669 watch.go:40] Failed to load config from "/Volumes/mycode/Documents/GitHub/Ainor-Universe/dataconnect": could not find dataconnect.yaml in `/Volumes/mycode/Documents/GitHub/Ainor-Universe/dataconnect`
 {"metadata":{"emulator":{"name":"dataconnect"},"message":"E0701 16:54:28.686196    8669 watch.go:40] Failed to load config from \"/Volumes/mycode/Documents/GitHub/Ainor-Universe/dataconnect\": could not find dataconnect.yaml in `/Volumes/mycode/Documents/GitHub/Ainor-Universe/dataconnect`\n"}}
[debug] [2026-07-01T11:24:38.686Z] E0701 16:54:38.685844    8669 watch.go:40] Failed to load config from "/Volumes/mycode/Documents/GitHub/Ainor-Universe/dataconnect": could not find dataconnect.yaml in `/Volumes/mycode/Documents/GitHub/Ainor-Universe/dataconnect`
 {"metadata":{"emulator":{"name":"dataconnect"},"message":"E0701 16:54:38.685844    8669 watch.go:40] Failed to load config from \"/Volumes/mycode/Documents/GitHub/Ainor-Universe/dataconnect\": could not find dataconnect.yaml in `/Volumes/mycode/Documents/GitHub/Ainor-Universe/dataconnect`\n"}}
[debug] [2026-07-01T11:24:48.686Z] E0701 16:54:48.686277    8669 watch.go:40] Failed to load config from "/Volumes/mycode/Documents/GitHub/Ainor-Universe/dataconnect": could not find dataconnect.yaml in `/Volumes/mycode/Documents/GitHub/Ainor-Universe/dataconnect`
 {"metadata":{"emulator":{"name":"dataconnect"},"message":"E0701 16:54:48.686277    8669 watch.go:40] Failed to load config from \"/Volumes/mycode/Documents/GitHub/Ainor-Universe/dataconnect\": could not find dataconnect.yaml in `/Volumes/mycode/Documents/GitHub/Ainor-Universe/dataconnect`\n"}}
[debug] [2026-07-01T11:24:58.686Z] E0701 16:54:58.686352    8669 watch.go:40] Failed to load config from "/Volumes/mycode/Documents/GitHub/Ainor-Universe/dataconnect": could not find dataconnect.yaml in `/Volumes/mycode/Documents/GitHub/Ainor-Universe/dataconnect`
 {"metadata":{"emulator":{"name":"dataconnect"},"message":"E0701 16:54:58.686352    8669 watch.go:40] Failed to load config from \"/Volumes/mycode/Documents/GitHub/Ainor-Universe/dataconnect\": could not find dataconnect.yaml in `/Volumes/mycode/Documents/GitHub/Ainor-Universe/dataconnect`\n"}}
[debug] [2026-07-01T11:25:08.686Z] E0701 16:55:08.685967    8669 watch.go:40] Failed to load config from "/Volumes/mycode/Documents/GitHub/Ainor-Universe/dataconnect": could not find dataconnect.yaml in `/Volumes/mycode/Documents/GitHub/Ainor-Universe/dataconnect`
E0701 16:55:08.685959    8669 watch.go:116] watchAllDir unable to walk dir `/Volumes/mycode/Documents/GitHub/Ainor-Universe/dataconnect`: lstat /Volumes/mycode/Documents/GitHub/Ainor-Universe/dataconnect: no such file or directory
 {"metadata":{"emulator":{"name":"dataconnect"},"message":"E0701 16:55:08.685967    8669 watch.go:40] Failed to load config from \"/Volumes/mycode/Documents/GitHub/Ainor-Universe/dataconnect\": could not find dataconnect.yaml in `/Volumes/mycode/Documents/GitHub/Ainor-Universe/dataconnect`\nE0701 16:55:08.685959    8669 watch.go:116] watchAllDir unable to walk dir `/Volumes/mycode/Documents/GitHub/Ainor-Universe/dataconnect`: lstat /Volumes/mycode/Documents/GitHub/Ainor-Universe/dataconnect: no such file or directory\n"}}
[debug] [2026-07-01T11:25:18.686Z] E0701 16:55:18.686462    8669 watch.go:40] Failed to load config from "/Volumes/mycode/Documents/GitHub/Ainor-Universe/dataconnect": could not find dataconnect.yaml in `/Volumes/mycode/Documents/GitHub/Ainor-Universe/dataconnect`
 {"metadata":{"emulator":{"name":"dataconnect"},"message":"E0701 16:55:18.686462    8669 watch.go:40] Failed to load config from \"/Volumes/mycode/Documents/GitHub/Ainor-Universe/dataconnect\": could not find dataconnect.yaml in `/Volumes/mycode/Documents/GitHub/Ainor-Universe/dataconnect`\n"}}
[debug] [2026-07-01T11:25:28.687Z] E0701 16:55:28.686948    8669 watch.go:40] Failed to load config from "/Volumes/mycode/Documents/GitHub/Ainor-Universe/dataconnect": could not find dataconnect.yaml in `/Volumes/mycode/Documents/GitHub/Ainor-Universe/dataconnect`
 {"metadata":{"emulator":{"name":"dataconnect"},"message":"E0701 16:55:28.686948    8669 watch.go:40] Failed to load config from \"/Volumes/mycode/Documents/GitHub/Ainor-Universe/dataconnect\": could not find dataconnect.yaml in `/Volumes/mycode/Documents/GitHub/Ainor-Universe/dataconnect`\n"}}
[debug] [2026-07-01T11:25:38.686Z] E0701 16:55:38.686093    8669 watch.go:40] Failed to load config from "/Volumes/mycode/Documents/GitHub/Ainor-Universe/dataconnect": could not find dataconnect.yaml in `/Volumes/mycode/Documents/GitHub/Ainor-Universe/dataconnect`
 {"metadata":{"emulator":{"name":"dataconnect"},"message":"E0701 16:55:38.686093    8669 watch.go:40] Failed to load config from \"/Volumes/mycode/Documents/GitHub/Ainor-Universe/dataconnect\": could not find dataconnect.yaml in `/Volumes/mycode/Documents/GitHub/Ainor-Universe/dataconnect`\n"}}
[debug] [2026-07-01T11:25:48.671Z] E0701 16:55:48.670722    8669 watch.go:40] Failed to load config from "/Volumes/mycode/Documents/GitHub/Ainor-Universe/dataconnect": could not find dataconnect.yaml in `/Volumes/mycode/Documents/GitHub/Ainor-Universe/dataconnect`
 {"metadata":{"emulator":{"name":"dataconnect"},"message":"E0701 16:55:48.670722    8669 watch.go:40] Failed to load config from \"/Volumes/mycode/Documents/GitHub/Ainor-Universe/dataconnect\": could not find dataconnect.yaml in `/Volumes/mycode/Documents/GitHub/Ainor-Universe/dataconnect`\n"}}
[debug] [2026-07-01T11:25:58.662Z] E0701 16:55:58.662089    8669 watch.go:40] Failed to load config from "/Volumes/mycode/Documents/GitHub/Ainor-Universe/dataconnect": could not find dataconnect.yaml in `/Volumes/mycode/Documents/GitHub/Ainor-Universe/dataconnect`
 {"metadata":{"emulator":{"name":"dataconnect"},"message":"E0701 16:55:58.662089    8669 watch.go:40] Failed to load config from \"/Volumes/mycode/Documents/GitHub/Ainor-Universe/dataconnect\": could not find dataconnect.yaml in `/Volumes/mycode/Documents/GitHub/Ainor-Universe/dataconnect`\n"}}
[debug] [2026-07-01T11:26:08.657Z] E0701 16:56:08.656908    8669 watch.go:40] Failed to load config from "/Volumes/mycode/Documents/GitHub/Ainor-Universe/dataconnect": could not find dataconnect.yaml in `/Volumes/mycode/Documents/GitHub/Ainor-Universe/dataconnect`
E0701 16:56:08.656862    8669 watch.go:116] watchAllDir unable to walk dir `/Volumes/mycode/Documents/GitHub/Ainor-Universe/dataconnect`: lstat /Volumes/mycode/Documents/GitHub/Ainor-Universe/dataconnect: no such file or directory
 {"metadata":{"emulator":{"name":"dataconnect"},"message":"E0701 16:56:08.656908    8669 watch.go:40] Failed to load config from \"/Volumes/mycode/Documents/GitHub/Ainor-Universe/dataconnect\": could not find dataconnect.yaml in `/Volumes/mycode/Documents/GitHub/Ainor-Universe/dataconnect`\nE0701 16:56:08.656862    8669 watch.go:116] watchAllDir unable to walk dir `/Volumes/mycode/Documents/GitHub/Ainor-Universe/dataconnect`: lstat /Volumes/mycode/Documents/GitHub/Ainor-Universe/dataconnect: no such file or directory\n"}}
[debug] [2026-07-01T11:26:18.655Z] E0701 16:56:18.655180    8669 watch.go:40] Failed to load config from "/Volumes/mycode/Documents/GitHub/Ainor-Universe/dataconnect": could not find dataconnect.yaml in `/Volumes/mycode/Documents/GitHub/Ainor-Universe/dataconnect`
 {"metadata":{"emulator":{"name":"dataconnect"},"message":"E0701 16:56:18.655180    8669 watch.go:40] Failed to load config from \"/Volumes/mycode/Documents/GitHub/Ainor-Universe/dataconnect\": could not find dataconnect.yaml in `/Volumes/mycode/Documents/GitHub/Ainor-Universe/dataconnect`\n"}}
[debug] [2026-07-01T11:26:28.654Z] E0701 16:56:28.653197    8669 watch.go:40] Failed to load config from "/Volumes/mycode/Documents/GitHub/Ainor-Universe/dataconnect": could not find dataconnect.yaml in `/Volumes/mycode/Documents/GitHub/Ainor-Universe/dataconnect`
 {"metadata":{"emulator":{"name":"dataconnect"},"message":"E0701 16:56:28.653197    8669 watch.go:40] Failed to load config from \"/Volumes/mycode/Documents/GitHub/Ainor-Universe/dataconnect\": could not find dataconnect.yaml in `/Volumes/mycode/Documents/GitHub/Ainor-Universe/dataconnect`\n"}}
[debug] [2026-07-01T11:26:38.652Z] E0701 16:56:38.652627    8669 watch.go:40] Failed to load config from "/Volumes/mycode/Documents/GitHub/Ainor-Universe/dataconnect": could not find dataconnect.yaml in `/Volumes/mycode/Documents/GitHub/Ainor-Universe/dataconnect`
 {"metadata":{"emulator":{"name":"dataconnect"},"message":"E0701 16:56:38.652627    8669 watch.go:40] Failed to load config from \"/Volumes/mycode/Documents/GitHub/Ainor-Universe/dataconnect\": could not find dataconnect.yaml in `/Volumes/mycode/Documents/GitHub/Ainor-Universe/dataconnect`\n"}}
[debug] [2026-07-01T11:26:48.653Z] E0701 16:56:48.652939    8669 watch.go:40] Failed to load config from "/Volumes/mycode/Documents/GitHub/Ainor-Universe/dataconnect": could not find dataconnect.yaml in `/Volumes/mycode/Documents/GitHub/Ainor-Universe/dataconnect`
 {"metadata":{"emulator":{"name":"dataconnect"},"message":"E0701 16:56:48.652939    8669 watch.go:40] Failed to load config from \"/Volumes/mycode/Documents/GitHub/Ainor-Universe/dataconnect\": could not find dataconnect.yaml in `/Volumes/mycode/Documents/GitHub/Ainor-Universe/dataconnect`\n"}}
[debug] [2026-07-01T11:26:58.653Z] E0701 16:56:58.652669    8669 watch.go:40] Failed to load config from "/Volumes/mycode/Documents/GitHub/Ainor-Universe/dataconnect": could not find dataconnect.yaml in `/Volumes/mycode/Documents/GitHub/Ainor-Universe/dataconnect`
 {"metadata":{"emulator":{"name":"dataconnect"},"message":"E0701 16:56:58.652669    8669 watch.go:40] Failed to load config from \"/Volumes/mycode/Documents/GitHub/Ainor-Universe/dataconnect\": could not find dataconnect.yaml in `/Volumes/mycode/Documents/GitHub/Ainor-Universe/dataconnect`\n"}}
[debug] [2026-07-01T11:27:08.652Z] E0701 16:57:08.652055    8669 watch.go:40] Failed to load config from "/Volumes/mycode/Documents/GitHub/Ainor-Universe/dataconnect": could not find dataconnect.yaml in `/Volumes/mycode/Documents/GitHub/Ainor-Universe/dataconnect`
 {"metadata":{"emulator":{"name":"dataconnect"},"message":"E0701 16:57:08.652055    8669 watch.go:40] Failed to load config from \"/Volumes/mycode/Documents/GitHub/Ainor-Universe/dataconnect\": could not find dataconnect.yaml in `/Volumes/mycode/Documents/GitHub/Ainor-Universe/dataconnect`\n"}}
[debug] [2026-07-01T11:27:08.653Z] E0701 16:57:08.652063    8669 watch.go:116] watchAllDir unable to walk dir `/Volumes/mycode/Documents/GitHub/Ainor-Universe/dataconnect`: lstat /Volumes/mycode/Documents/GitHub/Ainor-Universe/dataconnect: no such file or directory
 {"metadata":{"emulator":{"name":"dataconnect"},"message":"E0701 16:57:08.652063    8669 watch.go:116] watchAllDir unable to walk dir `/Volumes/mycode/Documents/GitHub/Ainor-Universe/dataconnect`: lstat /Volumes/mycode/Documents/GitHub/Ainor-Universe/dataconnect: no such file or directory\n"}}
[debug] [2026-07-01T11:27:18.652Z] E0701 16:57:18.652344    8669 watch.go:40] Failed to load config from "/Volumes/mycode/Documents/GitHub/Ainor-Universe/dataconnect": could not find dataconnect.yaml in `/Volumes/mycode/Documents/GitHub/Ainor-Universe/dataconnect`
 {"metadata":{"emulator":{"name":"dataconnect"},"message":"E0701 16:57:18.652344    8669 watch.go:40] Failed to load config from \"/Volumes/mycode/Documents/GitHub/Ainor-Universe/dataconnect\": could not find dataconnect.yaml in `/Volumes/mycode/Documents/GitHub/Ainor-Universe/dataconnect`\n"}}
[debug] [2026-07-01T11:27:28.652Z] E0701 16:57:28.652436    8669 watch.go:40] Failed to load config from "/Volumes/mycode/Documents/GitHub/Ainor-Universe/dataconnect": could not find dataconnect.yaml in `/Volumes/mycode/Documents/GitHub/Ainor-Universe/dataconnect`
 {"metadata":{"emulator":{"name":"dataconnect"},"message":"E0701 16:57:28.652436    8669 watch.go:40] Failed to load config from \"/Volumes/mycode/Documents/GitHub/Ainor-Universe/dataconnect\": could not find dataconnect.yaml in `/Volumes/mycode/Documents/GitHub/Ainor-Universe/dataconnect`\n"}}
[debug] [2026-07-01T11:27:38.652Z] E0701 16:57:38.651727    8669 watch.go:40] Failed to load config from "/Volumes/mycode/Documents/GitHub/Ainor-Universe/dataconnect": could not find dataconnect.yaml in `/Volumes/mycode/Documents/GitHub/Ainor-Universe/dataconnect`
 {"metadata":{"emulator":{"name":"dataconnect"},"message":"E0701 16:57:38.651727    8669 watch.go:40] Failed to load config from \"/Volumes/mycode/Documents/GitHub/Ainor-Universe/dataconnect\": could not find dataconnect.yaml in `/Volumes/mycode/Documents/GitHub/Ainor-Universe/dataconnect`\n"}}
[debug] [2026-07-01T11:27:48.651Z] E0701 16:57:48.651615    8669 watch.go:40] Failed to load config from "/Volumes/mycode/Documents/GitHub/Ainor-Universe/dataconnect": could not find dataconnect.yaml in `/Volumes/mycode/Documents/GitHub/Ainor-Universe/dataconnect`
 {"metadata":{"emulator":{"name":"dataconnect"},"message":"E0701 16:57:48.651615    8669 watch.go:40] Failed to load config from \"/Volumes/mycode/Documents/GitHub/Ainor-Universe/dataconnect\": could not find dataconnect.yaml in `/Volumes/mycode/Documents/GitHub/Ainor-Universe/dataconnect`\n"}}
[debug] [2026-07-01T11:27:58.652Z] E0701 16:57:58.652347    8669 watch.go:40] Failed to load config from "/Volumes/mycode/Documents/GitHub/Ainor-Universe/dataconnect": could not find dataconnect.yaml in `/Volumes/mycode/Documents/GitHub/Ainor-Universe/dataconnect`
 {"metadata":{"emulator":{"name":"dataconnect"},"message":"E0701 16:57:58.652347    8669 watch.go:40] Failed to load config from \"/Volumes/mycode/Documents/GitHub/Ainor-Universe/dataconnect\": could not find dataconnect.yaml in `/Volumes/mycode/Documents/GitHub/Ainor-Universe/dataconnect`\n"}}
[debug] [2026-07-01T11:28:08.652Z] E0701 16:58:08.651950    8669 watch.go:40] Failed to load config from "/Volumes/mycode/Documents/GitHub/Ainor-Universe/dataconnect": could not find dataconnect.yaml in `/Volumes/mycode/Documents/GitHub/Ainor-Universe/dataconnect`
E0701 16:58:08.651910    8669 watch.go:116] watchAllDir unable to walk dir `/Volumes/mycode/Documents/GitHub/Ainor-Universe/dataconnect`: lstat /Volumes/mycode/Documents/GitHub/Ainor-Universe/dataconnect: no such file or directory
 {"metadata":{"emulator":{"name":"dataconnect"},"message":"E0701 16:58:08.651950    8669 watch.go:40] Failed to load config from \"/Volumes/mycode/Documents/GitHub/Ainor-Universe/dataconnect\": could not find dataconnect.yaml in `/Volumes/mycode/Documents/GitHub/Ainor-Universe/dataconnect`\nE0701 16:58:08.651910    8669 watch.go:116] watchAllDir unable to walk dir `/Volumes/mycode/Documents/GitHub/Ainor-Universe/dataconnect`: lstat /Volumes/mycode/Documents/GitHub/Ainor-Universe/dataconnect: no such file or directory\n"}}
[debug] [2026-07-01T11:28:18.652Z] E0701 16:58:18.652317    8669 watch.go:40] Failed to load config from "/Volumes/mycode/Documents/GitHub/Ainor-Universe/dataconnect": could not find dataconnect.yaml in `/Volumes/mycode/Documents/GitHub/Ainor-Universe/dataconnect`
 {"metadata":{"emulator":{"name":"dataconnect"},"message":"E0701 16:58:18.652317    8669 watch.go:40] Failed to load config from \"/Volumes/mycode/Documents/GitHub/Ainor-Universe/dataconnect\": could not find dataconnect.yaml in `/Volumes/mycode/Documents/GitHub/Ainor-Universe/dataconnect`\n"}}
[debug] [2026-07-01T11:28:28.652Z] E0701 16:58:28.652280    8669 watch.go:40] Failed to load config from "/Volumes/mycode/Documents/GitHub/Ainor-Universe/dataconnect": could not find dataconnect.yaml in `/Volumes/mycode/Documents/GitHub/Ainor-Universe/dataconnect`
 {"metadata":{"emulator":{"name":"dataconnect"},"message":"E0701 16:58:28.652280    8669 watch.go:40] Failed to load config from \"/Volumes/mycode/Documents/GitHub/Ainor-Universe/dataconnect\": could not find dataconnect.yaml in `/Volumes/mycode/Documents/GitHub/Ainor-Universe/dataconnect`\n"}}
[debug] [2026-07-01T11:28:38.652Z] E0701 16:58:38.651927    8669 watch.go:40] Failed to load config from "/Volumes/mycode/Documents/GitHub/Ainor-Universe/dataconnect": could not find dataconnect.yaml in `/Volumes/mycode/Documents/GitHub/Ainor-Universe/dataconnect`
 {"metadata":{"emulator":{"name":"dataconnect"},"message":"E0701 16:58:38.651927    8669 watch.go:40] Failed to load config from \"/Volumes/mycode/Documents/GitHub/Ainor-Universe/dataconnect\": could not find dataconnect.yaml in `/Volumes/mycode/Documents/GitHub/Ainor-Universe/dataconnect`\n"}}
[debug] [2026-07-01T11:28:48.652Z] E0701 16:58:48.652177    8669 watch.go:40] Failed to load config from "/Volumes/mycode/Documents/GitHub/Ainor-Universe/dataconnect": could not find dataconnect.yaml in `/Volumes/mycode/Documents/GitHub/Ainor-Universe/dataconnect`
 {"metadata":{"emulator":{"name":"dataconnect"},"message":"E0701 16:58:48.652177    8669 watch.go:40] Failed to load config from \"/Volumes/mycode/Documents/GitHub/Ainor-Universe/dataconnect\": could not find dataconnect.yaml in `/Volumes/mycode/Documents/GitHub/Ainor-Universe/dataconnect`\n"}}
[debug] [2026-07-01T11:28:58.652Z] E0701 16:58:58.652253    8669 watch.go:40] Failed to load config from "/Volumes/mycode/Documents/GitHub/Ainor-Universe/dataconnect": could not find dataconnect.yaml in `/Volumes/mycode/Documents/GitHub/Ainor-Universe/dataconnect`
 {"metadata":{"emulator":{"name":"dataconnect"},"message":"E0701 16:58:58.652253    8669 watch.go:40] Failed to load config from \"/Volumes/mycode/Documents/GitHub/Ainor-Universe/dataconnect\": could not find dataconnect.yaml in `/Volumes/mycode/Documents/GitHub/Ainor-Universe/dataconnect`\n"}}
[debug] [2026-07-01T11:29:08.651Z] E0701 16:59:08.651551    8669 watch.go:116] watchAllDir unable to walk dir `/Volumes/mycode/Documents/GitHub/Ainor-Universe/dataconnect`: lstat /Volumes/mycode/Documents/GitHub/Ainor-Universe/dataconnect: no such file or directory
E0701 16:59:08.651609    8669 watch.go:40] Failed to load config from "/Volumes/mycode/Documents/GitHub/Ainor-Universe/dataconnect": could not find dataconnect.yaml in `/Volumes/mycode/Documents/GitHub/Ainor-Universe/dataconnect`
 {"metadata":{"emulator":{"name":"dataconnect"},"message":"E0701 16:59:08.651551    8669 watch.go:116] watchAllDir unable to walk dir `/Volumes/mycode/Documents/GitHub/Ainor-Universe/dataconnect`: lstat /Volumes/mycode/Documents/GitHub/Ainor-Universe/dataconnect: no such file or directory\nE0701 16:59:08.651609    8669 watch.go:40] Failed to load config from \"/Volumes/mycode/Documents/GitHub/Ainor-Universe/dataconnect\": could not find dataconnect.yaml in `/Volumes/mycode/Documents/GitHub/Ainor-Universe/dataconnect`\n"}}
[debug] [2026-07-01T11:29:18.652Z] E0701 16:59:18.652198    8669 watch.go:40] Failed to load config from "/Volumes/mycode/Documents/GitHub/Ainor-Universe/dataconnect": could not find dataconnect.yaml in `/Volumes/mycode/Documents/GitHub/Ainor-Universe/dataconnect`
 {"metadata":{"emulator":{"name":"dataconnect"},"message":"E0701 16:59:18.652198    8669 watch.go:40] Failed to load config from \"/Volumes/mycode/Documents/GitHub/Ainor-Universe/dataconnect\": could not find dataconnect.yaml in `/Volumes/mycode/Documents/GitHub/Ainor-Universe/dataconnect`\n"}}
[debug] [2026-07-01T11:29:28.652Z] E0701 16:59:28.652167    8669 watch.go:40] Failed to load config from "/Volumes/mycode/Documents/GitHub/Ainor-Universe/dataconnect": could not find dataconnect.yaml in `/Volumes/mycode/Documents/GitHub/Ainor-Universe/dataconnect`
 {"metadata":{"emulator":{"name":"dataconnect"},"message":"E0701 16:59:28.652167    8669 watch.go:40] Failed to load config from \"/Volumes/mycode/Documents/GitHub/Ainor-Universe/dataconnect\": could not find dataconnect.yaml in `/Volumes/mycode/Documents/GitHub/Ainor-Universe/dataconnect`\n"}}
[debug] [2026-07-01T11:29:38.651Z] E0701 16:59:38.651157    8669 watch.go:40] Failed to load config from "/Volumes/mycode/Documents/GitHub/Ainor-Universe/dataconnect": could not find dataconnect.yaml in `/Volumes/mycode/Documents/GitHub/Ainor-Universe/dataconnect`
 {"metadata":{"emulator":{"name":"dataconnect"},"message":"E0701 16:59:38.651157    8669 watch.go:40] Failed to load config from \"/Volumes/mycode/Documents/GitHub/Ainor-Universe/dataconnect\": could not find dataconnect.yaml in `/Volumes/mycode/Documents/GitHub/Ainor-Universe/dataconnect`\n"}}
[debug] [2026-07-01T11:29:48.651Z] E0701 16:59:48.651259    8669 watch.go:40] Failed to load config from "/Volumes/mycode/Documents/GitHub/Ainor-Universe/dataconnect": could not find dataconnect.yaml in `/Volumes/mycode/Documents/GitHub/Ainor-Universe/dataconnect`
 {"metadata":{"emulator":{"name":"dataconnect"},"message":"E0701 16:59:48.651259    8669 watch.go:40] Failed to load config from \"/Volumes/mycode/Documents/GitHub/Ainor-Universe/dataconnect\": could not find dataconnect.yaml in `/Volumes/mycode/Documents/GitHub/Ainor-Universe/dataconnect`\n"}}
[debug] [2026-07-01T11:29:58.652Z] E0701 16:59:58.652220    8669 watch.go:40] Failed to load config from "/Volumes/mycode/Documents/GitHub/Ainor-Universe/dataconnect": could not find dataconnect.yaml in `/Volumes/mycode/Documents/GitHub/Ainor-Universe/dataconnect`
 {"metadata":{"emulator":{"name":"dataconnect"},"message":"E0701 16:59:58.652220    8669 watch.go:40] Failed to load config from \"/Volumes/mycode/Documents/GitHub/Ainor-Universe/dataconnect\": could not find dataconnect.yaml in `/Volumes/mycode/Documents/GitHub/Ainor-Universe/dataconnect`\n"}}
[debug] [2026-07-01T11:30:08.651Z] E0701 17:00:08.651423    8669 watch.go:40] Failed to load config from "/Volumes/mycode/Documents/GitHub/Ainor-Universe/dataconnect": could not find dataconnect.yaml in `/Volumes/mycode/Documents/GitHub/Ainor-Universe/dataconnect`
E0701 17:00:08.651344    8669 watch.go:116] watchAllDir unable to walk dir `/Volumes/mycode/Documents/GitHub/Ainor-Universe/dataconnect`: lstat /Volumes/mycode/Documents/GitHub/Ainor-Universe/dataconnect: no such file or directory
 {"metadata":{"emulator":{"name":"dataconnect"},"message":"E0701 17:00:08.651423    8669 watch.go:40] Failed to load config from \"/Volumes/mycode/Documents/GitHub/Ainor-Universe/dataconnect\": could not find dataconnect.yaml in `/Volumes/mycode/Documents/GitHub/Ainor-Universe/dataconnect`\nE0701 17:00:08.651344    8669 watch.go:116] watchAllDir unable to walk dir `/Volumes/mycode/Documents/GitHub/Ainor-Universe/dataconnect`: lstat /Volumes/mycode/Documents/GitHub/Ainor-Universe/dataconnect: no such file or directory\n"}}
[debug] [2026-07-01T11:30:18.652Z] E0701 17:00:18.652075    8669 watch.go:40] Failed to load config from "/Volumes/mycode/Documents/GitHub/Ainor-Universe/dataconnect": could not find dataconnect.yaml in `/Volumes/mycode/Documents/GitHub/Ainor-Universe/dataconnect`
 {"metadata":{"emulator":{"name":"dataconnect"},"message":"E0701 17:00:18.652075    8669 watch.go:40] Failed to load config from \"/Volumes/mycode/Documents/GitHub/Ainor-Universe/dataconnect\": could not find dataconnect.yaml in `/Volumes/mycode/Documents/GitHub/Ainor-Universe/dataconnect`\n"}}
[debug] [2026-07-01T11:30:28.652Z] E0701 17:00:28.651955    8669 watch.go:40] Failed to load config from "/Volumes/mycode/Documents/GitHub/Ainor-Universe/dataconnect": could not find dataconnect.yaml in `/Volumes/mycode/Documents/GitHub/Ainor-Universe/dataconnect`
 {"metadata":{"emulator":{"name":"dataconnect"},"message":"E0701 17:00:28.651955    8669 watch.go:40] Failed to load config from \"/Volumes/mycode/Documents/GitHub/Ainor-Universe/dataconnect\": could not find dataconnect.yaml in `/Volumes/mycode/Documents/GitHub/Ainor-Universe/dataconnect`\n"}}
[debug] [2026-07-01T11:30:38.651Z] E0701 17:00:38.651629    8669 watch.go:40] Failed to load config from "/Volumes/mycode/Documents/GitHub/Ainor-Universe/dataconnect": could not find dataconnect.yaml in `/Volumes/mycode/Documents/GitHub/Ainor-Universe/dataconnect`
 {"metadata":{"emulator":{"name":"dataconnect"},"message":"E0701 17:00:38.651629    8669 watch.go:40] Failed to load config from \"/Volumes/mycode/Documents/GitHub/Ainor-Universe/dataconnect\": could not find dataconnect.yaml in `/Volumes/mycode/Documents/GitHub/Ainor-Universe/dataconnect`\n"}}
[debug] [2026-07-01T11:30:48.651Z] E0701 17:00:48.651252    8669 watch.go:40] Failed to load config from "/Volumes/mycode/Documents/GitHub/Ainor-Universe/dataconnect": could not find dataconnect.yaml in `/Volumes/mycode/Documents/GitHub/Ainor-Universe/dataconnect`
 {"metadata":{"emulator":{"name":"dataconnect"},"message":"E0701 17:00:48.651252    8669 watch.go:40] Failed to load config from \"/Volumes/mycode/Documents/GitHub/Ainor-Universe/dataconnect\": could not find dataconnect.yaml in `/Volumes/mycode/Documents/GitHub/Ainor-Universe/dataconnect`\n"}}
[debug] [2026-07-01T11:30:58.652Z] E0701 17:00:58.651966    8669 watch.go:40] Failed to load config from "/Volumes/mycode/Documents/GitHub/Ainor-Universe/dataconnect": could not find dataconnect.yaml in `/Volumes/mycode/Documents/GitHub/Ainor-Universe/dataconnect`
 {"metadata":{"emulator":{"name":"dataconnect"},"message":"E0701 17:00:58.651966    8669 watch.go:40] Failed to load config from \"/Volumes/mycode/Documents/GitHub/Ainor-Universe/dataconnect\": could not find dataconnect.yaml in `/Volumes/mycode/Documents/GitHub/Ainor-Universe/dataconnect`\n"}}
[debug] [2026-07-01T11:31:08.651Z] E0701 17:01:08.651387    8669 watch.go:40] Failed to load config from "/Volumes/mycode/Documents/GitHub/Ainor-Universe/dataconnect": could not find dataconnect.yaml in `/Volumes/mycode/Documents/GitHub/Ainor-Universe/dataconnect`
E0701 17:01:08.651351    8669 watch.go:116] watchAllDir unable to walk dir `/Volumes/mycode/Documents/GitHub/Ainor-Universe/dataconnect`: lstat /Volumes/mycode/Documents/GitHub/Ainor-Universe/dataconnect: no such file or directory
 {"metadata":{"emulator":{"name":"dataconnect"},"message":"E0701 17:01:08.651387    8669 watch.go:40] Failed to load config from \"/Volumes/mycode/Documents/GitHub/Ainor-Universe/dataconnect\": could not find dataconnect.yaml in `/Volumes/mycode/Documents/GitHub/Ainor-Universe/dataconnect`\nE0701 17:01:08.651351    8669 watch.go:116] watchAllDir unable to walk dir `/Volumes/mycode/Documents/GitHub/Ainor-Universe/dataconnect`: lstat /Volumes/mycode/Documents/GitHub/Ainor-Universe/dataconnect: no such file or directory\n"}}
[debug] [2026-07-01T11:31:18.652Z] E0701 17:01:18.651891    8669 watch.go:40] Failed to load config from "/Volumes/mycode/Documents/GitHub/Ainor-Universe/dataconnect": could not find dataconnect.yaml in `/Volumes/mycode/Documents/GitHub/Ainor-Universe/dataconnect`
 {"metadata":{"emulator":{"name":"dataconnect"},"message":"E0701 17:01:18.651891    8669 watch.go:40] Failed to load config from \"/Volumes/mycode/Documents/GitHub/Ainor-Universe/dataconnect\": could not find dataconnect.yaml in `/Volumes/mycode/Documents/GitHub/Ainor-Universe/dataconnect`\n"}}
[debug] [2026-07-01T11:31:28.652Z] E0701 17:01:28.651964    8669 watch.go:40] Failed to load config from "/Volumes/mycode/Documents/GitHub/Ainor-Universe/dataconnect": could not find dataconnect.yaml in `/Volumes/mycode/Documents/GitHub/Ainor-Universe/dataconnect`
 {"metadata":{"emulator":{"name":"dataconnect"},"message":"E0701 17:01:28.651964    8669 watch.go:40] Failed to load config from \"/Volumes/mycode/Documents/GitHub/Ainor-Universe/dataconnect\": could not find dataconnect.yaml in `/Volumes/mycode/Documents/GitHub/Ainor-Universe/dataconnect`\n"}}
[debug] [2026-07-01T11:31:38.651Z] E0701 17:01:38.651294    8669 watch.go:40] Failed to load config from "/Volumes/mycode/Documents/GitHub/Ainor-Universe/dataconnect": could not find dataconnect.yaml in `/Volumes/mycode/Documents/GitHub/Ainor-Universe/dataconnect`
 {"metadata":{"emulator":{"name":"dataconnect"},"message":"E0701 17:01:38.651294    8669 watch.go:40] Failed to load config from \"/Volumes/mycode/Documents/GitHub/Ainor-Universe/dataconnect\": could not find dataconnect.yaml in `/Volumes/mycode/Documents/GitHub/Ainor-Universe/dataconnect`\n"}}
[debug] [2026-07-01T11:31:48.651Z] E0701 17:01:48.650903    8669 watch.go:40] Failed to load config from "/Volumes/mycode/Documents/GitHub/Ainor-Universe/dataconnect": could not find dataconnect.yaml in `/Volumes/mycode/Documents/GitHub/Ainor-Universe/dataconnect`
 {"metadata":{"emulator":{"name":"dataconnect"},"message":"E0701 17:01:48.650903    8669 watch.go:40] Failed to load config from \"/Volumes/mycode/Documents/GitHub/Ainor-Universe/dataconnect\": could not find dataconnect.yaml in `/Volumes/mycode/Documents/GitHub/Ainor-Universe/dataconnect`\n"}}
[debug] [2026-07-01T11:31:58.652Z] E0701 17:01:58.651929    8669 watch.go:40] Failed to load config from "/Volumes/mycode/Documents/GitHub/Ainor-Universe/dataconnect": could not find dataconnect.yaml in `/Volumes/mycode/Documents/GitHub/Ainor-Universe/dataconnect`
 {"metadata":{"emulator":{"name":"dataconnect"},"message":"E0701 17:01:58.651929    8669 watch.go:40] Failed to load config from \"/Volumes/mycode/Documents/GitHub/Ainor-Universe/dataconnect\": could not find dataconnect.yaml in `/Volumes/mycode/Documents/GitHub/Ainor-Universe/dataconnect`\n"}}
[debug] [2026-07-01T11:32:08.651Z] E0701 17:02:08.651517    8669 watch.go:116] watchAllDir unable to walk dir `/Volumes/mycode/Documents/GitHub/Ainor-Universe/dataconnect`: lstat /Volumes/mycode/Documents/GitHub/Ainor-Universe/dataconnect: no such file or directory
E0701 17:02:08.651610    8669 watch.go:40] Failed to load config from "/Volumes/mycode/Documents/GitHub/Ainor-Universe/dataconnect": could not find dataconnect.yaml in `/Volumes/mycode/Documents/GitHub/Ainor-Universe/dataconnect`
 {"metadata":{"emulator":{"name":"dataconnect"},"message":"E0701 17:02:08.651517    8669 watch.go:116] watchAllDir unable to walk dir `/Volumes/mycode/Documents/GitHub/Ainor-Universe/dataconnect`: lstat /Volumes/mycode/Documents/GitHub/Ainor-Universe/dataconnect: no such file or directory\nE0701 17:02:08.651610    8669 watch.go:40] Failed to load config from \"/Volumes/mycode/Documents/GitHub/Ainor-Universe/dataconnect\": could not find dataconnect.yaml in `/Volumes/mycode/Documents/GitHub/Ainor-Universe/dataconnect`\n"}}
[debug] [2026-07-01T11:32:18.652Z] E0701 17:02:18.651858    8669 watch.go:40] Failed to load config from "/Volumes/mycode/Documents/GitHub/Ainor-Universe/dataconnect": could not find dataconnect.yaml in `/Volumes/mycode/Documents/GitHub/Ainor-Universe/dataconnect`
 {"metadata":{"emulator":{"name":"dataconnect"},"message":"E0701 17:02:18.651858    8669 watch.go:40] Failed to load config from \"/Volumes/mycode/Documents/GitHub/Ainor-Universe/dataconnect\": could not find dataconnect.yaml in `/Volumes/mycode/Documents/GitHub/Ainor-Universe/dataconnect`\n"}}
[debug] [2026-07-01T11:32:28.653Z] E0701 17:02:28.652424    8669 watch.go:40] Failed to load config from "/Volumes/mycode/Documents/GitHub/Ainor-Universe/dataconnect": could not find dataconnect.yaml in `/Volumes/mycode/Documents/GitHub/Ainor-Universe/dataconnect`
 {"metadata":{"emulator":{"name":"dataconnect"},"message":"E0701 17:02:28.652424    8669 watch.go:40] Failed to load config from \"/Volumes/mycode/Documents/GitHub/Ainor-Universe/dataconnect\": could not find dataconnect.yaml in `/Volumes/mycode/Documents/GitHub/Ainor-Universe/dataconnect`\n"}}
[debug] [2026-07-01T11:32:38.652Z] E0701 17:02:38.651549    8669 watch.go:40] Failed to load config from "/Volumes/mycode/Documents/GitHub/Ainor-Universe/dataconnect": could not find dataconnect.yaml in `/Volumes/mycode/Documents/GitHub/Ainor-Universe/dataconnect`
 {"metadata":{"emulator":{"name":"dataconnect"},"message":"E0701 17:02:38.651549    8669 watch.go:40] Failed to load config from \"/Volumes/mycode/Documents/GitHub/Ainor-Universe/dataconnect\": could not find dataconnect.yaml in `/Volumes/mycode/Documents/GitHub/Ainor-Universe/dataconnect`\n"}}
[debug] [2026-07-01T11:32:48.654Z] E0701 17:02:48.652557    8669 watch.go:40] Failed to load config from "/Volumes/mycode/Documents/GitHub/Ainor-Universe/dataconnect": could not find dataconnect.yaml in `/Volumes/mycode/Documents/GitHub/Ainor-Universe/dataconnect`
 {"metadata":{"emulator":{"name":"dataconnect"},"message":"E0701 17:02:48.652557    8669 watch.go:40] Failed to load config from \"/Volumes/mycode/Documents/GitHub/Ainor-Universe/dataconnect\": could not find dataconnect.yaml in `/Volumes/mycode/Documents/GitHub/Ainor-Universe/dataconnect`\n"}}
[debug] [2026-07-01T11:32:58.652Z] E0701 17:02:58.651445    8669 watch.go:40] Failed to load config from "/Volumes/mycode/Documents/GitHub/Ainor-Universe/dataconnect": could not find dataconnect.yaml in `/Volumes/mycode/Documents/GitHub/Ainor-Universe/dataconnect`
 {"metadata":{"emulator":{"name":"dataconnect"},"message":"E0701 17:02:58.651445    8669 watch.go:40] Failed to load config from \"/Volumes/mycode/Documents/GitHub/Ainor-Universe/dataconnect\": could not find dataconnect.yaml in `/Volumes/mycode/Documents/GitHub/Ainor-Universe/dataconnect`\n"}}
[debug] [2026-07-01T11:33:08.651Z] E0701 17:03:08.651196    8669 watch.go:40] Failed to load config from "/Volumes/mycode/Documents/GitHub/Ainor-Universe/dataconnect": could not find dataconnect.yaml in `/Volumes/mycode/Documents/GitHub/Ainor-Universe/dataconnect`
E0701 17:03:08.651209    8669 watch.go:116] watchAllDir unable to walk dir `/Volumes/mycode/Documents/GitHub/Ainor-Universe/dataconnect`: lstat /Volumes/mycode/Documents/GitHub/Ainor-Universe/dataconnect: no such file or directory
 {"metadata":{"emulator":{"name":"dataconnect"},"message":"E0701 17:03:08.651196    8669 watch.go:40] Failed to load config from \"/Volumes/mycode/Documents/GitHub/Ainor-Universe/dataconnect\": could not find dataconnect.yaml in `/Volumes/mycode/Documents/GitHub/Ainor-Universe/dataconnect`\nE0701 17:03:08.651209    8669 watch.go:116] watchAllDir unable to walk dir `/Volumes/mycode/Documents/GitHub/Ainor-Universe/dataconnect`: lstat /Volumes/mycode/Documents/GitHub/Ainor-Universe/dataconnect: no such file or directory\n"}}
[debug] [2026-07-01T11:33:18.652Z] E0701 17:03:18.651782    8669 watch.go:40] Failed to load config from "/Volumes/mycode/Documents/GitHub/Ainor-Universe/dataconnect": could not find dataconnect.yaml in `/Volumes/mycode/Documents/GitHub/Ainor-Universe/dataconnect`
 {"metadata":{"emulator":{"name":"dataconnect"},"message":"E0701 17:03:18.651782    8669 watch.go:40] Failed to load config from \"/Volumes/mycode/Documents/GitHub/Ainor-Universe/dataconnect\": could not find dataconnect.yaml in `/Volumes/mycode/Documents/GitHub/Ainor-Universe/dataconnect`\n"}}
[debug] [2026-07-01T11:33:28.651Z] E0701 17:03:28.651264    8669 watch.go:40] Failed to load config from "/Volumes/mycode/Documents/GitHub/Ainor-Universe/dataconnect": could not find dataconnect.yaml in `/Volumes/mycode/Documents/GitHub/Ainor-Universe/dataconnect`
 {"metadata":{"emulator":{"name":"dataconnect"},"message":"E0701 17:03:28.651264    8669 watch.go:40] Failed to load config from \"/Volumes/mycode/Documents/GitHub/Ainor-Universe/dataconnect\": could not find dataconnect.yaml in `/Volumes/mycode/Documents/GitHub/Ainor-Universe/dataconnect`\n"}}
[debug] [2026-07-01T11:33:38.652Z] E0701 17:03:38.651543    8669 watch.go:40] Failed to load config from "/Volumes/mycode/Documents/GitHub/Ainor-Universe/dataconnect": could not find dataconnect.yaml in `/Volumes/mycode/Documents/GitHub/Ainor-Universe/dataconnect`
 {"metadata":{"emulator":{"name":"dataconnect"},"message":"E0701 17:03:38.651543    8669 watch.go:40] Failed to load config from \"/Volumes/mycode/Documents/GitHub/Ainor-Universe/dataconnect\": could not find dataconnect.yaml in `/Volumes/mycode/Documents/GitHub/Ainor-Universe/dataconnect`\n"}}
[debug] [2026-07-01T11:33:48.653Z] E0701 17:03:48.651717    8669 watch.go:40] Failed to load config from "/Volumes/mycode/Documents/GitHub/Ainor-Universe/dataconnect": could not find dataconnect.yaml in `/Volumes/mycode/Documents/GitHub/Ainor-Universe/dataconnect`
 {"metadata":{"emulator":{"name":"dataconnect"},"message":"E0701 17:03:48.651717    8669 watch.go:40] Failed to load config from \"/Volumes/mycode/Documents/GitHub/Ainor-Universe/dataconnect\": could not find dataconnect.yaml in `/Volumes/mycode/Documents/GitHub/Ainor-Universe/dataconnect`\n"}}
[debug] [2026-07-01T11:33:58.652Z] E0701 17:03:58.652114    8669 watch.go:40] Failed to load config from "/Volumes/mycode/Documents/GitHub/Ainor-Universe/dataconnect": could not find dataconnect.yaml in `/Volumes/mycode/Documents/GitHub/Ainor-Universe/dataconnect`
 {"metadata":{"emulator":{"name":"dataconnect"},"message":"E0701 17:03:58.652114    8669 watch.go:40] Failed to load config from \"/Volumes/mycode/Documents/GitHub/Ainor-Universe/dataconnect\": could not find dataconnect.yaml in `/Volumes/mycode/Documents/GitHub/Ainor-Universe/dataconnect`\n"}}
[debug] [2026-07-01T11:34:08.653Z] E0701 17:04:08.651283    8669 watch.go:116] watchAllDir unable to walk dir `/Volumes/mycode/Documents/GitHub/Ainor-Universe/dataconnect`: lstat /Volumes/mycode/Documents/GitHub/Ainor-Universe/dataconnect: no such file or directory
 {"metadata":{"emulator":{"name":"dataconnect"},"message":"E0701 17:04:08.651283    8669 watch.go:116] watchAllDir unable to walk dir `/Volumes/mycode/Documents/GitHub/Ainor-Universe/dataconnect`: lstat /Volumes/mycode/Documents/GitHub/Ainor-Universe/dataconnect: no such file or directory\n"}}
[debug] [2026-07-01T11:34:08.655Z] E0701 17:04:08.651352    8669 watch.go:40] Failed to load config from "/Volumes/mycode/Documents/GitHub/Ainor-Universe/dataconnect": could not find dataconnect.yaml in `/Volumes/mycode/Documents/GitHub/Ainor-Universe/dataconnect`
 {"metadata":{"emulator":{"name":"dataconnect"},"message":"E0701 17:04:08.651352    8669 watch.go:40] Failed to load config from \"/Volumes/mycode/Documents/GitHub/Ainor-Universe/dataconnect\": could not find dataconnect.yaml in `/Volumes/mycode/Documents/GitHub/Ainor-Universe/dataconnect`\n"}}
[debug] [2026-07-01T11:34:18.651Z] E0701 17:04:18.651523    8669 watch.go:40] Failed to load config from "/Volumes/mycode/Documents/GitHub/Ainor-Universe/dataconnect": could not find dataconnect.yaml in `/Volumes/mycode/Documents/GitHub/Ainor-Universe/dataconnect`
 {"metadata":{"emulator":{"name":"dataconnect"},"message":"E0701 17:04:18.651523    8669 watch.go:40] Failed to load config from \"/Volumes/mycode/Documents/GitHub/Ainor-Universe/dataconnect\": could not find dataconnect.yaml in `/Volumes/mycode/Documents/GitHub/Ainor-Universe/dataconnect`\n"}}
[debug] [2026-07-01T11:34:28.651Z] E0701 17:04:28.651600    8669 watch.go:40] Failed to load config from "/Volumes/mycode/Documents/GitHub/Ainor-Universe/dataconnect": could not find dataconnect.yaml in `/Volumes/mycode/Documents/GitHub/Ainor-Universe/dataconnect`
 {"metadata":{"emulator":{"name":"dataconnect"},"message":"E0701 17:04:28.651600    8669 watch.go:40] Failed to load config from \"/Volumes/mycode/Documents/GitHub/Ainor-Universe/dataconnect\": could not find dataconnect.yaml in `/Volumes/mycode/Documents/GitHub/Ainor-Universe/dataconnect`\n"}}
[debug] [2026-07-01T11:34:38.653Z] E0701 17:04:38.651582    8669 watch.go:40] Failed to load config from "/Volumes/mycode/Documents/GitHub/Ainor-Universe/dataconnect": could not find dataconnect.yaml in `/Volumes/mycode/Documents/GitHub/Ainor-Universe/dataconnect`
 {"metadata":{"emulator":{"name":"dataconnect"},"message":"E0701 17:04:38.651582    8669 watch.go:40] Failed to load config from \"/Volumes/mycode/Documents/GitHub/Ainor-Universe/dataconnect\": could not find dataconnect.yaml in `/Volumes/mycode/Documents/GitHub/Ainor-Universe/dataconnect`\n"}}
[debug] [2026-07-01T11:34:48.651Z] E0701 17:04:48.651460    8669 watch.go:40] Failed to load config from "/Volumes/mycode/Documents/GitHub/Ainor-Universe/dataconnect": could not find dataconnect.yaml in `/Volumes/mycode/Documents/GitHub/Ainor-Universe/dataconnect`
 {"metadata":{"emulator":{"name":"dataconnect"},"message":"E0701 17:04:48.651460    8669 watch.go:40] Failed to load config from \"/Volumes/mycode/Documents/GitHub/Ainor-Universe/dataconnect\": could not find dataconnect.yaml in `/Volumes/mycode/Documents/GitHub/Ainor-Universe/dataconnect`\n"}}
[debug] [2026-07-01T11:34:58.651Z] E0701 17:04:58.651539    8669 watch.go:40] Failed to load config from "/Volumes/mycode/Documents/GitHub/Ainor-Universe/dataconnect": could not find dataconnect.yaml in `/Volumes/mycode/Documents/GitHub/Ainor-Universe/dataconnect`
 {"metadata":{"emulator":{"name":"dataconnect"},"message":"E0701 17:04:58.651539    8669 watch.go:40] Failed to load config from \"/Volumes/mycode/Documents/GitHub/Ainor-Universe/dataconnect\": could not find dataconnect.yaml in `/Volumes/mycode/Documents/GitHub/Ainor-Universe/dataconnect`\n"}}
[debug] [2026-07-01T11:35:08.651Z] E0701 17:05:08.650947    8669 watch.go:116] watchAllDir unable to walk dir `/Volumes/mycode/Documents/GitHub/Ainor-Universe/dataconnect`: lstat /Volumes/mycode/Documents/GitHub/Ainor-Universe/dataconnect: no such file or directory
 {"metadata":{"emulator":{"name":"dataconnect"},"message":"E0701 17:05:08.650947    8669 watch.go:116] watchAllDir unable to walk dir `/Volumes/mycode/Documents/GitHub/Ainor-Universe/dataconnect`: lstat /Volumes/mycode/Documents/GitHub/Ainor-Universe/dataconnect: no such file or directory\n"}}
[debug] [2026-07-01T11:35:08.651Z] E0701 17:05:08.651065    8669 watch.go:40] Failed to load config from "/Volumes/mycode/Documents/GitHub/Ainor-Universe/dataconnect": could not find dataconnect.yaml in `/Volumes/mycode/Documents/GitHub/Ainor-Universe/dataconnect`
 {"metadata":{"emulator":{"name":"dataconnect"},"message":"E0701 17:05:08.651065    8669 watch.go:40] Failed to load config from \"/Volumes/mycode/Documents/GitHub/Ainor-Universe/dataconnect\": could not find dataconnect.yaml in `/Volumes/mycode/Documents/GitHub/Ainor-Universe/dataconnect`\n"}}
[debug] [2026-07-01T11:35:18.651Z] E0701 17:05:18.651584    8669 watch.go:40] Failed to load config from "/Volumes/mycode/Documents/GitHub/Ainor-Universe/dataconnect": could not find dataconnect.yaml in `/Volumes/mycode/Documents/GitHub/Ainor-Universe/dataconnect`
 {"metadata":{"emulator":{"name":"dataconnect"},"message":"E0701 17:05:18.651584    8669 watch.go:40] Failed to load config from \"/Volumes/mycode/Documents/GitHub/Ainor-Universe/dataconnect\": could not find dataconnect.yaml in `/Volumes/mycode/Documents/GitHub/Ainor-Universe/dataconnect`\n"}}
[debug] [2026-07-01T11:35:28.654Z] E0701 17:05:28.652469    8669 watch.go:40] Failed to load config from "/Volumes/mycode/Documents/GitHub/Ainor-Universe/dataconnect": could not find dataconnect.yaml in `/Volumes/mycode/Documents/GitHub/Ainor-Universe/dataconnect`
 {"metadata":{"emulator":{"name":"dataconnect"},"message":"E0701 17:05:28.652469    8669 watch.go:40] Failed to load config from \"/Volumes/mycode/Documents/GitHub/Ainor-Universe/dataconnect\": could not find dataconnect.yaml in `/Volumes/mycode/Documents/GitHub/Ainor-Universe/dataconnect`\n"}}
[debug] [2026-07-01T11:35:38.651Z] E0701 17:05:38.651208    8669 watch.go:40] Failed to load config from "/Volumes/mycode/Documents/GitHub/Ainor-Universe/dataconnect": could not find dataconnect.yaml in `/Volumes/mycode/Documents/GitHub/Ainor-Universe/dataconnect`
 {"metadata":{"emulator":{"name":"dataconnect"},"message":"E0701 17:05:38.651208    8669 watch.go:40] Failed to load config from \"/Volumes/mycode/Documents/GitHub/Ainor-Universe/dataconnect\": could not find dataconnect.yaml in `/Volumes/mycode/Documents/GitHub/Ainor-Universe/dataconnect`\n"}}
[debug] [2026-07-01T11:35:48.652Z] E0701 17:05:48.651387    8669 watch.go:40] Failed to load config from "/Volumes/mycode/Documents/GitHub/Ainor-Universe/dataconnect": could not find dataconnect.yaml in `/Volumes/mycode/Documents/GitHub/Ainor-Universe/dataconnect`
 {"metadata":{"emulator":{"name":"dataconnect"},"message":"E0701 17:05:48.651387    8669 watch.go:40] Failed to load config from \"/Volumes/mycode/Documents/GitHub/Ainor-Universe/dataconnect\": could not find dataconnect.yaml in `/Volumes/mycode/Documents/GitHub/Ainor-Universe/dataconnect`\n"}}
[debug] [2026-07-01T11:35:58.651Z] E0701 17:05:58.651426    8669 watch.go:40] Failed to load config from "/Volumes/mycode/Documents/GitHub/Ainor-Universe/dataconnect": could not find dataconnect.yaml in `/Volumes/mycode/Documents/GitHub/Ainor-Universe/dataconnect`
 {"metadata":{"emulator":{"name":"dataconnect"},"message":"E0701 17:05:58.651426    8669 watch.go:40] Failed to load config from \"/Volumes/mycode/Documents/GitHub/Ainor-Universe/dataconnect\": could not find dataconnect.yaml in `/Volumes/mycode/Documents/GitHub/Ainor-Universe/dataconnect`\n"}}
[debug] [2026-07-01T11:36:08.651Z] E0701 17:06:08.650905    8669 watch.go:40] Failed to load config from "/Volumes/mycode/Documents/GitHub/Ainor-Universe/dataconnect": could not find dataconnect.yaml in `/Volumes/mycode/Documents/GitHub/Ainor-Universe/dataconnect`
E0701 17:06:08.650738    8669 watch.go:116] watchAllDir unable to walk dir `/Volumes/mycode/Documents/GitHub/Ainor-Universe/dataconnect`: lstat /Volumes/mycode/Documents/GitHub/Ainor-Universe/dataconnect: no such file or directory
 {"metadata":{"emulator":{"name":"dataconnect"},"message":"E0701 17:06:08.650905    8669 watch.go:40] Failed to load config from \"/Volumes/mycode/Documents/GitHub/Ainor-Universe/dataconnect\": could not find dataconnect.yaml in `/Volumes/mycode/Documents/GitHub/Ainor-Universe/dataconnect`\nE0701 17:06:08.650738    8669 watch.go:116] watchAllDir unable to walk dir `/Volumes/mycode/Documents/GitHub/Ainor-Universe/dataconnect`: lstat /Volumes/mycode/Documents/GitHub/Ainor-Universe/dataconnect: no such file or directory\n"}}
[debug] [2026-07-01T11:36:18.651Z] E0701 17:06:18.651295    8669 watch.go:40] Failed to load config from "/Volumes/mycode/Documents/GitHub/Ainor-Universe/dataconnect": could not find dataconnect.yaml in `/Volumes/mycode/Documents/GitHub/Ainor-Universe/dataconnect`
 {"metadata":{"emulator":{"name":"dataconnect"},"message":"E0701 17:06:18.651295    8669 watch.go:40] Failed to load config from \"/Volumes/mycode/Documents/GitHub/Ainor-Universe/dataconnect\": could not find dataconnect.yaml in `/Volumes/mycode/Documents/GitHub/Ainor-Universe/dataconnect`\n"}}
[debug] [2026-07-01T11:36:28.651Z] E0701 17:06:28.651490    8669 watch.go:40] Failed to load config from "/Volumes/mycode/Documents/GitHub/Ainor-Universe/dataconnect": could not find dataconnect.yaml in `/Volumes/mycode/Documents/GitHub/Ainor-Universe/dataconnect`
 {"metadata":{"emulator":{"name":"dataconnect"},"message":"E0701 17:06:28.651490    8669 watch.go:40] Failed to load config from \"/Volumes/mycode/Documents/GitHub/Ainor-Universe/dataconnect\": could not find dataconnect.yaml in `/Volumes/mycode/Documents/GitHub/Ainor-Universe/dataconnect`\n"}}
[debug] [2026-07-01T11:36:38.651Z] E0701 17:06:38.651102    8669 watch.go:40] Failed to load config from "/Volumes/mycode/Documents/GitHub/Ainor-Universe/dataconnect": could not find dataconnect.yaml in `/Volumes/mycode/Documents/GitHub/Ainor-Universe/dataconnect`
 {"metadata":{"emulator":{"name":"dataconnect"},"message":"E0701 17:06:38.651102    8669 watch.go:40] Failed to load config from \"/Volumes/mycode/Documents/GitHub/Ainor-Universe/dataconnect\": could not find dataconnect.yaml in `/Volumes/mycode/Documents/GitHub/Ainor-Universe/dataconnect`\n"}}
[debug] [2026-07-01T11:36:48.651Z] E0701 17:06:48.650868    8669 watch.go:40] Failed to load config from "/Volumes/mycode/Documents/GitHub/Ainor-Universe/dataconnect": could not find dataconnect.yaml in `/Volumes/mycode/Documents/GitHub/Ainor-Universe/dataconnect`
 {"metadata":{"emulator":{"name":"dataconnect"},"message":"E0701 17:06:48.650868    8669 watch.go:40] Failed to load config from \"/Volumes/mycode/Documents/GitHub/Ainor-Universe/dataconnect\": could not find dataconnect.yaml in `/Volumes/mycode/Documents/GitHub/Ainor-Universe/dataconnect`\n"}}
[debug] [2026-07-01T11:36:58.654Z] E0701 17:06:58.652095    8669 watch.go:40] Failed to load config from "/Volumes/mycode/Documents/GitHub/Ainor-Universe/dataconnect": could not find dataconnect.yaml in `/Volumes/mycode/Documents/GitHub/Ainor-Universe/dataconnect`
 {"metadata":{"emulator":{"name":"dataconnect"},"message":"E0701 17:06:58.652095    8669 watch.go:40] Failed to load config from \"/Volumes/mycode/Documents/GitHub/Ainor-Universe/dataconnect\": could not find dataconnect.yaml in `/Volumes/mycode/Documents/GitHub/Ainor-Universe/dataconnect`\n"}}
[debug] [2026-07-01T11:37:08.651Z] E0701 17:07:08.650844    8669 watch.go:116] watchAllDir unable to walk dir `/Volumes/mycode/Documents/GitHub/Ainor-Universe/dataconnect`: lstat /Volumes/mycode/Documents/GitHub/Ainor-Universe/dataconnect: no such file or directory
E0701 17:07:08.650933    8669 watch.go:40] Failed to load config from "/Volumes/mycode/Documents/GitHub/Ainor-Universe/dataconnect": could not find dataconnect.yaml in `/Volumes/mycode/Documents/GitHub/Ainor-Universe/dataconnect`
 {"metadata":{"emulator":{"name":"dataconnect"},"message":"E0701 17:07:08.650844    8669 watch.go:116] watchAllDir unable to walk dir `/Volumes/mycode/Documents/GitHub/Ainor-Universe/dataconnect`: lstat /Volumes/mycode/Documents/GitHub/Ainor-Universe/dataconnect: no such file or directory\nE0701 17:07:08.650933    8669 watch.go:40] Failed to load config from \"/Volumes/mycode/Documents/GitHub/Ainor-Universe/dataconnect\": could not find dataconnect.yaml in `/Volumes/mycode/Documents/GitHub/Ainor-Universe/dataconnect`\n"}}
[debug] [2026-07-01T11:37:18.651Z] E0701 17:07:18.651236    8669 watch.go:40] Failed to load config from "/Volumes/mycode/Documents/GitHub/Ainor-Universe/dataconnect": could not find dataconnect.yaml in `/Volumes/mycode/Documents/GitHub/Ainor-Universe/dataconnect`
 {"metadata":{"emulator":{"name":"dataconnect"},"message":"E0701 17:07:18.651236    8669 watch.go:40] Failed to load config from \"/Volumes/mycode/Documents/GitHub/Ainor-Universe/dataconnect\": could not find dataconnect.yaml in `/Volumes/mycode/Documents/GitHub/Ainor-Universe/dataconnect`\n"}}
[debug] [2026-07-01T11:37:28.651Z] E0701 17:07:28.651249    8669 watch.go:40] Failed to load config from "/Volumes/mycode/Documents/GitHub/Ainor-Universe/dataconnect": could not find dataconnect.yaml in `/Volumes/mycode/Documents/GitHub/Ainor-Universe/dataconnect`
 {"metadata":{"emulator":{"name":"dataconnect"},"message":"E0701 17:07:28.651249    8669 watch.go:40] Failed to load config from \"/Volumes/mycode/Documents/GitHub/Ainor-Universe/dataconnect\": could not find dataconnect.yaml in `/Volumes/mycode/Documents/GitHub/Ainor-Universe/dataconnect`\n"}}
[debug] [2026-07-01T11:37:38.654Z] E0701 17:07:38.653903    8669 watch.go:40] Failed to load config from "/Volumes/mycode/Documents/GitHub/Ainor-Universe/dataconnect": could not find dataconnect.yaml in `/Volumes/mycode/Documents/GitHub/Ainor-Universe/dataconnect`
 {"metadata":{"emulator":{"name":"dataconnect"},"message":"E0701 17:07:38.653903    8669 watch.go:40] Failed to load config from \"/Volumes/mycode/Documents/GitHub/Ainor-Universe/dataconnect\": could not find dataconnect.yaml in `/Volumes/mycode/Documents/GitHub/Ainor-Universe/dataconnect`\n"}}
[debug] [2026-07-01T11:37:48.651Z] E0701 17:07:48.651203    8669 watch.go:40] Failed to load config from "/Volumes/mycode/Documents/GitHub/Ainor-Universe/dataconnect": could not find dataconnect.yaml in `/Volumes/mycode/Documents/GitHub/Ainor-Universe/dataconnect`
 {"metadata":{"emulator":{"name":"dataconnect"},"message":"E0701 17:07:48.651203    8669 watch.go:40] Failed to load config from \"/Volumes/mycode/Documents/GitHub/Ainor-Universe/dataconnect\": could not find dataconnect.yaml in `/Volumes/mycode/Documents/GitHub/Ainor-Universe/dataconnect`\n"}}
[debug] [2026-07-01T11:37:58.651Z] E0701 17:07:58.651243    8669 watch.go:40] Failed to load config from "/Volumes/mycode/Documents/GitHub/Ainor-Universe/dataconnect": could not find dataconnect.yaml in `/Volumes/mycode/Documents/GitHub/Ainor-Universe/dataconnect`
 {"metadata":{"emulator":{"name":"dataconnect"},"message":"E0701 17:07:58.651243    8669 watch.go:40] Failed to load config from \"/Volumes/mycode/Documents/GitHub/Ainor-Universe/dataconnect\": could not find dataconnect.yaml in `/Volumes/mycode/Documents/GitHub/Ainor-Universe/dataconnect`\n"}}
[debug] [2026-07-01T11:38:08.651Z] E0701 17:08:08.650361    8669 watch.go:116] watchAllDir unable to walk dir `/Volumes/mycode/Documents/GitHub/Ainor-Universe/dataconnect`: lstat /Volumes/mycode/Documents/GitHub/Ainor-Universe/dataconnect: no such file or directory
 {"metadata":{"emulator":{"name":"dataconnect"},"message":"E0701 17:08:08.650361    8669 watch.go:116] watchAllDir unable to walk dir `/Volumes/mycode/Documents/GitHub/Ainor-Universe/dataconnect`: lstat /Volumes/mycode/Documents/GitHub/Ainor-Universe/dataconnect: no such file or directory\n"}}
[debug] [2026-07-01T11:38:08.652Z] E0701 17:08:08.651320    8669 watch.go:40] Failed to load config from "/Volumes/mycode/Documents/GitHub/Ainor-Universe/dataconnect": could not find dataconnect.yaml in `/Volumes/mycode/Documents/GitHub/Ainor-Universe/dataconnect`
 {"metadata":{"emulator":{"name":"dataconnect"},"message":"E0701 17:08:08.651320    8669 watch.go:40] Failed to load config from \"/Volumes/mycode/Documents/GitHub/Ainor-Universe/dataconnect\": could not find dataconnect.yaml in `/Volumes/mycode/Documents/GitHub/Ainor-Universe/dataconnect`\n"}}
[debug] [2026-07-01T11:38:18.651Z] E0701 17:08:18.651173    8669 watch.go:40] Failed to load config from "/Volumes/mycode/Documents/GitHub/Ainor-Universe/dataconnect": could not find dataconnect.yaml in `/Volumes/mycode/Documents/GitHub/Ainor-Universe/dataconnect`
 {"metadata":{"emulator":{"name":"dataconnect"},"message":"E0701 17:08:18.651173    8669 watch.go:40] Failed to load config from \"/Volumes/mycode/Documents/GitHub/Ainor-Universe/dataconnect\": could not find dataconnect.yaml in `/Volumes/mycode/Documents/GitHub/Ainor-Universe/dataconnect`\n"}}
[debug] [2026-07-01T11:38:28.651Z] E0701 17:08:28.650397    8669 watch.go:40] Failed to load config from "/Volumes/mycode/Documents/GitHub/Ainor-Universe/dataconnect": could not find dataconnect.yaml in `/Volumes/mycode/Documents/GitHub/Ainor-Universe/dataconnect`
 {"metadata":{"emulator":{"name":"dataconnect"},"message":"E0701 17:08:28.650397    8669 watch.go:40] Failed to load config from \"/Volumes/mycode/Documents/GitHub/Ainor-Universe/dataconnect\": could not find dataconnect.yaml in `/Volumes/mycode/Documents/GitHub/Ainor-Universe/dataconnect`\n"}}
[debug] [2026-07-01T11:38:38.650Z] E0701 17:08:38.650160    8669 watch.go:40] Failed to load config from "/Volumes/mycode/Documents/GitHub/Ainor-Universe/dataconnect": could not find dataconnect.yaml in `/Volumes/mycode/Documents/GitHub/Ainor-Universe/dataconnect`
 {"metadata":{"emulator":{"name":"dataconnect"},"message":"E0701 17:08:38.650160    8669 watch.go:40] Failed to load config from \"/Volumes/mycode/Documents/GitHub/Ainor-Universe/dataconnect\": could not find dataconnect.yaml in `/Volumes/mycode/Documents/GitHub/Ainor-Universe/dataconnect`\n"}}
[debug] [2026-07-01T11:38:48.651Z] E0701 17:08:48.650981    8669 watch.go:40] Failed to load config from "/Volumes/mycode/Documents/GitHub/Ainor-Universe/dataconnect": could not find dataconnect.yaml in `/Volumes/mycode/Documents/GitHub/Ainor-Universe/dataconnect`
 {"metadata":{"emulator":{"name":"dataconnect"},"message":"E0701 17:08:48.650981    8669 watch.go:40] Failed to load config from \"/Volumes/mycode/Documents/GitHub/Ainor-Universe/dataconnect\": could not find dataconnect.yaml in `/Volumes/mycode/Documents/GitHub/Ainor-Universe/dataconnect`\n"}}
[debug] [2026-07-01T11:38:58.651Z] E0701 17:08:58.651084    8669 watch.go:40] Failed to load config from "/Volumes/mycode/Documents/GitHub/Ainor-Universe/dataconnect": could not find dataconnect.yaml in `/Volumes/mycode/Documents/GitHub/Ainor-Universe/dataconnect`
 {"metadata":{"emulator":{"name":"dataconnect"},"message":"E0701 17:08:58.651084    8669 watch.go:40] Failed to load config from \"/Volumes/mycode/Documents/GitHub/Ainor-Universe/dataconnect\": could not find dataconnect.yaml in `/Volumes/mycode/Documents/GitHub/Ainor-Universe/dataconnect`\n"}}
[debug] [2026-07-01T11:39:08.650Z] E0701 17:09:08.650424    8669 watch.go:40] Failed to load config from "/Volumes/mycode/Documents/GitHub/Ainor-Universe/dataconnect": could not find dataconnect.yaml in `/Volumes/mycode/Documents/GitHub/Ainor-Universe/dataconnect`
E0701 17:09:08.650407    8669 watch.go:116] watchAllDir unable to walk dir `/Volumes/mycode/Documents/GitHub/Ainor-Universe/dataconnect`: lstat /Volumes/mycode/Documents/GitHub/Ainor-Universe/dataconnect: no such file or directory
 {"metadata":{"emulator":{"name":"dataconnect"},"message":"E0701 17:09:08.650424    8669 watch.go:40] Failed to load config from \"/Volumes/mycode/Documents/GitHub/Ainor-Universe/dataconnect\": could not find dataconnect.yaml in `/Volumes/mycode/Documents/GitHub/Ainor-Universe/dataconnect`\nE0701 17:09:08.650407    8669 watch.go:116] watchAllDir unable to walk dir `/Volumes/mycode/Documents/GitHub/Ainor-Universe/dataconnect`: lstat /Volumes/mycode/Documents/GitHub/Ainor-Universe/dataconnect: no such file or directory\n"}}
[debug] [2026-07-01T11:39:18.651Z] E0701 17:09:18.651062    8669 watch.go:40] Failed to load config from "/Volumes/mycode/Documents/GitHub/Ainor-Universe/dataconnect": could not find dataconnect.yaml in `/Volumes/mycode/Documents/GitHub/Ainor-Universe/dataconnect`
 {"metadata":{"emulator":{"name":"dataconnect"},"message":"E0701 17:09:18.651062    8669 watch.go:40] Failed to load config from \"/Volumes/mycode/Documents/GitHub/Ainor-Universe/dataconnect\": could not find dataconnect.yaml in `/Volumes/mycode/Documents/GitHub/Ainor-Universe/dataconnect`\n"}}
[debug] [2026-07-01T11:39:28.650Z] E0701 17:09:28.650541    8669 watch.go:40] Failed to load config from "/Volumes/mycode/Documents/GitHub/Ainor-Universe/dataconnect": could not find dataconnect.yaml in `/Volumes/mycode/Documents/GitHub/Ainor-Universe/dataconnect`
 {"metadata":{"emulator":{"name":"dataconnect"},"message":"E0701 17:09:28.650541    8669 watch.go:40] Failed to load config from \"/Volumes/mycode/Documents/GitHub/Ainor-Universe/dataconnect\": could not find dataconnect.yaml in `/Volumes/mycode/Documents/GitHub/Ainor-Universe/dataconnect`\n"}}
[debug] [2026-07-01T11:39:38.650Z] E0701 17:09:38.650020    8669 watch.go:40] Failed to load config from "/Volumes/mycode/Documents/GitHub/Ainor-Universe/dataconnect": could not find dataconnect.yaml in `/Volumes/mycode/Documents/GitHub/Ainor-Universe/dataconnect`
 {"metadata":{"emulator":{"name":"dataconnect"},"message":"E0701 17:09:38.650020    8669 watch.go:40] Failed to load config from \"/Volumes/mycode/Documents/GitHub/Ainor-Universe/dataconnect\": could not find dataconnect.yaml in `/Volumes/mycode/Documents/GitHub/Ainor-Universe/dataconnect`\n"}}
[debug] [2026-07-01T11:39:48.651Z] E0701 17:09:48.651075    8669 watch.go:40] Failed to load config from "/Volumes/mycode/Documents/GitHub/Ainor-Universe/dataconnect": could not find dataconnect.yaml in `/Volumes/mycode/Documents/GitHub/Ainor-Universe/dataconnect`
 {"metadata":{"emulator":{"name":"dataconnect"},"message":"E0701 17:09:48.651075    8669 watch.go:40] Failed to load config from \"/Volumes/mycode/Documents/GitHub/Ainor-Universe/dataconnect\": could not find dataconnect.yaml in `/Volumes/mycode/Documents/GitHub/Ainor-Universe/dataconnect`\n"}}
[debug] [2026-07-01T11:39:58.651Z] E0701 17:09:58.650935    8669 watch.go:40] Failed to load config from "/Volumes/mycode/Documents/GitHub/Ainor-Universe/dataconnect": could not find dataconnect.yaml in `/Volumes/mycode/Documents/GitHub/Ainor-Universe/dataconnect`
 {"metadata":{"emulator":{"name":"dataconnect"},"message":"E0701 17:09:58.650935    8669 watch.go:40] Failed to load config from \"/Volumes/mycode/Documents/GitHub/Ainor-Universe/dataconnect\": could not find dataconnect.yaml in `/Volumes/mycode/Documents/GitHub/Ainor-Universe/dataconnect`\n"}}
[debug] [2026-07-01T11:40:08.650Z] E0701 17:10:08.650256    8669 watch.go:40] Failed to load config from "/Volumes/mycode/Documents/GitHub/Ainor-Universe/dataconnect": could not find dataconnect.yaml in `/Volumes/mycode/Documents/GitHub/Ainor-Universe/dataconnect`
E0701 17:10:08.650228    8669 watch.go:116] watchAllDir unable to walk dir `/Volumes/mycode/Documents/GitHub/Ainor-Universe/dataconnect`: lstat /Volumes/mycode/Documents/GitHub/Ainor-Universe/dataconnect: no such file or directory
 {"metadata":{"emulator":{"name":"dataconnect"},"message":"E0701 17:10:08.650256    8669 watch.go:40] Failed to load config from \"/Volumes/mycode/Documents/GitHub/Ainor-Universe/dataconnect\": could not find dataconnect.yaml in `/Volumes/mycode/Documents/GitHub/Ainor-Universe/dataconnect`\nE0701 17:10:08.650228    8669 watch.go:116] watchAllDir unable to walk dir `/Volumes/mycode/Documents/GitHub/Ainor-Universe/dataconnect`: lstat /Volumes/mycode/Documents/GitHub/Ainor-Universe/dataconnect: no such file or directory\n"}}
[debug] [2026-07-01T11:40:18.653Z] E0701 17:10:18.650881    8669 watch.go:40] Failed to load config from "/Volumes/mycode/Documents/GitHub/Ainor-Universe/dataconnect": could not find dataconnect.yaml in `/Volumes/mycode/Documents/GitHub/Ainor-Universe/dataconnect`
 {"metadata":{"emulator":{"name":"dataconnect"},"message":"E0701 17:10:18.650881    8669 watch.go:40] Failed to load config from \"/Volumes/mycode/Documents/GitHub/Ainor-Universe/dataconnect\": could not find dataconnect.yaml in `/Volumes/mycode/Documents/GitHub/Ainor-Universe/dataconnect`\n"}}
[debug] [2026-07-01T11:40:28.651Z] E0701 17:10:28.651020    8669 watch.go:40] Failed to load config from "/Volumes/mycode/Documents/GitHub/Ainor-Universe/dataconnect": could not find dataconnect.yaml in `/Volumes/mycode/Documents/GitHub/Ainor-Universe/dataconnect`
 {"metadata":{"emulator":{"name":"dataconnect"},"message":"E0701 17:10:28.651020    8669 watch.go:40] Failed to load config from \"/Volumes/mycode/Documents/GitHub/Ainor-Universe/dataconnect\": could not find dataconnect.yaml in `/Volumes/mycode/Documents/GitHub/Ainor-Universe/dataconnect`\n"}}
[debug] [2026-07-01T11:40:38.651Z] E0701 17:10:38.650564    8669 watch.go:40] Failed to load config from "/Volumes/mycode/Documents/GitHub/Ainor-Universe/dataconnect": could not find dataconnect.yaml in `/Volumes/mycode/Documents/GitHub/Ainor-Universe/dataconnect`
 {"metadata":{"emulator":{"name":"dataconnect"},"message":"E0701 17:10:38.650564    8669 watch.go:40] Failed to load config from \"/Volumes/mycode/Documents/GitHub/Ainor-Universe/dataconnect\": could not find dataconnect.yaml in `/Volumes/mycode/Documents/GitHub/Ainor-Universe/dataconnect`\n"}}
[debug] [2026-07-01T11:40:48.651Z] E0701 17:10:48.650839    8669 watch.go:40] Failed to load config from "/Volumes/mycode/Documents/GitHub/Ainor-Universe/dataconnect": could not find dataconnect.yaml in `/Volumes/mycode/Documents/GitHub/Ainor-Universe/dataconnect`
 {"metadata":{"emulator":{"name":"dataconnect"},"message":"E0701 17:10:48.650839    8669 watch.go:40] Failed to load config from \"/Volumes/mycode/Documents/GitHub/Ainor-Universe/dataconnect\": could not find dataconnect.yaml in `/Volumes/mycode/Documents/GitHub/Ainor-Universe/dataconnect`\n"}}
[debug] [2026-07-01T11:40:58.651Z] E0701 17:10:58.650838    8669 watch.go:40] Failed to load config from "/Volumes/mycode/Documents/GitHub/Ainor-Universe/dataconnect": could not find dataconnect.yaml in `/Volumes/mycode/Documents/GitHub/Ainor-Universe/dataconnect`
 {"metadata":{"emulator":{"name":"dataconnect"},"message":"E0701 17:10:58.650838    8669 watch.go:40] Failed to load config from \"/Volumes/mycode/Documents/GitHub/Ainor-Universe/dataconnect\": could not find dataconnect.yaml in `/Volumes/mycode/Documents/GitHub/Ainor-Universe/dataconnect`\n"}}
[debug] [2026-07-01T11:41:08.650Z] E0701 17:11:08.650127    8669 watch.go:40] Failed to load config from "/Volumes/mycode/Documents/GitHub/Ainor-Universe/dataconnect": could not find dataconnect.yaml in `/Volumes/mycode/Documents/GitHub/Ainor-Universe/dataconnect`
 {"metadata":{"emulator":{"name":"dataconnect"},"message":"E0701 17:11:08.650127    8669 watch.go:40] Failed to load config from \"/Volumes/mycode/Documents/GitHub/Ainor-Universe/dataconnect\": could not find dataconnect.yaml in `/Volumes/mycode/Documents/GitHub/Ainor-Universe/dataconnect`\n"}}
[debug] [2026-07-01T11:41:08.650Z] E0701 17:11:08.650123    8669 watch.go:116] watchAllDir unable to walk dir `/Volumes/mycode/Documents/GitHub/Ainor-Universe/dataconnect`: lstat /Volumes/mycode/Documents/GitHub/Ainor-Universe/dataconnect: no such file or directory
 {"metadata":{"emulator":{"name":"dataconnect"},"message":"E0701 17:11:08.650123    8669 watch.go:116] watchAllDir unable to walk dir `/Volumes/mycode/Documents/GitHub/Ainor-Universe/dataconnect`: lstat /Volumes/mycode/Documents/GitHub/Ainor-Universe/dataconnect: no such file or directory\n"}}
[debug] [2026-07-01T11:41:18.651Z] E0701 17:11:18.650982    8669 watch.go:40] Failed to load config from "/Volumes/mycode/Documents/GitHub/Ainor-Universe/dataconnect": could not find dataconnect.yaml in `/Volumes/mycode/Documents/GitHub/Ainor-Universe/dataconnect`
 {"metadata":{"emulator":{"name":"dataconnect"},"message":"E0701 17:11:18.650982    8669 watch.go:40] Failed to load config from \"/Volumes/mycode/Documents/GitHub/Ainor-Universe/dataconnect\": could not find dataconnect.yaml in `/Volumes/mycode/Documents/GitHub/Ainor-Universe/dataconnect`\n"}}
[debug] [2026-07-01T11:41:28.650Z] E0701 17:11:28.650087    8669 watch.go:40] Failed to load config from "/Volumes/mycode/Documents/GitHub/Ainor-Universe/dataconnect": could not find dataconnect.yaml in `/Volumes/mycode/Documents/GitHub/Ainor-Universe/dataconnect`
 {"metadata":{"emulator":{"name":"dataconnect"},"message":"E0701 17:11:28.650087    8669 watch.go:40] Failed to load config from \"/Volumes/mycode/Documents/GitHub/Ainor-Universe/dataconnect\": could not find dataconnect.yaml in `/Volumes/mycode/Documents/GitHub/Ainor-Universe/dataconnect`\n"}}
[debug] [2026-07-01T11:41:38.650Z] E0701 17:11:38.650493    8669 watch.go:40] Failed to load config from "/Volumes/mycode/Documents/GitHub/Ainor-Universe/dataconnect": could not find dataconnect.yaml in `/Volumes/mycode/Documents/GitHub/Ainor-Universe/dataconnect`
 {"metadata":{"emulator":{"name":"dataconnect"},"message":"E0701 17:11:38.650493    8669 watch.go:40] Failed to load config from \"/Volumes/mycode/Documents/GitHub/Ainor-Universe/dataconnect\": could not find dataconnect.yaml in `/Volumes/mycode/Documents/GitHub/Ainor-Universe/dataconnect`\n"}}
[debug] [2026-07-01T11:41:48.659Z] E0701 17:11:48.658763    8669 watch.go:40] Failed to load config from "/Volumes/mycode/Documents/GitHub/Ainor-Universe/dataconnect": could not find dataconnect.yaml in `/Volumes/mycode/Documents/GitHub/Ainor-Universe/dataconnect`
 {"metadata":{"emulator":{"name":"dataconnect"},"message":"E0701 17:11:48.658763    8669 watch.go:40] Failed to load config from \"/Volumes/mycode/Documents/GitHub/Ainor-Universe/dataconnect\": could not find dataconnect.yaml in `/Volumes/mycode/Documents/GitHub/Ainor-Universe/dataconnect`\n"}}
[debug] [2026-07-01T11:41:58.663Z] E0701 17:11:58.662777    8669 watch.go:40] Failed to load config from "/Volumes/mycode/Documents/GitHub/Ainor-Universe/dataconnect": could not find dataconnect.yaml in `/Volumes/mycode/Documents/GitHub/Ainor-Universe/dataconnect`
 {"metadata":{"emulator":{"name":"dataconnect"},"message":"E0701 17:11:58.662777    8669 watch.go:40] Failed to load config from \"/Volumes/mycode/Documents/GitHub/Ainor-Universe/dataconnect\": could not find dataconnect.yaml in `/Volumes/mycode/Documents/GitHub/Ainor-Universe/dataconnect`\n"}}
[debug] [2026-07-01T11:42:08.667Z] E0701 17:12:08.664994    8669 watch.go:40] Failed to load config from "/Volumes/mycode/Documents/GitHub/Ainor-Universe/dataconnect": could not find dataconnect.yaml in `/Volumes/mycode/Documents/GitHub/Ainor-Universe/dataconnect`
E0701 17:12:08.664956    8669 watch.go:116] watchAllDir unable to walk dir `/Volumes/mycode/Documents/GitHub/Ainor-Universe/dataconnect`: lstat /Volumes/mycode/Documents/GitHub/Ainor-Universe/dataconnect: no such file or directory
 {"metadata":{"emulator":{"name":"dataconnect"},"message":"E0701 17:12:08.664994    8669 watch.go:40] Failed to load config from \"/Volumes/mycode/Documents/GitHub/Ainor-Universe/dataconnect\": could not find dataconnect.yaml in `/Volumes/mycode/Documents/GitHub/Ainor-Universe/dataconnect`\nE0701 17:12:08.664956    8669 watch.go:116] watchAllDir unable to walk dir `/Volumes/mycode/Documents/GitHub/Ainor-Universe/dataconnect`: lstat /Volumes/mycode/Documents/GitHub/Ainor-Universe/dataconnect: no such file or directory\n"}}
[debug] [2026-07-01T11:42:18.666Z] E0701 17:12:18.666100    8669 watch.go:40] Failed to load config from "/Volumes/mycode/Documents/GitHub/Ainor-Universe/dataconnect": could not find dataconnect.yaml in `/Volumes/mycode/Documents/GitHub/Ainor-Universe/dataconnect`
 {"metadata":{"emulator":{"name":"dataconnect"},"message":"E0701 17:12:18.666100    8669 watch.go:40] Failed to load config from \"/Volumes/mycode/Documents/GitHub/Ainor-Universe/dataconnect\": could not find dataconnect.yaml in `/Volumes/mycode/Documents/GitHub/Ainor-Universe/dataconnect`\n"}}
[debug] [2026-07-01T11:42:28.666Z] E0701 17:12:28.666622    8669 watch.go:40] Failed to load config from "/Volumes/mycode/Documents/GitHub/Ainor-Universe/dataconnect": could not find dataconnect.yaml in `/Volumes/mycode/Documents/GitHub/Ainor-Universe/dataconnect`
 {"metadata":{"emulator":{"name":"dataconnect"},"message":"E0701 17:12:28.666622    8669 watch.go:40] Failed to load config from \"/Volumes/mycode/Documents/GitHub/Ainor-Universe/dataconnect\": could not find dataconnect.yaml in `/Volumes/mycode/Documents/GitHub/Ainor-Universe/dataconnect`\n"}}
[debug] [2026-07-01T11:42:38.667Z] E0701 17:12:38.666523    8669 watch.go:40] Failed to load config from "/Volumes/mycode/Documents/GitHub/Ainor-Universe/dataconnect": could not find dataconnect.yaml in `/Volumes/mycode/Documents/GitHub/Ainor-Universe/dataconnect`
 {"metadata":{"emulator":{"name":"dataconnect"},"message":"E0701 17:12:38.666523    8669 watch.go:40] Failed to load config from \"/Volumes/mycode/Documents/GitHub/Ainor-Universe/dataconnect\": could not find dataconnect.yaml in `/Volumes/mycode/Documents/GitHub/Ainor-Universe/dataconnect`\n"}}
[debug] [2026-07-01T11:42:48.667Z] E0701 17:12:48.667058    8669 watch.go:40] Failed to load config from "/Volumes/mycode/Documents/GitHub/Ainor-Universe/dataconnect": could not find dataconnect.yaml in `/Volumes/mycode/Documents/GitHub/Ainor-Universe/dataconnect`
 {"metadata":{"emulator":{"name":"dataconnect"},"message":"E0701 17:12:48.667058    8669 watch.go:40] Failed to load config from \"/Volumes/mycode/Documents/GitHub/Ainor-Universe/dataconnect\": could not find dataconnect.yaml in `/Volumes/mycode/Documents/GitHub/Ainor-Universe/dataconnect`\n"}}
[debug] [2026-07-01T11:42:58.667Z] E0701 17:12:58.666609    8669 watch.go:40] Failed to load config from "/Volumes/mycode/Documents/GitHub/Ainor-Universe/dataconnect": could not find dataconnect.yaml in `/Volumes/mycode/Documents/GitHub/Ainor-Universe/dataconnect`
 {"metadata":{"emulator":{"name":"dataconnect"},"message":"E0701 17:12:58.666609    8669 watch.go:40] Failed to load config from \"/Volumes/mycode/Documents/GitHub/Ainor-Universe/dataconnect\": could not find dataconnect.yaml in `/Volumes/mycode/Documents/GitHub/Ainor-Universe/dataconnect`\n"}}
[debug] [2026-07-01T11:43:08.667Z] E0701 17:13:08.667150    8669 watch.go:40] Failed to load config from "/Volumes/mycode/Documents/GitHub/Ainor-Universe/dataconnect": could not find dataconnect.yaml in `/Volumes/mycode/Documents/GitHub/Ainor-Universe/dataconnect`
 {"metadata":{"emulator":{"name":"dataconnect"},"message":"E0701 17:13:08.667150    8669 watch.go:40] Failed to load config from \"/Volumes/mycode/Documents/GitHub/Ainor-Universe/dataconnect\": could not find dataconnect.yaml in `/Volumes/mycode/Documents/GitHub/Ainor-Universe/dataconnect`\n"}}
[debug] [2026-07-01T11:43:08.668Z] E0701 17:13:08.667162    8669 watch.go:116] watchAllDir unable to walk dir `/Volumes/mycode/Documents/GitHub/Ainor-Universe/dataconnect`: lstat /Volumes/mycode/Documents/GitHub/Ainor-Universe/dataconnect: no such file or directory
 {"metadata":{"emulator":{"name":"dataconnect"},"message":"E0701 17:13:08.667162    8669 watch.go:116] watchAllDir unable to walk dir `/Volumes/mycode/Documents/GitHub/Ainor-Universe/dataconnect`: lstat /Volumes/mycode/Documents/GitHub/Ainor-Universe/dataconnect: no such file or directory\n"}}
[debug] [2026-07-01T11:43:18.667Z] E0701 17:13:18.666982    8669 watch.go:40] Failed to load config from "/Volumes/mycode/Documents/GitHub/Ainor-Universe/dataconnect": could not find dataconnect.yaml in `/Volumes/mycode/Documents/GitHub/Ainor-Universe/dataconnect`
 {"metadata":{"emulator":{"name":"dataconnect"},"message":"E0701 17:13:18.666982    8669 watch.go:40] Failed to load config from \"/Volumes/mycode/Documents/GitHub/Ainor-Universe/dataconnect\": could not find dataconnect.yaml in `/Volumes/mycode/Documents/GitHub/Ainor-Universe/dataconnect`\n"}}
[debug] [2026-07-01T11:43:28.667Z] E0701 17:13:28.667409    8669 watch.go:40] Failed to load config from "/Volumes/mycode/Documents/GitHub/Ainor-Universe/dataconnect": could not find dataconnect.yaml in `/Volumes/mycode/Documents/GitHub/Ainor-Universe/dataconnect`
 {"metadata":{"emulator":{"name":"dataconnect"},"message":"E0701 17:13:28.667409    8669 watch.go:40] Failed to load config from \"/Volumes/mycode/Documents/GitHub/Ainor-Universe/dataconnect\": could not find dataconnect.yaml in `/Volumes/mycode/Documents/GitHub/Ainor-Universe/dataconnect`\n"}}
[debug] [2026-07-01T11:43:38.668Z] E0701 17:13:38.666688    8669 watch.go:40] Failed to load config from "/Volumes/mycode/Documents/GitHub/Ainor-Universe/dataconnect": could not find dataconnect.yaml in `/Volumes/mycode/Documents/GitHub/Ainor-Universe/dataconnect`
 {"metadata":{"emulator":{"name":"dataconnect"},"message":"E0701 17:13:38.666688    8669 watch.go:40] Failed to load config from \"/Volumes/mycode/Documents/GitHub/Ainor-Universe/dataconnect\": could not find dataconnect.yaml in `/Volumes/mycode/Documents/GitHub/Ainor-Universe/dataconnect`\n"}}
[debug] [2026-07-01T11:43:48.667Z] E0701 17:13:48.667347    8669 watch.go:40] Failed to load config from "/Volumes/mycode/Documents/GitHub/Ainor-Universe/dataconnect": could not find dataconnect.yaml in `/Volumes/mycode/Documents/GitHub/Ainor-Universe/dataconnect`
 {"metadata":{"emulator":{"name":"dataconnect"},"message":"E0701 17:13:48.667347    8669 watch.go:40] Failed to load config from \"/Volumes/mycode/Documents/GitHub/Ainor-Universe/dataconnect\": could not find dataconnect.yaml in `/Volumes/mycode/Documents/GitHub/Ainor-Universe/dataconnect`\n"}}
[debug] [2026-07-01T11:43:58.667Z] E0701 17:13:58.667619    8669 watch.go:40] Failed to load config from "/Volumes/mycode/Documents/GitHub/Ainor-Universe/dataconnect": could not find dataconnect.yaml in `/Volumes/mycode/Documents/GitHub/Ainor-Universe/dataconnect`
 {"metadata":{"emulator":{"name":"dataconnect"},"message":"E0701 17:13:58.667619    8669 watch.go:40] Failed to load config from \"/Volumes/mycode/Documents/GitHub/Ainor-Universe/dataconnect\": could not find dataconnect.yaml in `/Volumes/mycode/Documents/GitHub/Ainor-Universe/dataconnect`\n"}}
[debug] [2026-07-01T11:44:08.668Z] E0701 17:14:08.667164    8669 watch.go:116] watchAllDir unable to walk dir `/Volumes/mycode/Documents/GitHub/Ainor-Universe/dataconnect`: lstat /Volumes/mycode/Documents/GitHub/Ainor-Universe/dataconnect: no such file or directory
E0701 17:14:08.667270    8669 watch.go:40] Failed to load config from "/Volumes/mycode/Documents/GitHub/Ainor-Universe/dataconnect": could not find dataconnect.yaml in `/Volumes/mycode/Documents/GitHub/Ainor-Universe/dataconnect`
 {"metadata":{"emulator":{"name":"dataconnect"},"message":"E0701 17:14:08.667164    8669 watch.go:116] watchAllDir unable to walk dir `/Volumes/mycode/Documents/GitHub/Ainor-Universe/dataconnect`: lstat /Volumes/mycode/Documents/GitHub/Ainor-Universe/dataconnect: no such file or directory\nE0701 17:14:08.667270    8669 watch.go:40] Failed to load config from \"/Volumes/mycode/Documents/GitHub/Ainor-Universe/dataconnect\": could not find dataconnect.yaml in `/Volumes/mycode/Documents/GitHub/Ainor-Universe/dataconnect`\n"}}
[debug] [2026-07-01T11:44:18.667Z] E0701 17:14:18.667538    8669 watch.go:40] Failed to load config from "/Volumes/mycode/Documents/GitHub/Ainor-Universe/dataconnect": could not find dataconnect.yaml in `/Volumes/mycode/Documents/GitHub/Ainor-Universe/dataconnect`
 {"metadata":{"emulator":{"name":"dataconnect"},"message":"E0701 17:14:18.667538    8669 watch.go:40] Failed to load config from \"/Volumes/mycode/Documents/GitHub/Ainor-Universe/dataconnect\": could not find dataconnect.yaml in `/Volumes/mycode/Documents/GitHub/Ainor-Universe/dataconnect`\n"}}
[debug] [2026-07-01T11:44:28.668Z] E0701 17:14:28.667437    8669 watch.go:40] Failed to load config from "/Volumes/mycode/Documents/GitHub/Ainor-Universe/dataconnect": could not find dataconnect.yaml in `/Volumes/mycode/Documents/GitHub/Ainor-Universe/dataconnect`
 {"metadata":{"emulator":{"name":"dataconnect"},"message":"E0701 17:14:28.667437    8669 watch.go:40] Failed to load config from \"/Volumes/mycode/Documents/GitHub/Ainor-Universe/dataconnect\": could not find dataconnect.yaml in `/Volumes/mycode/Documents/GitHub/Ainor-Universe/dataconnect`\n"}}
[debug] [2026-07-01T11:44:38.667Z] E0701 17:14:38.666712    8669 watch.go:40] Failed to load config from "/Volumes/mycode/Documents/GitHub/Ainor-Universe/dataconnect": could not find dataconnect.yaml in `/Volumes/mycode/Documents/GitHub/Ainor-Universe/dataconnect`
 {"metadata":{"emulator":{"name":"dataconnect"},"message":"E0701 17:14:38.666712    8669 watch.go:40] Failed to load config from \"/Volumes/mycode/Documents/GitHub/Ainor-Universe/dataconnect\": could not find dataconnect.yaml in `/Volumes/mycode/Documents/GitHub/Ainor-Universe/dataconnect`\n"}}
[debug] [2026-07-01T11:44:48.667Z] E0701 17:14:48.667590    8669 watch.go:40] Failed to load config from "/Volumes/mycode/Documents/GitHub/Ainor-Universe/dataconnect": could not find dataconnect.yaml in `/Volumes/mycode/Documents/GitHub/Ainor-Universe/dataconnect`
 {"metadata":{"emulator":{"name":"dataconnect"},"message":"E0701 17:14:48.667590    8669 watch.go:40] Failed to load config from \"/Volumes/mycode/Documents/GitHub/Ainor-Universe/dataconnect\": could not find dataconnect.yaml in `/Volumes/mycode/Documents/GitHub/Ainor-Universe/dataconnect`\n"}}
[debug] [2026-07-01T11:44:58.669Z] E0701 17:14:58.668006    8669 watch.go:40] Failed to load config from "/Volumes/mycode/Documents/GitHub/Ainor-Universe/dataconnect": could not find dataconnect.yaml in `/Volumes/mycode/Documents/GitHub/Ainor-Universe/dataconnect`
 {"metadata":{"emulator":{"name":"dataconnect"},"message":"E0701 17:14:58.668006    8669 watch.go:40] Failed to load config from \"/Volumes/mycode/Documents/GitHub/Ainor-Universe/dataconnect\": could not find dataconnect.yaml in `/Volumes/mycode/Documents/GitHub/Ainor-Universe/dataconnect`\n"}}
[debug] [2026-07-01T11:45:08.667Z] E0701 17:15:08.667149    8669 watch.go:40] Failed to load config from "/Volumes/mycode/Documents/GitHub/Ainor-Universe/dataconnect": could not find dataconnect.yaml in `/Volumes/mycode/Documents/GitHub/Ainor-Universe/dataconnect`
 {"metadata":{"emulator":{"name":"dataconnect"},"message":"E0701 17:15:08.667149    8669 watch.go:40] Failed to load config from \"/Volumes/mycode/Documents/GitHub/Ainor-Universe/dataconnect\": could not find dataconnect.yaml in `/Volumes/mycode/Documents/GitHub/Ainor-Universe/dataconnect`\n"}}
[debug] [2026-07-01T11:45:08.668Z] E0701 17:15:08.667178    8669 watch.go:116] watchAllDir unable to walk dir `/Volumes/mycode/Documents/GitHub/Ainor-Universe/dataconnect`: lstat /Volumes/mycode/Documents/GitHub/Ainor-Universe/dataconnect: no such file or directory
 {"metadata":{"emulator":{"name":"dataconnect"},"message":"E0701 17:15:08.667178    8669 watch.go:116] watchAllDir unable to walk dir `/Volumes/mycode/Documents/GitHub/Ainor-Universe/dataconnect`: lstat /Volumes/mycode/Documents/GitHub/Ainor-Universe/dataconnect: no such file or directory\n"}}
[debug] [2026-07-01T11:45:18.667Z] E0701 17:15:18.667538    8669 watch.go:40] Failed to load config from "/Volumes/mycode/Documents/GitHub/Ainor-Universe/dataconnect": could not find dataconnect.yaml in `/Volumes/mycode/Documents/GitHub/Ainor-Universe/dataconnect`
 {"metadata":{"emulator":{"name":"dataconnect"},"message":"E0701 17:15:18.667538    8669 watch.go:40] Failed to load config from \"/Volumes/mycode/Documents/GitHub/Ainor-Universe/dataconnect\": could not find dataconnect.yaml in `/Volumes/mycode/Documents/GitHub/Ainor-Universe/dataconnect`\n"}}
[debug] [2026-07-01T11:45:28.667Z] E0701 17:15:28.667480    8669 watch.go:40] Failed to load config from "/Volumes/mycode/Documents/GitHub/Ainor-Universe/dataconnect": could not find dataconnect.yaml in `/Volumes/mycode/Documents/GitHub/Ainor-Universe/dataconnect`
 {"metadata":{"emulator":{"name":"dataconnect"},"message":"E0701 17:15:28.667480    8669 watch.go:40] Failed to load config from \"/Volumes/mycode/Documents/GitHub/Ainor-Universe/dataconnect\": could not find dataconnect.yaml in `/Volumes/mycode/Documents/GitHub/Ainor-Universe/dataconnect`\n"}}
[debug] [2026-07-01T11:45:38.667Z] E0701 17:15:38.666906    8669 watch.go:40] Failed to load config from "/Volumes/mycode/Documents/GitHub/Ainor-Universe/dataconnect": could not find dataconnect.yaml in `/Volumes/mycode/Documents/GitHub/Ainor-Universe/dataconnect`
 {"metadata":{"emulator":{"name":"dataconnect"},"message":"E0701 17:15:38.666906    8669 watch.go:40] Failed to load config from \"/Volumes/mycode/Documents/GitHub/Ainor-Universe/dataconnect\": could not find dataconnect.yaml in `/Volumes/mycode/Documents/GitHub/Ainor-Universe/dataconnect`\n"}}
[debug] [2026-07-01T11:45:48.667Z] E0701 17:15:48.667091    8669 watch.go:40] Failed to load config from "/Volumes/mycode/Documents/GitHub/Ainor-Universe/dataconnect": could not find dataconnect.yaml in `/Volumes/mycode/Documents/GitHub/Ainor-Universe/dataconnect`
 {"metadata":{"emulator":{"name":"dataconnect"},"message":"E0701 17:15:48.667091    8669 watch.go:40] Failed to load config from \"/Volumes/mycode/Documents/GitHub/Ainor-Universe/dataconnect\": could not find dataconnect.yaml in `/Volumes/mycode/Documents/GitHub/Ainor-Universe/dataconnect`\n"}}
[debug] [2026-07-01T11:45:58.668Z] E0701 17:15:58.667735    8669 watch.go:40] Failed to load config from "/Volumes/mycode/Documents/GitHub/Ainor-Universe/dataconnect": could not find dataconnect.yaml in `/Volumes/mycode/Documents/GitHub/Ainor-Universe/dataconnect`
 {"metadata":{"emulator":{"name":"dataconnect"},"message":"E0701 17:15:58.667735    8669 watch.go:40] Failed to load config from \"/Volumes/mycode/Documents/GitHub/Ainor-Universe/dataconnect\": could not find dataconnect.yaml in `/Volumes/mycode/Documents/GitHub/Ainor-Universe/dataconnect`\n"}}
[debug] [2026-07-01T11:46:08.667Z] E0701 17:16:08.667325    8669 watch.go:40] Failed to load config from "/Volumes/mycode/Documents/GitHub/Ainor-Universe/dataconnect": could not find dataconnect.yaml in `/Volumes/mycode/Documents/GitHub/Ainor-Universe/dataconnect`
E0701 17:16:08.667310    8669 watch.go:116] watchAllDir unable to walk dir `/Volumes/mycode/Documents/GitHub/Ainor-Universe/dataconnect`: lstat /Volumes/mycode/Documents/GitHub/Ainor-Universe/dataconnect: no such file or directory
 {"metadata":{"emulator":{"name":"dataconnect"},"message":"E0701 17:16:08.667325    8669 watch.go:40] Failed to load config from \"/Volumes/mycode/Documents/GitHub/Ainor-Universe/dataconnect\": could not find dataconnect.yaml in `/Volumes/mycode/Documents/GitHub/Ainor-Universe/dataconnect`\nE0701 17:16:08.667310    8669 watch.go:116] watchAllDir unable to walk dir `/Volumes/mycode/Documents/GitHub/Ainor-Universe/dataconnect`: lstat /Volumes/mycode/Documents/GitHub/Ainor-Universe/dataconnect: no such file or directory\n"}}
[debug] [2026-07-01T11:46:18.668Z] E0701 17:16:18.667702    8669 watch.go:40] Failed to load config from "/Volumes/mycode/Documents/GitHub/Ainor-Universe/dataconnect": could not find dataconnect.yaml in `/Volumes/mycode/Documents/GitHub/Ainor-Universe/dataconnect`
 {"metadata":{"emulator":{"name":"dataconnect"},"message":"E0701 17:16:18.667702    8669 watch.go:40] Failed to load config from \"/Volumes/mycode/Documents/GitHub/Ainor-Universe/dataconnect\": could not find dataconnect.yaml in `/Volumes/mycode/Documents/GitHub/Ainor-Universe/dataconnect`\n"}}
[debug] [2026-07-01T11:46:28.667Z] E0701 17:16:28.667509    8669 watch.go:40] Failed to load config from "/Volumes/mycode/Documents/GitHub/Ainor-Universe/dataconnect": could not find dataconnect.yaml in `/Volumes/mycode/Documents/GitHub/Ainor-Universe/dataconnect`
 {"metadata":{"emulator":{"name":"dataconnect"},"message":"E0701 17:16:28.667509    8669 watch.go:40] Failed to load config from \"/Volumes/mycode/Documents/GitHub/Ainor-Universe/dataconnect\": could not find dataconnect.yaml in `/Volumes/mycode/Documents/GitHub/Ainor-Universe/dataconnect`\n"}}
[debug] [2026-07-01T11:46:38.667Z] E0701 17:16:38.667183    8669 watch.go:40] Failed to load config from "/Volumes/mycode/Documents/GitHub/Ainor-Universe/dataconnect": could not find dataconnect.yaml in `/Volumes/mycode/Documents/GitHub/Ainor-Universe/dataconnect`
 {"metadata":{"emulator":{"name":"dataconnect"},"message":"E0701 17:16:38.667183    8669 watch.go:40] Failed to load config from \"/Volumes/mycode/Documents/GitHub/Ainor-Universe/dataconnect\": could not find dataconnect.yaml in `/Volumes/mycode/Documents/GitHub/Ainor-Universe/dataconnect`\n"}}
[debug] [2026-07-01T11:46:48.667Z] E0701 17:16:48.667536    8669 watch.go:40] Failed to load config from "/Volumes/mycode/Documents/GitHub/Ainor-Universe/dataconnect": could not find dataconnect.yaml in `/Volumes/mycode/Documents/GitHub/Ainor-Universe/dataconnect`
 {"metadata":{"emulator":{"name":"dataconnect"},"message":"E0701 17:16:48.667536    8669 watch.go:40] Failed to load config from \"/Volumes/mycode/Documents/GitHub/Ainor-Universe/dataconnect\": could not find dataconnect.yaml in `/Volumes/mycode/Documents/GitHub/Ainor-Universe/dataconnect`\n"}}
[debug] [2026-07-01T11:46:58.668Z] E0701 17:16:58.667725    8669 watch.go:40] Failed to load config from "/Volumes/mycode/Documents/GitHub/Ainor-Universe/dataconnect": could not find dataconnect.yaml in `/Volumes/mycode/Documents/GitHub/Ainor-Universe/dataconnect`
 {"metadata":{"emulator":{"name":"dataconnect"},"message":"E0701 17:16:58.667725    8669 watch.go:40] Failed to load config from \"/Volumes/mycode/Documents/GitHub/Ainor-Universe/dataconnect\": could not find dataconnect.yaml in `/Volumes/mycode/Documents/GitHub/Ainor-Universe/dataconnect`\n"}}
[debug] [2026-07-01T11:47:08.667Z] E0701 17:17:08.667295    8669 watch.go:40] Failed to load config from "/Volumes/mycode/Documents/GitHub/Ainor-Universe/dataconnect": could not find dataconnect.yaml in `/Volumes/mycode/Documents/GitHub/Ainor-Universe/dataconnect`
E0701 17:17:08.667261    8669 watch.go:116] watchAllDir unable to walk dir `/Volumes/mycode/Documents/GitHub/Ainor-Universe/dataconnect`: lstat /Volumes/mycode/Documents/GitHub/Ainor-Universe/dataconnect: no such file or directory
 {"metadata":{"emulator":{"name":"dataconnect"},"message":"E0701 17:17:08.667295    8669 watch.go:40] Failed to load config from \"/Volumes/mycode/Documents/GitHub/Ainor-Universe/dataconnect\": could not find dataconnect.yaml in `/Volumes/mycode/Documents/GitHub/Ainor-Universe/dataconnect`\nE0701 17:17:08.667261    8669 watch.go:116] watchAllDir unable to walk dir `/Volumes/mycode/Documents/GitHub/Ainor-Universe/dataconnect`: lstat /Volumes/mycode/Documents/GitHub/Ainor-Universe/dataconnect: no such file or directory\n"}}
[debug] [2026-07-01T11:47:18.668Z] E0701 17:17:18.667798    8669 watch.go:40] Failed to load config from "/Volumes/mycode/Documents/GitHub/Ainor-Universe/dataconnect": could not find dataconnect.yaml in `/Volumes/mycode/Documents/GitHub/Ainor-Universe/dataconnect`
 {"metadata":{"emulator":{"name":"dataconnect"},"message":"E0701 17:17:18.667798    8669 watch.go:40] Failed to load config from \"/Volumes/mycode/Documents/GitHub/Ainor-Universe/dataconnect\": could not find dataconnect.yaml in `/Volumes/mycode/Documents/GitHub/Ainor-Universe/dataconnect`\n"}}
[debug] [2026-07-01T11:47:28.667Z] E0701 17:17:28.667257    8669 watch.go:40] Failed to load config from "/Volumes/mycode/Documents/GitHub/Ainor-Universe/dataconnect": could not find dataconnect.yaml in `/Volumes/mycode/Documents/GitHub/Ainor-Universe/dataconnect`
 {"metadata":{"emulator":{"name":"dataconnect"},"message":"E0701 17:17:28.667257    8669 watch.go:40] Failed to load config from \"/Volumes/mycode/Documents/GitHub/Ainor-Universe/dataconnect\": could not find dataconnect.yaml in `/Volumes/mycode/Documents/GitHub/Ainor-Universe/dataconnect`\n"}}
[debug] [2026-07-01T11:47:38.667Z] E0701 17:17:38.667284    8669 watch.go:40] Failed to load config from "/Volumes/mycode/Documents/GitHub/Ainor-Universe/dataconnect": could not find dataconnect.yaml in `/Volumes/mycode/Documents/GitHub/Ainor-Universe/dataconnect`
 {"metadata":{"emulator":{"name":"dataconnect"},"message":"E0701 17:17:38.667284    8669 watch.go:40] Failed to load config from \"/Volumes/mycode/Documents/GitHub/Ainor-Universe/dataconnect\": could not find dataconnect.yaml in `/Volumes/mycode/Documents/GitHub/Ainor-Universe/dataconnect`\n"}}
[debug] [2026-07-01T11:47:48.669Z] E0701 17:17:48.667673    8669 watch.go:40] Failed to load config from "/Volumes/mycode/Documents/GitHub/Ainor-Universe/dataconnect": could not find dataconnect.yaml in `/Volumes/mycode/Documents/GitHub/Ainor-Universe/dataconnect`
 {"metadata":{"emulator":{"name":"dataconnect"},"message":"E0701 17:17:48.667673    8669 watch.go:40] Failed to load config from \"/Volumes/mycode/Documents/GitHub/Ainor-Universe/dataconnect\": could not find dataconnect.yaml in `/Volumes/mycode/Documents/GitHub/Ainor-Universe/dataconnect`\n"}}
[debug] [2026-07-01T11:47:58.668Z] E0701 17:17:58.667752    8669 watch.go:40] Failed to load config from "/Volumes/mycode/Documents/GitHub/Ainor-Universe/dataconnect": could not find dataconnect.yaml in `/Volumes/mycode/Documents/GitHub/Ainor-Universe/dataconnect`
 {"metadata":{"emulator":{"name":"dataconnect"},"message":"E0701 17:17:58.667752    8669 watch.go:40] Failed to load config from \"/Volumes/mycode/Documents/GitHub/Ainor-Universe/dataconnect\": could not find dataconnect.yaml in `/Volumes/mycode/Documents/GitHub/Ainor-Universe/dataconnect`\n"}}
[debug] [2026-07-01T11:48:08.667Z] E0701 17:18:08.667417    8669 watch.go:40] Failed to load config from "/Volumes/mycode/Documents/GitHub/Ainor-Universe/dataconnect": could not find dataconnect.yaml in `/Volumes/mycode/Documents/GitHub/Ainor-Universe/dataconnect`
E0701 17:18:08.667297    8669 watch.go:116] watchAllDir unable to walk dir `/Volumes/mycode/Documents/GitHub/Ainor-Universe/dataconnect`: lstat /Volumes/mycode/Documents/GitHub/Ainor-Universe/dataconnect: no such file or directory
 {"metadata":{"emulator":{"name":"dataconnect"},"message":"E0701 17:18:08.667417    8669 watch.go:40] Failed to load config from \"/Volumes/mycode/Documents/GitHub/Ainor-Universe/dataconnect\": could not find dataconnect.yaml in `/Volumes/mycode/Documents/GitHub/Ainor-Universe/dataconnect`\nE0701 17:18:08.667297    8669 watch.go:116] watchAllDir unable to walk dir `/Volumes/mycode/Documents/GitHub/Ainor-Universe/dataconnect`: lstat /Volumes/mycode/Documents/GitHub/Ainor-Universe/dataconnect: no such file or directory\n"}}
[debug] [2026-07-01T11:48:18.668Z] E0701 17:18:18.667744    8669 watch.go:40] Failed to load config from "/Volumes/mycode/Documents/GitHub/Ainor-Universe/dataconnect": could not find dataconnect.yaml in `/Volumes/mycode/Documents/GitHub/Ainor-Universe/dataconnect`
 {"metadata":{"emulator":{"name":"dataconnect"},"message":"E0701 17:18:18.667744    8669 watch.go:40] Failed to load config from \"/Volumes/mycode/Documents/GitHub/Ainor-Universe/dataconnect\": could not find dataconnect.yaml in `/Volumes/mycode/Documents/GitHub/Ainor-Universe/dataconnect`\n"}}
[debug] [2026-07-01T11:48:28.668Z] E0701 17:18:28.667642    8669 watch.go:40] Failed to load config from "/Volumes/mycode/Documents/GitHub/Ainor-Universe/dataconnect": could not find dataconnect.yaml in `/Volumes/mycode/Documents/GitHub/Ainor-Universe/dataconnect`
 {"metadata":{"emulator":{"name":"dataconnect"},"message":"E0701 17:18:28.667642    8669 watch.go:40] Failed to load config from \"/Volumes/mycode/Documents/GitHub/Ainor-Universe/dataconnect\": could not find dataconnect.yaml in `/Volumes/mycode/Documents/GitHub/Ainor-Universe/dataconnect`\n"}}
[debug] [2026-07-01T11:48:38.667Z] E0701 17:18:38.667299    8669 watch.go:40] Failed to load config from "/Volumes/mycode/Documents/GitHub/Ainor-Universe/dataconnect": could not find dataconnect.yaml in `/Volumes/mycode/Documents/GitHub/Ainor-Universe/dataconnect`
 {"metadata":{"emulator":{"name":"dataconnect"},"message":"E0701 17:18:38.667299    8669 watch.go:40] Failed to load config from \"/Volumes/mycode/Documents/GitHub/Ainor-Universe/dataconnect\": could not find dataconnect.yaml in `/Volumes/mycode/Documents/GitHub/Ainor-Universe/dataconnect`\n"}}
[debug] [2026-07-01T11:48:48.667Z] E0701 17:18:48.667621    8669 watch.go:40] Failed to load config from "/Volumes/mycode/Documents/GitHub/Ainor-Universe/dataconnect": could not find dataconnect.yaml in `/Volumes/mycode/Documents/GitHub/Ainor-Universe/dataconnect`
 {"metadata":{"emulator":{"name":"dataconnect"},"message":"E0701 17:18:48.667621    8669 watch.go:40] Failed to load config from \"/Volumes/mycode/Documents/GitHub/Ainor-Universe/dataconnect\": could not find dataconnect.yaml in `/Volumes/mycode/Documents/GitHub/Ainor-Universe/dataconnect`\n"}}
[debug] [2026-07-01T11:48:58.668Z] E0701 17:18:58.668533    8669 watch.go:40] Failed to load config from "/Volumes/mycode/Documents/GitHub/Ainor-Universe/dataconnect": could not find dataconnect.yaml in `/Volumes/mycode/Documents/GitHub/Ainor-Universe/dataconnect`
 {"metadata":{"emulator":{"name":"dataconnect"},"message":"E0701 17:18:58.668533    8669 watch.go:40] Failed to load config from \"/Volumes/mycode/Documents/GitHub/Ainor-Universe/dataconnect\": could not find dataconnect.yaml in `/Volumes/mycode/Documents/GitHub/Ainor-Universe/dataconnect`\n"}}
[debug] [2026-07-01T11:49:08.667Z] E0701 17:19:08.666802    8669 watch.go:40] Failed to load config from "/Volumes/mycode/Documents/GitHub/Ainor-Universe/dataconnect": could not find dataconnect.yaml in `/Volumes/mycode/Documents/GitHub/Ainor-Universe/dataconnect`
E0701 17:19:08.666763    8669 watch.go:116] watchAllDir unable to walk dir `/Volumes/mycode/Documents/GitHub/Ainor-Universe/dataconnect`: lstat /Volumes/mycode/Documents/GitHub/Ainor-Universe/dataconnect: no such file or directory
 {"metadata":{"emulator":{"name":"dataconnect"},"message":"E0701 17:19:08.666802    8669 watch.go:40] Failed to load config from \"/Volumes/mycode/Documents/GitHub/Ainor-Universe/dataconnect\": could not find dataconnect.yaml in `/Volumes/mycode/Documents/GitHub/Ainor-Universe/dataconnect`\nE0701 17:19:08.666763    8669 watch.go:116] watchAllDir unable to walk dir `/Volumes/mycode/Documents/GitHub/Ainor-Universe/dataconnect`: lstat /Volumes/mycode/Documents/GitHub/Ainor-Universe/dataconnect: no such file or directory\n"}}
[debug] [2026-07-01T11:49:18.668Z] E0701 17:19:18.667985    8669 watch.go:40] Failed to load config from "/Volumes/mycode/Documents/GitHub/Ainor-Universe/dataconnect": could not find dataconnect.yaml in `/Volumes/mycode/Documents/GitHub/Ainor-Universe/dataconnect`
 {"metadata":{"emulator":{"name":"dataconnect"},"message":"E0701 17:19:18.667985    8669 watch.go:40] Failed to load config from \"/Volumes/mycode/Documents/GitHub/Ainor-Universe/dataconnect\": could not find dataconnect.yaml in `/Volumes/mycode/Documents/GitHub/Ainor-Universe/dataconnect`\n"}}
[debug] [2026-07-01T11:49:28.667Z] E0701 17:19:28.667718    8669 watch.go:40] Failed to load config from "/Volumes/mycode/Documents/GitHub/Ainor-Universe/dataconnect": could not find dataconnect.yaml in `/Volumes/mycode/Documents/GitHub/Ainor-Universe/dataconnect`
 {"metadata":{"emulator":{"name":"dataconnect"},"message":"E0701 17:19:28.667718    8669 watch.go:40] Failed to load config from \"/Volumes/mycode/Documents/GitHub/Ainor-Universe/dataconnect\": could not find dataconnect.yaml in `/Volumes/mycode/Documents/GitHub/Ainor-Universe/dataconnect`\n"}}
[debug] [2026-07-01T11:49:38.667Z] E0701 17:19:38.667085    8669 watch.go:40] Failed to load config from "/Volumes/mycode/Documents/GitHub/Ainor-Universe/dataconnect": could not find dataconnect.yaml in `/Volumes/mycode/Documents/GitHub/Ainor-Universe/dataconnect`
 {"metadata":{"emulator":{"name":"dataconnect"},"message":"E0701 17:19:38.667085    8669 watch.go:40] Failed to load config from \"/Volumes/mycode/Documents/GitHub/Ainor-Universe/dataconnect\": could not find dataconnect.yaml in `/Volumes/mycode/Documents/GitHub/Ainor-Universe/dataconnect`\n"}}
[debug] [2026-07-01T11:49:48.668Z] E0701 17:19:48.667817    8669 watch.go:40] Failed to load config from "/Volumes/mycode/Documents/GitHub/Ainor-Universe/dataconnect": could not find dataconnect.yaml in `/Volumes/mycode/Documents/GitHub/Ainor-Universe/dataconnect`
 {"metadata":{"emulator":{"name":"dataconnect"},"message":"E0701 17:19:48.667817    8669 watch.go:40] Failed to load config from \"/Volumes/mycode/Documents/GitHub/Ainor-Universe/dataconnect\": could not find dataconnect.yaml in `/Volumes/mycode/Documents/GitHub/Ainor-Universe/dataconnect`\n"}}
[debug] [2026-07-01T11:49:58.667Z] E0701 17:19:58.667785    8669 watch.go:40] Failed to load config from "/Volumes/mycode/Documents/GitHub/Ainor-Universe/dataconnect": could not find dataconnect.yaml in `/Volumes/mycode/Documents/GitHub/Ainor-Universe/dataconnect`
 {"metadata":{"emulator":{"name":"dataconnect"},"message":"E0701 17:19:58.667785    8669 watch.go:40] Failed to load config from \"/Volumes/mycode/Documents/GitHub/Ainor-Universe/dataconnect\": could not find dataconnect.yaml in `/Volumes/mycode/Documents/GitHub/Ainor-Universe/dataconnect`\n"}}
[debug] [2026-07-01T11:50:08.668Z] E0701 17:20:08.667583    8669 watch.go:40] Failed to load config from "/Volumes/mycode/Documents/GitHub/Ainor-Universe/dataconnect": could not find dataconnect.yaml in `/Volumes/mycode/Documents/GitHub/Ainor-Universe/dataconnect`
E0701 17:20:08.667544    8669 watch.go:116] watchAllDir unable to walk dir `/Volumes/mycode/Documents/GitHub/Ainor-Universe/dataconnect`: lstat /Volumes/mycode/Documents/GitHub/Ainor-Universe/dataconnect: no such file or directory
 {"metadata":{"emulator":{"name":"dataconnect"},"message":"E0701 17:20:08.667583    8669 watch.go:40] Failed to load config from \"/Volumes/mycode/Documents/GitHub/Ainor-Universe/dataconnect\": could not find dataconnect.yaml in `/Volumes/mycode/Documents/GitHub/Ainor-Universe/dataconnect`\nE0701 17:20:08.667544    8669 watch.go:116] watchAllDir unable to walk dir `/Volumes/mycode/Documents/GitHub/Ainor-Universe/dataconnect`: lstat /Volumes/mycode/Documents/GitHub/Ainor-Universe/dataconnect: no such file or directory\n"}}
[debug] [2026-07-01T11:50:18.668Z] E0701 17:20:18.667837    8669 watch.go:40] Failed to load config from "/Volumes/mycode/Documents/GitHub/Ainor-Universe/dataconnect": could not find dataconnect.yaml in `/Volumes/mycode/Documents/GitHub/Ainor-Universe/dataconnect`
 {"metadata":{"emulator":{"name":"dataconnect"},"message":"E0701 17:20:18.667837    8669 watch.go:40] Failed to load config from \"/Volumes/mycode/Documents/GitHub/Ainor-Universe/dataconnect\": could not find dataconnect.yaml in `/Volumes/mycode/Documents/GitHub/Ainor-Universe/dataconnect`\n"}}
[debug] [2026-07-01T11:50:28.667Z] E0701 17:20:28.667754    8669 watch.go:40] Failed to load config from "/Volumes/mycode/Documents/GitHub/Ainor-Universe/dataconnect": could not find dataconnect.yaml in `/Volumes/mycode/Documents/GitHub/Ainor-Universe/dataconnect`
 {"metadata":{"emulator":{"name":"dataconnect"},"message":"E0701 17:20:28.667754    8669 watch.go:40] Failed to load config from \"/Volumes/mycode/Documents/GitHub/Ainor-Universe/dataconnect\": could not find dataconnect.yaml in `/Volumes/mycode/Documents/GitHub/Ainor-Universe/dataconnect`\n"}}
[debug] [2026-07-01T11:50:38.667Z] E0701 17:20:38.667373    8669 watch.go:40] Failed to load config from "/Volumes/mycode/Documents/GitHub/Ainor-Universe/dataconnect": could not find dataconnect.yaml in `/Volumes/mycode/Documents/GitHub/Ainor-Universe/dataconnect`
 {"metadata":{"emulator":{"name":"dataconnect"},"message":"E0701 17:20:38.667373    8669 watch.go:40] Failed to load config from \"/Volumes/mycode/Documents/GitHub/Ainor-Universe/dataconnect\": could not find dataconnect.yaml in `/Volumes/mycode/Documents/GitHub/Ainor-Universe/dataconnect`\n"}}
[debug] [2026-07-01T11:50:48.671Z] E0701 17:20:48.668395    8669 watch.go:40] Failed to load config from "/Volumes/mycode/Documents/GitHub/Ainor-Universe/dataconnect": could not find dataconnect.yaml in `/Volumes/mycode/Documents/GitHub/Ainor-Universe/dataconnect`
 {"metadata":{"emulator":{"name":"dataconnect"},"message":"E0701 17:20:48.668395    8669 watch.go:40] Failed to load config from \"/Volumes/mycode/Documents/GitHub/Ainor-Universe/dataconnect\": could not find dataconnect.yaml in `/Volumes/mycode/Documents/GitHub/Ainor-Universe/dataconnect`\n"}}
[debug] [2026-07-01T11:50:58.668Z] E0701 17:20:58.667811    8669 watch.go:40] Failed to load config from "/Volumes/mycode/Documents/GitHub/Ainor-Universe/dataconnect": could not find dataconnect.yaml in `/Volumes/mycode/Documents/GitHub/Ainor-Universe/dataconnect`
 {"metadata":{"emulator":{"name":"dataconnect"},"message":"E0701 17:20:58.667811    8669 watch.go:40] Failed to load config from \"/Volumes/mycode/Documents/GitHub/Ainor-Universe/dataconnect\": could not find dataconnect.yaml in `/Volumes/mycode/Documents/GitHub/Ainor-Universe/dataconnect`\n"}}
[debug] [2026-07-01T11:51:08.667Z] E0701 17:21:08.667195    8669 watch.go:40] Failed to load config from "/Volumes/mycode/Documents/GitHub/Ainor-Universe/dataconnect": could not find dataconnect.yaml in `/Volumes/mycode/Documents/GitHub/Ainor-Universe/dataconnect`
E0701 17:21:08.667154    8669 watch.go:116] watchAllDir unable to walk dir `/Volumes/mycode/Documents/GitHub/Ainor-Universe/dataconnect`: lstat /Volumes/mycode/Documents/GitHub/Ainor-Universe/dataconnect: no such file or directory
 {"metadata":{"emulator":{"name":"dataconnect"},"message":"E0701 17:21:08.667195    8669 watch.go:40] Failed to load config from \"/Volumes/mycode/Documents/GitHub/Ainor-Universe/dataconnect\": could not find dataconnect.yaml in `/Volumes/mycode/Documents/GitHub/Ainor-Universe/dataconnect`\nE0701 17:21:08.667154    8669 watch.go:116] watchAllDir unable to walk dir `/Volumes/mycode/Documents/GitHub/Ainor-Universe/dataconnect`: lstat /Volumes/mycode/Documents/GitHub/Ainor-Universe/dataconnect: no such file or directory\n"}}
[debug] [2026-07-01T11:51:18.667Z] E0701 17:21:18.667412    8669 watch.go:40] Failed to load config from "/Volumes/mycode/Documents/GitHub/Ainor-Universe/dataconnect": could not find dataconnect.yaml in `/Volumes/mycode/Documents/GitHub/Ainor-Universe/dataconnect`
 {"metadata":{"emulator":{"name":"dataconnect"},"message":"E0701 17:21:18.667412    8669 watch.go:40] Failed to load config from \"/Volumes/mycode/Documents/GitHub/Ainor-Universe/dataconnect\": could not find dataconnect.yaml in `/Volumes/mycode/Documents/GitHub/Ainor-Universe/dataconnect`\n"}}
[debug] [2026-07-01T11:51:28.668Z] E0701 17:21:28.667861    8669 watch.go:40] Failed to load config from "/Volumes/mycode/Documents/GitHub/Ainor-Universe/dataconnect": could not find dataconnect.yaml in `/Volumes/mycode/Documents/GitHub/Ainor-Universe/dataconnect`
 {"metadata":{"emulator":{"name":"dataconnect"},"message":"E0701 17:21:28.667861    8669 watch.go:40] Failed to load config from \"/Volumes/mycode/Documents/GitHub/Ainor-Universe/dataconnect\": could not find dataconnect.yaml in `/Volumes/mycode/Documents/GitHub/Ainor-Universe/dataconnect`\n"}}
[debug] [2026-07-01T11:51:38.668Z] E0701 17:21:38.667517    8669 watch.go:40] Failed to load config from "/Volumes/mycode/Documents/GitHub/Ainor-Universe/dataconnect": could not find dataconnect.yaml in `/Volumes/mycode/Documents/GitHub/Ainor-Universe/dataconnect`
 {"metadata":{"emulator":{"name":"dataconnect"},"message":"E0701 17:21:38.667517    8669 watch.go:40] Failed to load config from \"/Volumes/mycode/Documents/GitHub/Ainor-Universe/dataconnect\": could not find dataconnect.yaml in `/Volumes/mycode/Documents/GitHub/Ainor-Universe/dataconnect`\n"}}
[debug] [2026-07-01T11:51:48.668Z] E0701 17:21:48.667761    8669 watch.go:40] Failed to load config from "/Volumes/mycode/Documents/GitHub/Ainor-Universe/dataconnect": could not find dataconnect.yaml in `/Volumes/mycode/Documents/GitHub/Ainor-Universe/dataconnect`
 {"metadata":{"emulator":{"name":"dataconnect"},"message":"E0701 17:21:48.667761    8669 watch.go:40] Failed to load config from \"/Volumes/mycode/Documents/GitHub/Ainor-Universe/dataconnect\": could not find dataconnect.yaml in `/Volumes/mycode/Documents/GitHub/Ainor-Universe/dataconnect`\n"}}
[debug] [2026-07-01T11:51:58.668Z] E0701 17:21:58.667845    8669 watch.go:40] Failed to load config from "/Volumes/mycode/Documents/GitHub/Ainor-Universe/dataconnect": could not find dataconnect.yaml in `/Volumes/mycode/Documents/GitHub/Ainor-Universe/dataconnect`
 {"metadata":{"emulator":{"name":"dataconnect"},"message":"E0701 17:21:58.667845    8669 watch.go:40] Failed to load config from \"/Volumes/mycode/Documents/GitHub/Ainor-Universe/dataconnect\": could not find dataconnect.yaml in `/Volumes/mycode/Documents/GitHub/Ainor-Universe/dataconnect`\n"}}
[debug] [2026-07-01T11:52:08.667Z] E0701 17:22:08.667110    8669 watch.go:40] Failed to load config from "/Volumes/mycode/Documents/GitHub/Ainor-Universe/dataconnect": could not find dataconnect.yaml in `/Volumes/mycode/Documents/GitHub/Ainor-Universe/dataconnect`
E0701 17:22:08.667097    8669 watch.go:116] watchAllDir unable to walk dir `/Volumes/mycode/Documents/GitHub/Ainor-Universe/dataconnect`: lstat /Volumes/mycode/Documents/GitHub/Ainor-Universe/dataconnect: no such file or directory
 {"metadata":{"emulator":{"name":"dataconnect"},"message":"E0701 17:22:08.667110    8669 watch.go:40] Failed to load config from \"/Volumes/mycode/Documents/GitHub/Ainor-Universe/dataconnect\": could not find dataconnect.yaml in `/Volumes/mycode/Documents/GitHub/Ainor-Universe/dataconnect`\nE0701 17:22:08.667097    8669 watch.go:116] watchAllDir unable to walk dir `/Volumes/mycode/Documents/GitHub/Ainor-Universe/dataconnect`: lstat /Volumes/mycode/Documents/GitHub/Ainor-Universe/dataconnect: no such file or directory\n"}}
[debug] [2026-07-01T11:52:18.668Z] E0701 17:22:18.667908    8669 watch.go:40] Failed to load config from "/Volumes/mycode/Documents/GitHub/Ainor-Universe/dataconnect": could not find dataconnect.yaml in `/Volumes/mycode/Documents/GitHub/Ainor-Universe/dataconnect`
 {"metadata":{"emulator":{"name":"dataconnect"},"message":"E0701 17:22:18.667908    8669 watch.go:40] Failed to load config from \"/Volumes/mycode/Documents/GitHub/Ainor-Universe/dataconnect\": could not find dataconnect.yaml in `/Volumes/mycode/Documents/GitHub/Ainor-Universe/dataconnect`\n"}}
[debug] [2026-07-01T11:52:28.668Z] E0701 17:22:28.667900    8669 watch.go:40] Failed to load config from "/Volumes/mycode/Documents/GitHub/Ainor-Universe/dataconnect": could not find dataconnect.yaml in `/Volumes/mycode/Documents/GitHub/Ainor-Universe/dataconnect`
 {"metadata":{"emulator":{"name":"dataconnect"},"message":"E0701 17:22:28.667900    8669 watch.go:40] Failed to load config from \"/Volumes/mycode/Documents/GitHub/Ainor-Universe/dataconnect\": could not find dataconnect.yaml in `/Volumes/mycode/Documents/GitHub/Ainor-Universe/dataconnect`\n"}}
[debug] [2026-07-01T11:52:38.667Z] E0701 17:22:38.667212    8669 watch.go:40] Failed to load config from "/Volumes/mycode/Documents/GitHub/Ainor-Universe/dataconnect": could not find dataconnect.yaml in `/Volumes/mycode/Documents/GitHub/Ainor-Universe/dataconnect`
 {"metadata":{"emulator":{"name":"dataconnect"},"message":"E0701 17:22:38.667212    8669 watch.go:40] Failed to load config from \"/Volumes/mycode/Documents/GitHub/Ainor-Universe/dataconnect\": could not find dataconnect.yaml in `/Volumes/mycode/Documents/GitHub/Ainor-Universe/dataconnect`\n"}}
[debug] [2026-07-01T11:52:48.669Z] E0701 17:22:48.668108    8669 watch.go:40] Failed to load config from "/Volumes/mycode/Documents/GitHub/Ainor-Universe/dataconnect": could not find dataconnect.yaml in `/Volumes/mycode/Documents/GitHub/Ainor-Universe/dataconnect`
 {"metadata":{"emulator":{"name":"dataconnect"},"message":"E0701 17:22:48.668108    8669 watch.go:40] Failed to load config from \"/Volumes/mycode/Documents/GitHub/Ainor-Universe/dataconnect\": could not find dataconnect.yaml in `/Volumes/mycode/Documents/GitHub/Ainor-Universe/dataconnect`\n"}}
[debug] [2026-07-01T11:52:58.668Z] E0701 17:22:58.667790    8669 watch.go:40] Failed to load config from "/Volumes/mycode/Documents/GitHub/Ainor-Universe/dataconnect": could not find dataconnect.yaml in `/Volumes/mycode/Documents/GitHub/Ainor-Universe/dataconnect`
 {"metadata":{"emulator":{"name":"dataconnect"},"message":"E0701 17:22:58.667790    8669 watch.go:40] Failed to load config from \"/Volumes/mycode/Documents/GitHub/Ainor-Universe/dataconnect\": could not find dataconnect.yaml in `/Volumes/mycode/Documents/GitHub/Ainor-Universe/dataconnect`\n"}}
[debug] [2026-07-01T11:53:08.667Z] E0701 17:23:08.666883    8669 watch.go:116] watchAllDir unable to walk dir `/Volumes/mycode/Documents/GitHub/Ainor-Universe/dataconnect`: lstat /Volumes/mycode/Documents/GitHub/Ainor-Universe/dataconnect: no such file or directory
E0701 17:23:08.666942    8669 watch.go:40] Failed to load config from "/Volumes/mycode/Documents/GitHub/Ainor-Universe/dataconnect": could not find dataconnect.yaml in `/Volumes/mycode/Documents/GitHub/Ainor-Universe/dataconnect`
 {"metadata":{"emulator":{"name":"dataconnect"},"message":"E0701 17:23:08.666883    8669 watch.go:116] watchAllDir unable to walk dir `/Volumes/mycode/Documents/GitHub/Ainor-Universe/dataconnect`: lstat /Volumes/mycode/Documents/GitHub/Ainor-Universe/dataconnect: no such file or directory\nE0701 17:23:08.666942    8669 watch.go:40] Failed to load config from \"/Volumes/mycode/Documents/GitHub/Ainor-Universe/dataconnect\": could not find dataconnect.yaml in `/Volumes/mycode/Documents/GitHub/Ainor-Universe/dataconnect`\n"}}
[debug] [2026-07-01T11:53:18.667Z] E0701 17:23:18.667223    8669 watch.go:40] Failed to load config from "/Volumes/mycode/Documents/GitHub/Ainor-Universe/dataconnect": could not find dataconnect.yaml in `/Volumes/mycode/Documents/GitHub/Ainor-Universe/dataconnect`
 {"metadata":{"emulator":{"name":"dataconnect"},"message":"E0701 17:23:18.667223    8669 watch.go:40] Failed to load config from \"/Volumes/mycode/Documents/GitHub/Ainor-Universe/dataconnect\": could not find dataconnect.yaml in `/Volumes/mycode/Documents/GitHub/Ainor-Universe/dataconnect`\n"}}
[debug] [2026-07-01T11:53:28.670Z] E0701 17:23:28.668423    8669 watch.go:40] Failed to load config from "/Volumes/mycode/Documents/GitHub/Ainor-Universe/dataconnect": could not find dataconnect.yaml in `/Volumes/mycode/Documents/GitHub/Ainor-Universe/dataconnect`
 {"metadata":{"emulator":{"name":"dataconnect"},"message":"E0701 17:23:28.668423    8669 watch.go:40] Failed to load config from \"/Volumes/mycode/Documents/GitHub/Ainor-Universe/dataconnect\": could not find dataconnect.yaml in `/Volumes/mycode/Documents/GitHub/Ainor-Universe/dataconnect`\n"}}
[debug] [2026-07-01T11:53:38.667Z] E0701 17:23:38.667569    8669 watch.go:40] Failed to load config from "/Volumes/mycode/Documents/GitHub/Ainor-Universe/dataconnect": could not find dataconnect.yaml in `/Volumes/mycode/Documents/GitHub/Ainor-Universe/dataconnect`
 {"metadata":{"emulator":{"name":"dataconnect"},"message":"E0701 17:23:38.667569    8669 watch.go:40] Failed to load config from \"/Volumes/mycode/Documents/GitHub/Ainor-Universe/dataconnect\": could not find dataconnect.yaml in `/Volumes/mycode/Documents/GitHub/Ainor-Universe/dataconnect`\n"}}
[debug] [2026-07-01T11:53:48.668Z] E0701 17:23:48.667963    8669 watch.go:40] Failed to load config from "/Volumes/mycode/Documents/GitHub/Ainor-Universe/dataconnect": could not find dataconnect.yaml in `/Volumes/mycode/Documents/GitHub/Ainor-Universe/dataconnect`
 {"metadata":{"emulator":{"name":"dataconnect"},"message":"E0701 17:23:48.667963    8669 watch.go:40] Failed to load config from \"/Volumes/mycode/Documents/GitHub/Ainor-Universe/dataconnect\": could not find dataconnect.yaml in `/Volumes/mycode/Documents/GitHub/Ainor-Universe/dataconnect`\n"}}
[debug] [2026-07-01T11:53:58.668Z] E0701 17:23:58.667953    8669 watch.go:40] Failed to load config from "/Volumes/mycode/Documents/GitHub/Ainor-Universe/dataconnect": could not find dataconnect.yaml in `/Volumes/mycode/Documents/GitHub/Ainor-Universe/dataconnect`
 {"metadata":{"emulator":{"name":"dataconnect"},"message":"E0701 17:23:58.667953    8669 watch.go:40] Failed to load config from \"/Volumes/mycode/Documents/GitHub/Ainor-Universe/dataconnect\": could not find dataconnect.yaml in `/Volumes/mycode/Documents/GitHub/Ainor-Universe/dataconnect`\n"}}
[debug] [2026-07-01T11:54:08.667Z] E0701 17:24:08.667317    8669 watch.go:40] Failed to load config from "/Volumes/mycode/Documents/GitHub/Ainor-Universe/dataconnect": could not find dataconnect.yaml in `/Volumes/mycode/Documents/GitHub/Ainor-Universe/dataconnect`
 {"metadata":{"emulator":{"name":"dataconnect"},"message":"E0701 17:24:08.667317    8669 watch.go:40] Failed to load config from \"/Volumes/mycode/Documents/GitHub/Ainor-Universe/dataconnect\": could not find dataconnect.yaml in `/Volumes/mycode/Documents/GitHub/Ainor-Universe/dataconnect`\n"}}
[debug] [2026-07-01T11:54:08.669Z] E0701 17:24:08.667233    8669 watch.go:116] watchAllDir unable to walk dir `/Volumes/mycode/Documents/GitHub/Ainor-Universe/dataconnect`: lstat /Volumes/mycode/Documents/GitHub/Ainor-Universe/dataconnect: no such file or directory
 {"metadata":{"emulator":{"name":"dataconnect"},"message":"E0701 17:24:08.667233    8669 watch.go:116] watchAllDir unable to walk dir `/Volumes/mycode/Documents/GitHub/Ainor-Universe/dataconnect`: lstat /Volumes/mycode/Documents/GitHub/Ainor-Universe/dataconnect: no such file or directory\n"}}
[debug] [2026-07-01T11:54:18.669Z] E0701 17:24:18.668212    8669 watch.go:40] Failed to load config from "/Volumes/mycode/Documents/GitHub/Ainor-Universe/dataconnect": could not find dataconnect.yaml in `/Volumes/mycode/Documents/GitHub/Ainor-Universe/dataconnect`
 {"metadata":{"emulator":{"name":"dataconnect"},"message":"E0701 17:24:18.668212    8669 watch.go:40] Failed to load config from \"/Volumes/mycode/Documents/GitHub/Ainor-Universe/dataconnect\": could not find dataconnect.yaml in `/Volumes/mycode/Documents/GitHub/Ainor-Universe/dataconnect`\n"}}
[debug] [2026-07-01T11:54:28.667Z] E0701 17:24:28.667319    8669 watch.go:40] Failed to load config from "/Volumes/mycode/Documents/GitHub/Ainor-Universe/dataconnect": could not find dataconnect.yaml in `/Volumes/mycode/Documents/GitHub/Ainor-Universe/dataconnect`
 {"metadata":{"emulator":{"name":"dataconnect"},"message":"E0701 17:24:28.667319    8669 watch.go:40] Failed to load config from \"/Volumes/mycode/Documents/GitHub/Ainor-Universe/dataconnect\": could not find dataconnect.yaml in `/Volumes/mycode/Documents/GitHub/Ainor-Universe/dataconnect`\n"}}
[debug] [2026-07-01T11:54:38.667Z] E0701 17:24:38.667591    8669 watch.go:40] Failed to load config from "/Volumes/mycode/Documents/GitHub/Ainor-Universe/dataconnect": could not find dataconnect.yaml in `/Volumes/mycode/Documents/GitHub/Ainor-Universe/dataconnect`
 {"metadata":{"emulator":{"name":"dataconnect"},"message":"E0701 17:24:38.667591    8669 watch.go:40] Failed to load config from \"/Volumes/mycode/Documents/GitHub/Ainor-Universe/dataconnect\": could not find dataconnect.yaml in `/Volumes/mycode/Documents/GitHub/Ainor-Universe/dataconnect`\n"}}
[debug] [2026-07-01T11:54:48.668Z] E0701 17:24:48.667986    8669 watch.go:40] Failed to load config from "/Volumes/mycode/Documents/GitHub/Ainor-Universe/dataconnect": could not find dataconnect.yaml in `/Volumes/mycode/Documents/GitHub/Ainor-Universe/dataconnect`
 {"metadata":{"emulator":{"name":"dataconnect"},"message":"E0701 17:24:48.667986    8669 watch.go:40] Failed to load config from \"/Volumes/mycode/Documents/GitHub/Ainor-Universe/dataconnect\": could not find dataconnect.yaml in `/Volumes/mycode/Documents/GitHub/Ainor-Universe/dataconnect`\n"}}
[debug] [2026-07-01T11:54:58.668Z] E0701 17:24:58.668132    8669 watch.go:40] Failed to load config from "/Volumes/mycode/Documents/GitHub/Ainor-Universe/dataconnect": could not find dataconnect.yaml in `/Volumes/mycode/Documents/GitHub/Ainor-Universe/dataconnect`
 {"metadata":{"emulator":{"name":"dataconnect"},"message":"E0701 17:24:58.668132    8669 watch.go:40] Failed to load config from \"/Volumes/mycode/Documents/GitHub/Ainor-Universe/dataconnect\": could not find dataconnect.yaml in `/Volumes/mycode/Documents/GitHub/Ainor-Universe/dataconnect`\n"}}
[debug] [2026-07-01T11:55:08.668Z] E0701 17:25:08.667717    8669 watch.go:116] watchAllDir unable to walk dir `/Volumes/mycode/Documents/GitHub/Ainor-Universe/dataconnect`: lstat /Volumes/mycode/Documents/GitHub/Ainor-Universe/dataconnect: no such file or directory
E0701 17:25:08.667853    8669 watch.go:40] Failed to load config from "/Volumes/mycode/Documents/GitHub/Ainor-Universe/dataconnect": could not find dataconnect.yaml in `/Volumes/mycode/Documents/GitHub/Ainor-Universe/dataconnect`
 {"metadata":{"emulator":{"name":"dataconnect"},"message":"E0701 17:25:08.667717    8669 watch.go:116] watchAllDir unable to walk dir `/Volumes/mycode/Documents/GitHub/Ainor-Universe/dataconnect`: lstat /Volumes/mycode/Documents/GitHub/Ainor-Universe/dataconnect: no such file or directory\nE0701 17:25:08.667853    8669 watch.go:40] Failed to load config from \"/Volumes/mycode/Documents/GitHub/Ainor-Universe/dataconnect\": could not find dataconnect.yaml in `/Volumes/mycode/Documents/GitHub/Ainor-Universe/dataconnect`\n"}}
[debug] [2026-07-01T11:55:18.668Z] E0701 17:25:18.668149    8669 watch.go:40] Failed to load config from "/Volumes/mycode/Documents/GitHub/Ainor-Universe/dataconnect": could not find dataconnect.yaml in `/Volumes/mycode/Documents/GitHub/Ainor-Universe/dataconnect`
 {"metadata":{"emulator":{"name":"dataconnect"},"message":"E0701 17:25:18.668149    8669 watch.go:40] Failed to load config from \"/Volumes/mycode/Documents/GitHub/Ainor-Universe/dataconnect\": could not find dataconnect.yaml in `/Volumes/mycode/Documents/GitHub/Ainor-Universe/dataconnect`\n"}}
[debug] [2026-07-01T11:55:28.668Z] E0701 17:25:28.668044    8669 watch.go:40] Failed to load config from "/Volumes/mycode/Documents/GitHub/Ainor-Universe/dataconnect": could not find dataconnect.yaml in `/Volumes/mycode/Documents/GitHub/Ainor-Universe/dataconnect`
 {"metadata":{"emulator":{"name":"dataconnect"},"message":"E0701 17:25:28.668044    8669 watch.go:40] Failed to load config from \"/Volumes/mycode/Documents/GitHub/Ainor-Universe/dataconnect\": could not find dataconnect.yaml in `/Volumes/mycode/Documents/GitHub/Ainor-Universe/dataconnect`\n"}}
[debug] [2026-07-01T11:55:38.667Z] E0701 17:25:38.667546    8669 watch.go:40] Failed to load config from "/Volumes/mycode/Documents/GitHub/Ainor-Universe/dataconnect": could not find dataconnect.yaml in `/Volumes/mycode/Documents/GitHub/Ainor-Universe/dataconnect`
 {"metadata":{"emulator":{"name":"dataconnect"},"message":"E0701 17:25:38.667546    8669 watch.go:40] Failed to load config from \"/Volumes/mycode/Documents/GitHub/Ainor-Universe/dataconnect\": could not find dataconnect.yaml in `/Volumes/mycode/Documents/GitHub/Ainor-Universe/dataconnect`\n"}}
[debug] [2026-07-01T11:55:48.667Z] E0701 17:25:48.667431    8669 watch.go:40] Failed to load config from "/Volumes/mycode/Documents/GitHub/Ainor-Universe/dataconnect": could not find dataconnect.yaml in `/Volumes/mycode/Documents/GitHub/Ainor-Universe/dataconnect`
 {"metadata":{"emulator":{"name":"dataconnect"},"message":"E0701 17:25:48.667431    8669 watch.go:40] Failed to load config from \"/Volumes/mycode/Documents/GitHub/Ainor-Universe/dataconnect\": could not find dataconnect.yaml in `/Volumes/mycode/Documents/GitHub/Ainor-Universe/dataconnect`\n"}}
[debug] [2026-07-01T11:55:58.668Z] E0701 17:25:58.667985    8669 watch.go:40] Failed to load config from "/Volumes/mycode/Documents/GitHub/Ainor-Universe/dataconnect": could not find dataconnect.yaml in `/Volumes/mycode/Documents/GitHub/Ainor-Universe/dataconnect`
 {"metadata":{"emulator":{"name":"dataconnect"},"message":"E0701 17:25:58.667985    8669 watch.go:40] Failed to load config from \"/Volumes/mycode/Documents/GitHub/Ainor-Universe/dataconnect\": could not find dataconnect.yaml in `/Volumes/mycode/Documents/GitHub/Ainor-Universe/dataconnect`\n"}}
[debug] [2026-07-01T11:56:08.668Z] E0701 17:26:08.667698    8669 watch.go:116] watchAllDir unable to walk dir `/Volumes/mycode/Documents/GitHub/Ainor-Universe/dataconnect`: lstat /Volumes/mycode/Documents/GitHub/Ainor-Universe/dataconnect: no such file or directory
E0701 17:26:08.667805    8669 watch.go:40] Failed to load config from "/Volumes/mycode/Documents/GitHub/Ainor-Universe/dataconnect": could not find dataconnect.yaml in `/Volumes/mycode/Documents/GitHub/Ainor-Universe/dataconnect`
 {"metadata":{"emulator":{"name":"dataconnect"},"message":"E0701 17:26:08.667698    8669 watch.go:116] watchAllDir unable to walk dir `/Volumes/mycode/Documents/GitHub/Ainor-Universe/dataconnect`: lstat /Volumes/mycode/Documents/GitHub/Ainor-Universe/dataconnect: no such file or directory\nE0701 17:26:08.667805    8669 watch.go:40] Failed to load config from \"/Volumes/mycode/Documents/GitHub/Ainor-Universe/dataconnect\": could not find dataconnect.yaml in `/Volumes/mycode/Documents/GitHub/Ainor-Universe/dataconnect`\n"}}
[debug] [2026-07-01T11:56:18.667Z] E0701 17:26:18.667652    8669 watch.go:40] Failed to load config from "/Volumes/mycode/Documents/GitHub/Ainor-Universe/dataconnect": could not find dataconnect.yaml in `/Volumes/mycode/Documents/GitHub/Ainor-Universe/dataconnect`
 {"metadata":{"emulator":{"name":"dataconnect"},"message":"E0701 17:26:18.667652    8669 watch.go:40] Failed to load config from \"/Volumes/mycode/Documents/GitHub/Ainor-Universe/dataconnect\": could not find dataconnect.yaml in `/Volumes/mycode/Documents/GitHub/Ainor-Universe/dataconnect`\n"}}
[debug] [2026-07-01T11:56:28.668Z] E0701 17:26:28.667923    8669 watch.go:40] Failed to load config from "/Volumes/mycode/Documents/GitHub/Ainor-Universe/dataconnect": could not find dataconnect.yaml in `/Volumes/mycode/Documents/GitHub/Ainor-Universe/dataconnect`
 {"metadata":{"emulator":{"name":"dataconnect"},"message":"E0701 17:26:28.667923    8669 watch.go:40] Failed to load config from \"/Volumes/mycode/Documents/GitHub/Ainor-Universe/dataconnect\": could not find dataconnect.yaml in `/Volumes/mycode/Documents/GitHub/Ainor-Universe/dataconnect`\n"}}
[debug] [2026-07-01T11:56:38.668Z] E0701 17:26:38.668109    8669 watch.go:40] Failed to load config from "/Volumes/mycode/Documents/GitHub/Ainor-Universe/dataconnect": could not find dataconnect.yaml in `/Volumes/mycode/Documents/GitHub/Ainor-Universe/dataconnect`
 {"metadata":{"emulator":{"name":"dataconnect"},"message":"E0701 17:26:38.668109    8669 watch.go:40] Failed to load config from \"/Volumes/mycode/Documents/GitHub/Ainor-Universe/dataconnect\": could not find dataconnect.yaml in `/Volumes/mycode/Documents/GitHub/Ainor-Universe/dataconnect`\n"}}
[debug] [2026-07-01T11:56:48.668Z] E0701 17:26:48.667728    8669 watch.go:40] Failed to load config from "/Volumes/mycode/Documents/GitHub/Ainor-Universe/dataconnect": could not find dataconnect.yaml in `/Volumes/mycode/Documents/GitHub/Ainor-Universe/dataconnect`
 {"metadata":{"emulator":{"name":"dataconnect"},"message":"E0701 17:26:48.667728    8669 watch.go:40] Failed to load config from \"/Volumes/mycode/Documents/GitHub/Ainor-Universe/dataconnect\": could not find dataconnect.yaml in `/Volumes/mycode/Documents/GitHub/Ainor-Universe/dataconnect`\n"}}
[debug] [2026-07-01T11:56:58.668Z] E0701 17:26:58.668176    8669 watch.go:40] Failed to load config from "/Volumes/mycode/Documents/GitHub/Ainor-Universe/dataconnect": could not find dataconnect.yaml in `/Volumes/mycode/Documents/GitHub/Ainor-Universe/dataconnect`
 {"metadata":{"emulator":{"name":"dataconnect"},"message":"E0701 17:26:58.668176    8669 watch.go:40] Failed to load config from \"/Volumes/mycode/Documents/GitHub/Ainor-Universe/dataconnect\": could not find dataconnect.yaml in `/Volumes/mycode/Documents/GitHub/Ainor-Universe/dataconnect`\n"}}
[debug] [2026-07-01T11:57:08.668Z] E0701 17:27:08.667898    8669 watch.go:40] Failed to load config from "/Volumes/mycode/Documents/GitHub/Ainor-Universe/dataconnect": could not find dataconnect.yaml in `/Volumes/mycode/Documents/GitHub/Ainor-Universe/dataconnect`
E0701 17:27:08.667823    8669 watch.go:116] watchAllDir unable to walk dir `/Volumes/mycode/Documents/GitHub/Ainor-Universe/dataconnect`: lstat /Volumes/mycode/Documents/GitHub/Ainor-Universe/dataconnect: no such file or directory
 {"metadata":{"emulator":{"name":"dataconnect"},"message":"E0701 17:27:08.667898    8669 watch.go:40] Failed to load config from \"/Volumes/mycode/Documents/GitHub/Ainor-Universe/dataconnect\": could not find dataconnect.yaml in `/Volumes/mycode/Documents/GitHub/Ainor-Universe/dataconnect`\nE0701 17:27:08.667823    8669 watch.go:116] watchAllDir unable to walk dir `/Volumes/mycode/Documents/GitHub/Ainor-Universe/dataconnect`: lstat /Volumes/mycode/Documents/GitHub/Ainor-Universe/dataconnect: no such file or directory\n"}}
[debug] [2026-07-01T11:57:18.669Z] E0701 17:27:18.669264    8669 watch.go:40] Failed to load config from "/Volumes/mycode/Documents/GitHub/Ainor-Universe/dataconnect": could not find dataconnect.yaml in `/Volumes/mycode/Documents/GitHub/Ainor-Universe/dataconnect`
 {"metadata":{"emulator":{"name":"dataconnect"},"message":"E0701 17:27:18.669264    8669 watch.go:40] Failed to load config from \"/Volumes/mycode/Documents/GitHub/Ainor-Universe/dataconnect\": could not find dataconnect.yaml in `/Volumes/mycode/Documents/GitHub/Ainor-Universe/dataconnect`\n"}}
[debug] [2026-07-01T11:57:28.668Z] E0701 17:27:28.668282    8669 watch.go:40] Failed to load config from "/Volumes/mycode/Documents/GitHub/Ainor-Universe/dataconnect": could not find dataconnect.yaml in `/Volumes/mycode/Documents/GitHub/Ainor-Universe/dataconnect`
 {"metadata":{"emulator":{"name":"dataconnect"},"message":"E0701 17:27:28.668282    8669 watch.go:40] Failed to load config from \"/Volumes/mycode/Documents/GitHub/Ainor-Universe/dataconnect\": could not find dataconnect.yaml in `/Volumes/mycode/Documents/GitHub/Ainor-Universe/dataconnect`\n"}}
[debug] [2026-07-01T11:57:38.667Z] E0701 17:27:38.667623    8669 watch.go:40] Failed to load config from "/Volumes/mycode/Documents/GitHub/Ainor-Universe/dataconnect": could not find dataconnect.yaml in `/Volumes/mycode/Documents/GitHub/Ainor-Universe/dataconnect`
 {"metadata":{"emulator":{"name":"dataconnect"},"message":"E0701 17:27:38.667623    8669 watch.go:40] Failed to load config from \"/Volumes/mycode/Documents/GitHub/Ainor-Universe/dataconnect\": could not find dataconnect.yaml in `/Volumes/mycode/Documents/GitHub/Ainor-Universe/dataconnect`\n"}}
[debug] [2026-07-01T11:57:48.667Z] E0701 17:27:48.667529    8669 watch.go:40] Failed to load config from "/Volumes/mycode/Documents/GitHub/Ainor-Universe/dataconnect": could not find dataconnect.yaml in `/Volumes/mycode/Documents/GitHub/Ainor-Universe/dataconnect`
 {"metadata":{"emulator":{"name":"dataconnect"},"message":"E0701 17:27:48.667529    8669 watch.go:40] Failed to load config from \"/Volumes/mycode/Documents/GitHub/Ainor-Universe/dataconnect\": could not find dataconnect.yaml in `/Volumes/mycode/Documents/GitHub/Ainor-Universe/dataconnect`\n"}}
[debug] [2026-07-01T11:57:58.669Z] E0701 17:27:58.668718    8669 watch.go:40] Failed to load config from "/Volumes/mycode/Documents/GitHub/Ainor-Universe/dataconnect": could not find dataconnect.yaml in `/Volumes/mycode/Documents/GitHub/Ainor-Universe/dataconnect`
 {"metadata":{"emulator":{"name":"dataconnect"},"message":"E0701 17:27:58.668718    8669 watch.go:40] Failed to load config from \"/Volumes/mycode/Documents/GitHub/Ainor-Universe/dataconnect\": could not find dataconnect.yaml in `/Volumes/mycode/Documents/GitHub/Ainor-Universe/dataconnect`\n"}}
[debug] [2026-07-01T11:58:08.668Z] E0701 17:28:08.668220    8669 watch.go:116] watchAllDir unable to walk dir `/Volumes/mycode/Documents/GitHub/Ainor-Universe/dataconnect`: lstat /Volumes/mycode/Documents/GitHub/Ainor-Universe/dataconnect: no such file or directory
E0701 17:28:08.668291    8669 watch.go:40] Failed to load config from "/Volumes/mycode/Documents/GitHub/Ainor-Universe/dataconnect": could not find dataconnect.yaml in `/Volumes/mycode/Documents/GitHub/Ainor-Universe/dataconnect`
 {"metadata":{"emulator":{"name":"dataconnect"},"message":"E0701 17:28:08.668220    8669 watch.go:116] watchAllDir unable to walk dir `/Volumes/mycode/Documents/GitHub/Ainor-Universe/dataconnect`: lstat /Volumes/mycode/Documents/GitHub/Ainor-Universe/dataconnect: no such file or directory\nE0701 17:28:08.668291    8669 watch.go:40] Failed to load config from \"/Volumes/mycode/Documents/GitHub/Ainor-Universe/dataconnect\": could not find dataconnect.yaml in `/Volumes/mycode/Documents/GitHub/Ainor-Universe/dataconnect`\n"}}
[debug] [2026-07-01T11:58:18.669Z] E0701 17:28:18.668980    8669 watch.go:40] Failed to load config from "/Volumes/mycode/Documents/GitHub/Ainor-Universe/dataconnect": could not find dataconnect.yaml in `/Volumes/mycode/Documents/GitHub/Ainor-Universe/dataconnect`
 {"metadata":{"emulator":{"name":"dataconnect"},"message":"E0701 17:28:18.668980    8669 watch.go:40] Failed to load config from \"/Volumes/mycode/Documents/GitHub/Ainor-Universe/dataconnect\": could not find dataconnect.yaml in `/Volumes/mycode/Documents/GitHub/Ainor-Universe/dataconnect`\n"}}
[debug] [2026-07-01T11:58:28.669Z] E0701 17:28:28.668883    8669 watch.go:40] Failed to load config from "/Volumes/mycode/Documents/GitHub/Ainor-Universe/dataconnect": could not find dataconnect.yaml in `/Volumes/mycode/Documents/GitHub/Ainor-Universe/dataconnect`
 {"metadata":{"emulator":{"name":"dataconnect"},"message":"E0701 17:28:28.668883    8669 watch.go:40] Failed to load config from \"/Volumes/mycode/Documents/GitHub/Ainor-Universe/dataconnect\": could not find dataconnect.yaml in `/Volumes/mycode/Documents/GitHub/Ainor-Universe/dataconnect`\n"}}
[debug] [2026-07-01T11:58:38.669Z] E0701 17:28:38.668721    8669 watch.go:40] Failed to load config from "/Volumes/mycode/Documents/GitHub/Ainor-Universe/dataconnect": could not find dataconnect.yaml in `/Volumes/mycode/Documents/GitHub/Ainor-Universe/dataconnect`
 {"metadata":{"emulator":{"name":"dataconnect"},"message":"E0701 17:28:38.668721    8669 watch.go:40] Failed to load config from \"/Volumes/mycode/Documents/GitHub/Ainor-Universe/dataconnect\": could not find dataconnect.yaml in `/Volumes/mycode/Documents/GitHub/Ainor-Universe/dataconnect`\n"}}
[debug] [2026-07-01T11:58:48.669Z] E0701 17:28:48.668915    8669 watch.go:40] Failed to load config from "/Volumes/mycode/Documents/GitHub/Ainor-Universe/dataconnect": could not find dataconnect.yaml in `/Volumes/mycode/Documents/GitHub/Ainor-Universe/dataconnect`
 {"metadata":{"emulator":{"name":"dataconnect"},"message":"E0701 17:28:48.668915    8669 watch.go:40] Failed to load config from \"/Volumes/mycode/Documents/GitHub/Ainor-Universe/dataconnect\": could not find dataconnect.yaml in `/Volumes/mycode/Documents/GitHub/Ainor-Universe/dataconnect`\n"}}
[debug] [2026-07-01T11:58:58.668Z] E0701 17:28:58.667979    8669 watch.go:40] Failed to load config from "/Volumes/mycode/Documents/GitHub/Ainor-Universe/dataconnect": could not find dataconnect.yaml in `/Volumes/mycode/Documents/GitHub/Ainor-Universe/dataconnect`
 {"metadata":{"emulator":{"name":"dataconnect"},"message":"E0701 17:28:58.667979    8669 watch.go:40] Failed to load config from \"/Volumes/mycode/Documents/GitHub/Ainor-Universe/dataconnect\": could not find dataconnect.yaml in `/Volumes/mycode/Documents/GitHub/Ainor-Universe/dataconnect`\n"}}
[debug] [2026-07-01T11:59:08.669Z] E0701 17:29:08.668681    8669 watch.go:40] Failed to load config from "/Volumes/mycode/Documents/GitHub/Ainor-Universe/dataconnect": could not find dataconnect.yaml in `/Volumes/mycode/Documents/GitHub/Ainor-Universe/dataconnect`
 {"metadata":{"emulator":{"name":"dataconnect"},"message":"E0701 17:29:08.668681    8669 watch.go:40] Failed to load config from \"/Volumes/mycode/Documents/GitHub/Ainor-Universe/dataconnect\": could not find dataconnect.yaml in `/Volumes/mycode/Documents/GitHub/Ainor-Universe/dataconnect`\n"}}
[debug] [2026-07-01T11:59:08.670Z] E0701 17:29:08.668681    8669 watch.go:116] watchAllDir unable to walk dir `/Volumes/mycode/Documents/GitHub/Ainor-Universe/dataconnect`: lstat /Volumes/mycode/Documents/GitHub/Ainor-Universe/dataconnect: no such file or directory
 {"metadata":{"emulator":{"name":"dataconnect"},"message":"E0701 17:29:08.668681    8669 watch.go:116] watchAllDir unable to walk dir `/Volumes/mycode/Documents/GitHub/Ainor-Universe/dataconnect`: lstat /Volumes/mycode/Documents/GitHub/Ainor-Universe/dataconnect: no such file or directory\n"}}
[debug] [2026-07-01T11:59:18.670Z] E0701 17:29:18.669151    8669 watch.go:40] Failed to load config from "/Volumes/mycode/Documents/GitHub/Ainor-Universe/dataconnect": could not find dataconnect.yaml in `/Volumes/mycode/Documents/GitHub/Ainor-Universe/dataconnect`
 {"metadata":{"emulator":{"name":"dataconnect"},"message":"E0701 17:29:18.669151    8669 watch.go:40] Failed to load config from \"/Volumes/mycode/Documents/GitHub/Ainor-Universe/dataconnect\": could not find dataconnect.yaml in `/Volumes/mycode/Documents/GitHub/Ainor-Universe/dataconnect`\n"}}
[debug] [2026-07-01T11:59:28.669Z] E0701 17:29:28.669095    8669 watch.go:40] Failed to load config from "/Volumes/mycode/Documents/GitHub/Ainor-Universe/dataconnect": could not find dataconnect.yaml in `/Volumes/mycode/Documents/GitHub/Ainor-Universe/dataconnect`
 {"metadata":{"emulator":{"name":"dataconnect"},"message":"E0701 17:29:28.669095    8669 watch.go:40] Failed to load config from \"/Volumes/mycode/Documents/GitHub/Ainor-Universe/dataconnect\": could not find dataconnect.yaml in `/Volumes/mycode/Documents/GitHub/Ainor-Universe/dataconnect`\n"}}
[debug] [2026-07-01T11:59:38.698Z] E0701 17:29:38.686844    8669 watch.go:40] Failed to load config from "/Volumes/mycode/Documents/GitHub/Ainor-Universe/dataconnect": could not find dataconnect.yaml in `/Volumes/mycode/Documents/GitHub/Ainor-Universe/dataconnect`
 {"metadata":{"emulator":{"name":"dataconnect"},"message":"E0701 17:29:38.686844    8669 watch.go:40] Failed to load config from \"/Volumes/mycode/Documents/GitHub/Ainor-Universe/dataconnect\": could not find dataconnect.yaml in `/Volumes/mycode/Documents/GitHub/Ainor-Universe/dataconnect`\n"}}
[debug] [2026-07-01T11:59:48.669Z] E0701 17:29:48.669235    8669 watch.go:40] Failed to load config from "/Volumes/mycode/Documents/GitHub/Ainor-Universe/dataconnect": could not find dataconnect.yaml in `/Volumes/mycode/Documents/GitHub/Ainor-Universe/dataconnect`
 {"metadata":{"emulator":{"name":"dataconnect"},"message":"E0701 17:29:48.669235    8669 watch.go:40] Failed to load config from \"/Volumes/mycode/Documents/GitHub/Ainor-Universe/dataconnect\": could not find dataconnect.yaml in `/Volumes/mycode/Documents/GitHub/Ainor-Universe/dataconnect`\n"}}
[debug] [2026-07-01T11:59:58.671Z] E0701 17:29:58.670062    8669 watch.go:40] Failed to load config from "/Volumes/mycode/Documents/GitHub/Ainor-Universe/dataconnect": could not find dataconnect.yaml in `/Volumes/mycode/Documents/GitHub/Ainor-Universe/dataconnect`
 {"metadata":{"emulator":{"name":"dataconnect"},"message":"E0701 17:29:58.670062    8669 watch.go:40] Failed to load config from \"/Volumes/mycode/Documents/GitHub/Ainor-Universe/dataconnect\": could not find dataconnect.yaml in `/Volumes/mycode/Documents/GitHub/Ainor-Universe/dataconnect`\n"}}
[debug] [2026-07-01T12:00:08.669Z] E0701 17:30:08.668991    8669 watch.go:40] Failed to load config from "/Volumes/mycode/Documents/GitHub/Ainor-Universe/dataconnect": could not find dataconnect.yaml in `/Volumes/mycode/Documents/GitHub/Ainor-Universe/dataconnect`
E0701 17:30:08.668861    8669 watch.go:116] watchAllDir unable to walk dir `/Volumes/mycode/Documents/GitHub/Ainor-Universe/dataconnect`: lstat /Volumes/mycode/Documents/GitHub/Ainor-Universe/dataconnect: no such file or directory
 {"metadata":{"emulator":{"name":"dataconnect"},"message":"E0701 17:30:08.668991    8669 watch.go:40] Failed to load config from \"/Volumes/mycode/Documents/GitHub/Ainor-Universe/dataconnect\": could not find dataconnect.yaml in `/Volumes/mycode/Documents/GitHub/Ainor-Universe/dataconnect`\nE0701 17:30:08.668861    8669 watch.go:116] watchAllDir unable to walk dir `/Volumes/mycode/Documents/GitHub/Ainor-Universe/dataconnect`: lstat /Volumes/mycode/Documents/GitHub/Ainor-Universe/dataconnect: no such file or directory\n"}}
[debug] [2026-07-01T12:00:18.669Z] E0701 17:30:18.669215    8669 watch.go:40] Failed to load config from "/Volumes/mycode/Documents/GitHub/Ainor-Universe/dataconnect": could not find dataconnect.yaml in `/Volumes/mycode/Documents/GitHub/Ainor-Universe/dataconnect`
 {"metadata":{"emulator":{"name":"dataconnect"},"message":"E0701 17:30:18.669215    8669 watch.go:40] Failed to load config from \"/Volumes/mycode/Documents/GitHub/Ainor-Universe/dataconnect\": could not find dataconnect.yaml in `/Volumes/mycode/Documents/GitHub/Ainor-Universe/dataconnect`\n"}}
[debug] [2026-07-01T12:00:28.669Z] E0701 17:30:28.669040    8669 watch.go:40] Failed to load config from "/Volumes/mycode/Documents/GitHub/Ainor-Universe/dataconnect": could not find dataconnect.yaml in `/Volumes/mycode/Documents/GitHub/Ainor-Universe/dataconnect`
 {"metadata":{"emulator":{"name":"dataconnect"},"message":"E0701 17:30:28.669040    8669 watch.go:40] Failed to load config from \"/Volumes/mycode/Documents/GitHub/Ainor-Universe/dataconnect\": could not find dataconnect.yaml in `/Volumes/mycode/Documents/GitHub/Ainor-Universe/dataconnect`\n"}}
[debug] [2026-07-01T12:00:38.669Z] E0701 17:30:38.668945    8669 watch.go:40] Failed to load config from "/Volumes/mycode/Documents/GitHub/Ainor-Universe/dataconnect": could not find dataconnect.yaml in `/Volumes/mycode/Documents/GitHub/Ainor-Universe/dataconnect`
 {"metadata":{"emulator":{"name":"dataconnect"},"message":"E0701 17:30:38.668945    8669 watch.go:40] Failed to load config from \"/Volumes/mycode/Documents/GitHub/Ainor-Universe/dataconnect\": could not find dataconnect.yaml in `/Volumes/mycode/Documents/GitHub/Ainor-Universe/dataconnect`\n"}}
[debug] [2026-07-01T12:00:48.669Z] E0701 17:30:48.669020    8669 watch.go:40] Failed to load config from "/Volumes/mycode/Documents/GitHub/Ainor-Universe/dataconnect": could not find dataconnect.yaml in `/Volumes/mycode/Documents/GitHub/Ainor-Universe/dataconnect`
 {"metadata":{"emulator":{"name":"dataconnect"},"message":"E0701 17:30:48.669020    8669 watch.go:40] Failed to load config from \"/Volumes/mycode/Documents/GitHub/Ainor-Universe/dataconnect\": could not find dataconnect.yaml in `/Volumes/mycode/Documents/GitHub/Ainor-Universe/dataconnect`\n"}}
[debug] [2026-07-01T12:00:58.669Z] E0701 17:30:58.669168    8669 watch.go:40] Failed to load config from "/Volumes/mycode/Documents/GitHub/Ainor-Universe/dataconnect": could not find dataconnect.yaml in `/Volumes/mycode/Documents/GitHub/Ainor-Universe/dataconnect`
 {"metadata":{"emulator":{"name":"dataconnect"},"message":"E0701 17:30:58.669168    8669 watch.go:40] Failed to load config from \"/Volumes/mycode/Documents/GitHub/Ainor-Universe/dataconnect\": could not find dataconnect.yaml in `/Volumes/mycode/Documents/GitHub/Ainor-Universe/dataconnect`\n"}}
[debug] [2026-07-01T12:01:08.669Z] E0701 17:31:08.668571    8669 watch.go:40] Failed to load config from "/Volumes/mycode/Documents/GitHub/Ainor-Universe/dataconnect": could not find dataconnect.yaml in `/Volumes/mycode/Documents/GitHub/Ainor-Universe/dataconnect`
E0701 17:31:08.668511    8669 watch.go:116] watchAllDir unable to walk dir `/Volumes/mycode/Documents/GitHub/Ainor-Universe/dataconnect`: lstat /Volumes/mycode/Documents/GitHub/Ainor-Universe/dataconnect: no such file or directory
 {"metadata":{"emulator":{"name":"dataconnect"},"message":"E0701 17:31:08.668571    8669 watch.go:40] Failed to load config from \"/Volumes/mycode/Documents/GitHub/Ainor-Universe/dataconnect\": could not find dataconnect.yaml in `/Volumes/mycode/Documents/GitHub/Ainor-Universe/dataconnect`\nE0701 17:31:08.668511    8669 watch.go:116] watchAllDir unable to walk dir `/Volumes/mycode/Documents/GitHub/Ainor-Universe/dataconnect`: lstat /Volumes/mycode/Documents/GitHub/Ainor-Universe/dataconnect: no such file or directory\n"}}
[debug] [2026-07-01T12:01:18.669Z] E0701 17:31:18.669042    8669 watch.go:40] Failed to load config from "/Volumes/mycode/Documents/GitHub/Ainor-Universe/dataconnect": could not find dataconnect.yaml in `/Volumes/mycode/Documents/GitHub/Ainor-Universe/dataconnect`
 {"metadata":{"emulator":{"name":"dataconnect"},"message":"E0701 17:31:18.669042    8669 watch.go:40] Failed to load config from \"/Volumes/mycode/Documents/GitHub/Ainor-Universe/dataconnect\": could not find dataconnect.yaml in `/Volumes/mycode/Documents/GitHub/Ainor-Universe/dataconnect`\n"}}
[debug] [2026-07-01T12:01:28.669Z] E0701 17:31:28.668984    8669 watch.go:40] Failed to load config from "/Volumes/mycode/Documents/GitHub/Ainor-Universe/dataconnect": could not find dataconnect.yaml in `/Volumes/mycode/Documents/GitHub/Ainor-Universe/dataconnect`
 {"metadata":{"emulator":{"name":"dataconnect"},"message":"E0701 17:31:28.668984    8669 watch.go:40] Failed to load config from \"/Volumes/mycode/Documents/GitHub/Ainor-Universe/dataconnect\": could not find dataconnect.yaml in `/Volumes/mycode/Documents/GitHub/Ainor-Universe/dataconnect`\n"}}
[debug] [2026-07-01T12:01:38.668Z] E0701 17:31:38.668168    8669 watch.go:40] Failed to load config from "/Volumes/mycode/Documents/GitHub/Ainor-Universe/dataconnect": could not find dataconnect.yaml in `/Volumes/mycode/Documents/GitHub/Ainor-Universe/dataconnect`
 {"metadata":{"emulator":{"name":"dataconnect"},"message":"E0701 17:31:38.668168    8669 watch.go:40] Failed to load config from \"/Volumes/mycode/Documents/GitHub/Ainor-Universe/dataconnect\": could not find dataconnect.yaml in `/Volumes/mycode/Documents/GitHub/Ainor-Universe/dataconnect`\n"}}
[debug] [2026-07-01T12:01:48.669Z] E0701 17:31:48.669238    8669 watch.go:40] Failed to load config from "/Volumes/mycode/Documents/GitHub/Ainor-Universe/dataconnect": could not find dataconnect.yaml in `/Volumes/mycode/Documents/GitHub/Ainor-Universe/dataconnect`
 {"metadata":{"emulator":{"name":"dataconnect"},"message":"E0701 17:31:48.669238    8669 watch.go:40] Failed to load config from \"/Volumes/mycode/Documents/GitHub/Ainor-Universe/dataconnect\": could not find dataconnect.yaml in `/Volumes/mycode/Documents/GitHub/Ainor-Universe/dataconnect`\n"}}
[debug] [2026-07-01T12:01:58.669Z] E0701 17:31:58.669259    8669 watch.go:40] Failed to load config from "/Volumes/mycode/Documents/GitHub/Ainor-Universe/dataconnect": could not find dataconnect.yaml in `/Volumes/mycode/Documents/GitHub/Ainor-Universe/dataconnect`
 {"metadata":{"emulator":{"name":"dataconnect"},"message":"E0701 17:31:58.669259    8669 watch.go:40] Failed to load config from \"/Volumes/mycode/Documents/GitHub/Ainor-Universe/dataconnect\": could not find dataconnect.yaml in `/Volumes/mycode/Documents/GitHub/Ainor-Universe/dataconnect`\n"}}
[debug] [2026-07-01T12:02:08.668Z] E0701 17:32:08.668509    8669 watch.go:40] Failed to load config from "/Volumes/mycode/Documents/GitHub/Ainor-Universe/dataconnect": could not find dataconnect.yaml in `/Volumes/mycode/Documents/GitHub/Ainor-Universe/dataconnect`
E0701 17:32:08.668432    8669 watch.go:116] watchAllDir unable to walk dir `/Volumes/mycode/Documents/GitHub/Ainor-Universe/dataconnect`: lstat /Volumes/mycode/Documents/GitHub/Ainor-Universe/dataconnect: no such file or directory
 {"metadata":{"emulator":{"name":"dataconnect"},"message":"E0701 17:32:08.668509    8669 watch.go:40] Failed to load config from \"/Volumes/mycode/Documents/GitHub/Ainor-Universe/dataconnect\": could not find dataconnect.yaml in `/Volumes/mycode/Documents/GitHub/Ainor-Universe/dataconnect`\nE0701 17:32:08.668432    8669 watch.go:116] watchAllDir unable to walk dir `/Volumes/mycode/Documents/GitHub/Ainor-Universe/dataconnect`: lstat /Volumes/mycode/Documents/GitHub/Ainor-Universe/dataconnect: no such file or directory\n"}}
[debug] [2026-07-01T12:02:18.669Z] E0701 17:32:18.669202    8669 watch.go:40] Failed to load config from "/Volumes/mycode/Documents/GitHub/Ainor-Universe/dataconnect": could not find dataconnect.yaml in `/Volumes/mycode/Documents/GitHub/Ainor-Universe/dataconnect`
 {"metadata":{"emulator":{"name":"dataconnect"},"message":"E0701 17:32:18.669202    8669 watch.go:40] Failed to load config from \"/Volumes/mycode/Documents/GitHub/Ainor-Universe/dataconnect\": could not find dataconnect.yaml in `/Volumes/mycode/Documents/GitHub/Ainor-Universe/dataconnect`\n"}}
[debug] [2026-07-01T12:02:28.668Z] E0701 17:32:28.668272    8669 watch.go:40] Failed to load config from "/Volumes/mycode/Documents/GitHub/Ainor-Universe/dataconnect": could not find dataconnect.yaml in `/Volumes/mycode/Documents/GitHub/Ainor-Universe/dataconnect`
 {"metadata":{"emulator":{"name":"dataconnect"},"message":"E0701 17:32:28.668272    8669 watch.go:40] Failed to load config from \"/Volumes/mycode/Documents/GitHub/Ainor-Universe/dataconnect\": could not find dataconnect.yaml in `/Volumes/mycode/Documents/GitHub/Ainor-Universe/dataconnect`\n"}}
[debug] [2026-07-01T12:02:38.670Z] E0701 17:32:38.669034    8669 watch.go:40] Failed to load config from "/Volumes/mycode/Documents/GitHub/Ainor-Universe/dataconnect": could not find dataconnect.yaml in `/Volumes/mycode/Documents/GitHub/Ainor-Universe/dataconnect`
 {"metadata":{"emulator":{"name":"dataconnect"},"message":"E0701 17:32:38.669034    8669 watch.go:40] Failed to load config from \"/Volumes/mycode/Documents/GitHub/Ainor-Universe/dataconnect\": could not find dataconnect.yaml in `/Volumes/mycode/Documents/GitHub/Ainor-Universe/dataconnect`\n"}}
[debug] [2026-07-01T12:02:48.669Z] E0701 17:32:48.669133    8669 watch.go:40] Failed to load config from "/Volumes/mycode/Documents/GitHub/Ainor-Universe/dataconnect": could not find dataconnect.yaml in `/Volumes/mycode/Documents/GitHub/Ainor-Universe/dataconnect`
 {"metadata":{"emulator":{"name":"dataconnect"},"message":"E0701 17:32:48.669133    8669 watch.go:40] Failed to load config from \"/Volumes/mycode/Documents/GitHub/Ainor-Universe/dataconnect\": could not find dataconnect.yaml in `/Volumes/mycode/Documents/GitHub/Ainor-Universe/dataconnect`\n"}}
[debug] [2026-07-01T12:02:58.669Z] E0701 17:32:58.669144    8669 watch.go:40] Failed to load config from "/Volumes/mycode/Documents/GitHub/Ainor-Universe/dataconnect": could not find dataconnect.yaml in `/Volumes/mycode/Documents/GitHub/Ainor-Universe/dataconnect`
 {"metadata":{"emulator":{"name":"dataconnect"},"message":"E0701 17:32:58.669144    8669 watch.go:40] Failed to load config from \"/Volumes/mycode/Documents/GitHub/Ainor-Universe/dataconnect\": could not find dataconnect.yaml in `/Volumes/mycode/Documents/GitHub/Ainor-Universe/dataconnect`\n"}}
[debug] [2026-07-01T12:03:08.669Z] E0701 17:33:08.668816    8669 watch.go:116] watchAllDir unable to walk dir `/Volumes/mycode/Documents/GitHub/Ainor-Universe/dataconnect`: lstat /Volumes/mycode/Documents/GitHub/Ainor-Universe/dataconnect: no such file or directory
E0701 17:33:08.668865    8669 watch.go:40] Failed to load config from "/Volumes/mycode/Documents/GitHub/Ainor-Universe/dataconnect": could not find dataconnect.yaml in `/Volumes/mycode/Documents/GitHub/Ainor-Universe/dataconnect`
 {"metadata":{"emulator":{"name":"dataconnect"},"message":"E0701 17:33:08.668816    8669 watch.go:116] watchAllDir unable to walk dir `/Volumes/mycode/Documents/GitHub/Ainor-Universe/dataconnect`: lstat /Volumes/mycode/Documents/GitHub/Ainor-Universe/dataconnect: no such file or directory\nE0701 17:33:08.668865    8669 watch.go:40] Failed to load config from \"/Volumes/mycode/Documents/GitHub/Ainor-Universe/dataconnect\": could not find dataconnect.yaml in `/Volumes/mycode/Documents/GitHub/Ainor-Universe/dataconnect`\n"}}
[debug] [2026-07-01T12:03:18.669Z] E0701 17:33:18.668879    8669 watch.go:40] Failed to load config from "/Volumes/mycode/Documents/GitHub/Ainor-Universe/dataconnect": could not find dataconnect.yaml in `/Volumes/mycode/Documents/GitHub/Ainor-Universe/dataconnect`
 {"metadata":{"emulator":{"name":"dataconnect"},"message":"E0701 17:33:18.668879    8669 watch.go:40] Failed to load config from \"/Volumes/mycode/Documents/GitHub/Ainor-Universe/dataconnect\": could not find dataconnect.yaml in `/Volumes/mycode/Documents/GitHub/Ainor-Universe/dataconnect`\n"}}
[debug] [2026-07-01T12:03:28.669Z] E0701 17:33:28.669284    8669 watch.go:40] Failed to load config from "/Volumes/mycode/Documents/GitHub/Ainor-Universe/dataconnect": could not find dataconnect.yaml in `/Volumes/mycode/Documents/GitHub/Ainor-Universe/dataconnect`
 {"metadata":{"emulator":{"name":"dataconnect"},"message":"E0701 17:33:28.669284    8669 watch.go:40] Failed to load config from \"/Volumes/mycode/Documents/GitHub/Ainor-Universe/dataconnect\": could not find dataconnect.yaml in `/Volumes/mycode/Documents/GitHub/Ainor-Universe/dataconnect`\n"}}
[debug] [2026-07-01T12:03:38.670Z] E0701 17:33:38.669731    8669 watch.go:40] Failed to load config from "/Volumes/mycode/Documents/GitHub/Ainor-Universe/dataconnect": could not find dataconnect.yaml in `/Volumes/mycode/Documents/GitHub/Ainor-Universe/dataconnect`
 {"metadata":{"emulator":{"name":"dataconnect"},"message":"E0701 17:33:38.669731    8669 watch.go:40] Failed to load config from \"/Volumes/mycode/Documents/GitHub/Ainor-Universe/dataconnect\": could not find dataconnect.yaml in `/Volumes/mycode/Documents/GitHub/Ainor-Universe/dataconnect`\n"}}
[debug] [2026-07-01T12:03:48.669Z] E0701 17:33:48.669240    8669 watch.go:40] Failed to load config from "/Volumes/mycode/Documents/GitHub/Ainor-Universe/dataconnect": could not find dataconnect.yaml in `/Volumes/mycode/Documents/GitHub/Ainor-Universe/dataconnect`
 {"metadata":{"emulator":{"name":"dataconnect"},"message":"E0701 17:33:48.669240    8669 watch.go:40] Failed to load config from \"/Volumes/mycode/Documents/GitHub/Ainor-Universe/dataconnect\": could not find dataconnect.yaml in `/Volumes/mycode/Documents/GitHub/Ainor-Universe/dataconnect`\n"}}
[debug] [2026-07-01T12:03:58.669Z] E0701 17:33:58.669257    8669 watch.go:40] Failed to load config from "/Volumes/mycode/Documents/GitHub/Ainor-Universe/dataconnect": could not find dataconnect.yaml in `/Volumes/mycode/Documents/GitHub/Ainor-Universe/dataconnect`
 {"metadata":{"emulator":{"name":"dataconnect"},"message":"E0701 17:33:58.669257    8669 watch.go:40] Failed to load config from \"/Volumes/mycode/Documents/GitHub/Ainor-Universe/dataconnect\": could not find dataconnect.yaml in `/Volumes/mycode/Documents/GitHub/Ainor-Universe/dataconnect`\n"}}
[debug] [2026-07-01T12:04:08.668Z] E0701 17:34:08.668606    8669 watch.go:40] Failed to load config from "/Volumes/mycode/Documents/GitHub/Ainor-Universe/dataconnect": could not find dataconnect.yaml in `/Volumes/mycode/Documents/GitHub/Ainor-Universe/dataconnect`
E0701 17:34:08.668586    8669 watch.go:116] watchAllDir unable to walk dir `/Volumes/mycode/Documents/GitHub/Ainor-Universe/dataconnect`: lstat /Volumes/mycode/Documents/GitHub/Ainor-Universe/dataconnect: no such file or directory
 {"metadata":{"emulator":{"name":"dataconnect"},"message":"E0701 17:34:08.668606    8669 watch.go:40] Failed to load config from \"/Volumes/mycode/Documents/GitHub/Ainor-Universe/dataconnect\": could not find dataconnect.yaml in `/Volumes/mycode/Documents/GitHub/Ainor-Universe/dataconnect`\nE0701 17:34:08.668586    8669 watch.go:116] watchAllDir unable to walk dir `/Volumes/mycode/Documents/GitHub/Ainor-Universe/dataconnect`: lstat /Volumes/mycode/Documents/GitHub/Ainor-Universe/dataconnect: no such file or directory\n"}}
[debug] [2026-07-01T12:04:18.669Z] E0701 17:34:18.669300    8669 watch.go:40] Failed to load config from "/Volumes/mycode/Documents/GitHub/Ainor-Universe/dataconnect": could not find dataconnect.yaml in `/Volumes/mycode/Documents/GitHub/Ainor-Universe/dataconnect`
 {"metadata":{"emulator":{"name":"dataconnect"},"message":"E0701 17:34:18.669300    8669 watch.go:40] Failed to load config from \"/Volumes/mycode/Documents/GitHub/Ainor-Universe/dataconnect\": could not find dataconnect.yaml in `/Volumes/mycode/Documents/GitHub/Ainor-Universe/dataconnect`\n"}}
[debug] [2026-07-01T12:04:28.673Z] E0701 17:34:28.669317    8669 watch.go:40] Failed to load config from "/Volumes/mycode/Documents/GitHub/Ainor-Universe/dataconnect": could not find dataconnect.yaml in `/Volumes/mycode/Documents/GitHub/Ainor-Universe/dataconnect`
 {"metadata":{"emulator":{"name":"dataconnect"},"message":"E0701 17:34:28.669317    8669 watch.go:40] Failed to load config from \"/Volumes/mycode/Documents/GitHub/Ainor-Universe/dataconnect\": could not find dataconnect.yaml in `/Volumes/mycode/Documents/GitHub/Ainor-Universe/dataconnect`\n"}}
[debug] [2026-07-01T12:04:38.669Z] E0701 17:34:38.668989    8669 watch.go:40] Failed to load config from "/Volumes/mycode/Documents/GitHub/Ainor-Universe/dataconnect": could not find dataconnect.yaml in `/Volumes/mycode/Documents/GitHub/Ainor-Universe/dataconnect`
 {"metadata":{"emulator":{"name":"dataconnect"},"message":"E0701 17:34:38.668989    8669 watch.go:40] Failed to load config from \"/Volumes/mycode/Documents/GitHub/Ainor-Universe/dataconnect\": could not find dataconnect.yaml in `/Volumes/mycode/Documents/GitHub/Ainor-Universe/dataconnect`\n"}}
[debug] [2026-07-01T12:04:48.669Z] E0701 17:34:48.668891    8669 watch.go:40] Failed to load config from "/Volumes/mycode/Documents/GitHub/Ainor-Universe/dataconnect": could not find dataconnect.yaml in `/Volumes/mycode/Documents/GitHub/Ainor-Universe/dataconnect`
 {"metadata":{"emulator":{"name":"dataconnect"},"message":"E0701 17:34:48.668891    8669 watch.go:40] Failed to load config from \"/Volumes/mycode/Documents/GitHub/Ainor-Universe/dataconnect\": could not find dataconnect.yaml in `/Volumes/mycode/Documents/GitHub/Ainor-Universe/dataconnect`\n"}}
[debug] [2026-07-01T12:04:58.669Z] E0701 17:34:58.669386    8669 watch.go:40] Failed to load config from "/Volumes/mycode/Documents/GitHub/Ainor-Universe/dataconnect": could not find dataconnect.yaml in `/Volumes/mycode/Documents/GitHub/Ainor-Universe/dataconnect`
 {"metadata":{"emulator":{"name":"dataconnect"},"message":"E0701 17:34:58.669386    8669 watch.go:40] Failed to load config from \"/Volumes/mycode/Documents/GitHub/Ainor-Universe/dataconnect\": could not find dataconnect.yaml in `/Volumes/mycode/Documents/GitHub/Ainor-Universe/dataconnect`\n"}}
[debug] [2026-07-01T12:05:08.669Z] E0701 17:35:08.669128    8669 watch.go:40] Failed to load config from "/Volumes/mycode/Documents/GitHub/Ainor-Universe/dataconnect": could not find dataconnect.yaml in `/Volumes/mycode/Documents/GitHub/Ainor-Universe/dataconnect`
 {"metadata":{"emulator":{"name":"dataconnect"},"message":"E0701 17:35:08.669128    8669 watch.go:40] Failed to load config from \"/Volumes/mycode/Documents/GitHub/Ainor-Universe/dataconnect\": could not find dataconnect.yaml in `/Volumes/mycode/Documents/GitHub/Ainor-Universe/dataconnect`\n"}}
[debug] [2026-07-01T12:05:08.670Z] E0701 17:35:08.669101    8669 watch.go:116] watchAllDir unable to walk dir `/Volumes/mycode/Documents/GitHub/Ainor-Universe/dataconnect`: lstat /Volumes/mycode/Documents/GitHub/Ainor-Universe/dataconnect: no such file or directory
 {"metadata":{"emulator":{"name":"dataconnect"},"message":"E0701 17:35:08.669101    8669 watch.go:116] watchAllDir unable to walk dir `/Volumes/mycode/Documents/GitHub/Ainor-Universe/dataconnect`: lstat /Volumes/mycode/Documents/GitHub/Ainor-Universe/dataconnect: no such file or directory\n"}}
[debug] [2026-07-01T12:05:18.669Z] E0701 17:35:18.669354    8669 watch.go:40] Failed to load config from "/Volumes/mycode/Documents/GitHub/Ainor-Universe/dataconnect": could not find dataconnect.yaml in `/Volumes/mycode/Documents/GitHub/Ainor-Universe/dataconnect`
 {"metadata":{"emulator":{"name":"dataconnect"},"message":"E0701 17:35:18.669354    8669 watch.go:40] Failed to load config from \"/Volumes/mycode/Documents/GitHub/Ainor-Universe/dataconnect\": could not find dataconnect.yaml in `/Volumes/mycode/Documents/GitHub/Ainor-Universe/dataconnect`\n"}}
[debug] [2026-07-01T12:05:28.668Z] E0701 17:35:28.668408    8669 watch.go:40] Failed to load config from "/Volumes/mycode/Documents/GitHub/Ainor-Universe/dataconnect": could not find dataconnect.yaml in `/Volumes/mycode/Documents/GitHub/Ainor-Universe/dataconnect`
 {"metadata":{"emulator":{"name":"dataconnect"},"message":"E0701 17:35:28.668408    8669 watch.go:40] Failed to load config from \"/Volumes/mycode/Documents/GitHub/Ainor-Universe/dataconnect\": could not find dataconnect.yaml in `/Volumes/mycode/Documents/GitHub/Ainor-Universe/dataconnect`\n"}}
[debug] [2026-07-01T12:05:38.669Z] E0701 17:35:38.669037    8669 watch.go:40] Failed to load config from "/Volumes/mycode/Documents/GitHub/Ainor-Universe/dataconnect": could not find dataconnect.yaml in `/Volumes/mycode/Documents/GitHub/Ainor-Universe/dataconnect`
 {"metadata":{"emulator":{"name":"dataconnect"},"message":"E0701 17:35:38.669037    8669 watch.go:40] Failed to load config from \"/Volumes/mycode/Documents/GitHub/Ainor-Universe/dataconnect\": could not find dataconnect.yaml in `/Volumes/mycode/Documents/GitHub/Ainor-Universe/dataconnect`\n"}}
[debug] [2026-07-01T12:05:48.670Z] E0701 17:35:48.669322    8669 watch.go:40] Failed to load config from "/Volumes/mycode/Documents/GitHub/Ainor-Universe/dataconnect": could not find dataconnect.yaml in `/Volumes/mycode/Documents/GitHub/Ainor-Universe/dataconnect`
 {"metadata":{"emulator":{"name":"dataconnect"},"message":"E0701 17:35:48.669322    8669 watch.go:40] Failed to load config from \"/Volumes/mycode/Documents/GitHub/Ainor-Universe/dataconnect\": could not find dataconnect.yaml in `/Volumes/mycode/Documents/GitHub/Ainor-Universe/dataconnect`\n"}}
[debug] [2026-07-01T12:05:58.669Z] E0701 17:35:58.669323    8669 watch.go:40] Failed to load config from "/Volumes/mycode/Documents/GitHub/Ainor-Universe/dataconnect": could not find dataconnect.yaml in `/Volumes/mycode/Documents/GitHub/Ainor-Universe/dataconnect`
 {"metadata":{"emulator":{"name":"dataconnect"},"message":"E0701 17:35:58.669323    8669 watch.go:40] Failed to load config from \"/Volumes/mycode/Documents/GitHub/Ainor-Universe/dataconnect\": could not find dataconnect.yaml in `/Volumes/mycode/Documents/GitHub/Ainor-Universe/dataconnect`\n"}}
[debug] [2026-07-01T12:06:08.669Z] E0701 17:36:08.669085    8669 watch.go:40] Failed to load config from "/Volumes/mycode/Documents/GitHub/Ainor-Universe/dataconnect": could not find dataconnect.yaml in `/Volumes/mycode/Documents/GitHub/Ainor-Universe/dataconnect`
E0701 17:36:08.669058    8669 watch.go:116] watchAllDir unable to walk dir `/Volumes/mycode/Documents/GitHub/Ainor-Universe/dataconnect`: lstat /Volumes/mycode/Documents/GitHub/Ainor-Universe/dataconnect: no such file or directory
 {"metadata":{"emulator":{"name":"dataconnect"},"message":"E0701 17:36:08.669085    8669 watch.go:40] Failed to load config from \"/Volumes/mycode/Documents/GitHub/Ainor-Universe/dataconnect\": could not find dataconnect.yaml in `/Volumes/mycode/Documents/GitHub/Ainor-Universe/dataconnect`\nE0701 17:36:08.669058    8669 watch.go:116] watchAllDir unable to walk dir `/Volumes/mycode/Documents/GitHub/Ainor-Universe/dataconnect`: lstat /Volumes/mycode/Documents/GitHub/Ainor-Universe/dataconnect: no such file or directory\n"}}
[debug] [2026-07-01T12:06:18.671Z] E0701 17:36:18.669885    8669 watch.go:40] Failed to load config from "/Volumes/mycode/Documents/GitHub/Ainor-Universe/dataconnect": could not find dataconnect.yaml in `/Volumes/mycode/Documents/GitHub/Ainor-Universe/dataconnect`
 {"metadata":{"emulator":{"name":"dataconnect"},"message":"E0701 17:36:18.669885    8669 watch.go:40] Failed to load config from \"/Volumes/mycode/Documents/GitHub/Ainor-Universe/dataconnect\": could not find dataconnect.yaml in `/Volumes/mycode/Documents/GitHub/Ainor-Universe/dataconnect`\n"}}
[debug] [2026-07-01T12:06:28.669Z] E0701 17:36:28.669433    8669 watch.go:40] Failed to load config from "/Volumes/mycode/Documents/GitHub/Ainor-Universe/dataconnect": could not find dataconnect.yaml in `/Volumes/mycode/Documents/GitHub/Ainor-Universe/dataconnect`
 {"metadata":{"emulator":{"name":"dataconnect"},"message":"E0701 17:36:28.669433    8669 watch.go:40] Failed to load config from \"/Volumes/mycode/Documents/GitHub/Ainor-Universe/dataconnect\": could not find dataconnect.yaml in `/Volumes/mycode/Documents/GitHub/Ainor-Universe/dataconnect`\n"}}
[debug] [2026-07-01T12:06:38.669Z] E0701 17:36:38.669239    8669 watch.go:40] Failed to load config from "/Volumes/mycode/Documents/GitHub/Ainor-Universe/dataconnect": could not find dataconnect.yaml in `/Volumes/mycode/Documents/GitHub/Ainor-Universe/dataconnect`
 {"metadata":{"emulator":{"name":"dataconnect"},"message":"E0701 17:36:38.669239    8669 watch.go:40] Failed to load config from \"/Volumes/mycode/Documents/GitHub/Ainor-Universe/dataconnect\": could not find dataconnect.yaml in `/Volumes/mycode/Documents/GitHub/Ainor-Universe/dataconnect`\n"}}
[debug] [2026-07-01T12:06:48.670Z] E0701 17:36:48.669651    8669 watch.go:40] Failed to load config from "/Volumes/mycode/Documents/GitHub/Ainor-Universe/dataconnect": could not find dataconnect.yaml in `/Volumes/mycode/Documents/GitHub/Ainor-Universe/dataconnect`
 {"metadata":{"emulator":{"name":"dataconnect"},"message":"E0701 17:36:48.669651    8669 watch.go:40] Failed to load config from \"/Volumes/mycode/Documents/GitHub/Ainor-Universe/dataconnect\": could not find dataconnect.yaml in `/Volumes/mycode/Documents/GitHub/Ainor-Universe/dataconnect`\n"}}
[debug] [2026-07-01T12:06:58.669Z] E0701 17:36:58.669476    8669 watch.go:40] Failed to load config from "/Volumes/mycode/Documents/GitHub/Ainor-Universe/dataconnect": could not find dataconnect.yaml in `/Volumes/mycode/Documents/GitHub/Ainor-Universe/dataconnect`
 {"metadata":{"emulator":{"name":"dataconnect"},"message":"E0701 17:36:58.669476    8669 watch.go:40] Failed to load config from \"/Volumes/mycode/Documents/GitHub/Ainor-Universe/dataconnect\": could not find dataconnect.yaml in `/Volumes/mycode/Documents/GitHub/Ainor-Universe/dataconnect`\n"}}
[debug] [2026-07-01T12:07:08.669Z] E0701 17:37:08.669090    8669 watch.go:116] watchAllDir unable to walk dir `/Volumes/mycode/Documents/GitHub/Ainor-Universe/dataconnect`: lstat /Volumes/mycode/Documents/GitHub/Ainor-Universe/dataconnect: no such file or directory
E0701 17:37:08.669203    8669 watch.go:40] Failed to load config from "/Volumes/mycode/Documents/GitHub/Ainor-Universe/dataconnect": could not find dataconnect.yaml in `/Volumes/mycode/Documents/GitHub/Ainor-Universe/dataconnect`
 {"metadata":{"emulator":{"name":"dataconnect"},"message":"E0701 17:37:08.669090    8669 watch.go:116] watchAllDir unable to walk dir `/Volumes/mycode/Documents/GitHub/Ainor-Universe/dataconnect`: lstat /Volumes/mycode/Documents/GitHub/Ainor-Universe/dataconnect: no such file or directory\nE0701 17:37:08.669203    8669 watch.go:40] Failed to load config from \"/Volumes/mycode/Documents/GitHub/Ainor-Universe/dataconnect\": could not find dataconnect.yaml in `/Volumes/mycode/Documents/GitHub/Ainor-Universe/dataconnect`\n"}}
[debug] [2026-07-01T12:07:18.669Z] E0701 17:37:18.669482    8669 watch.go:40] Failed to load config from "/Volumes/mycode/Documents/GitHub/Ainor-Universe/dataconnect": could not find dataconnect.yaml in `/Volumes/mycode/Documents/GitHub/Ainor-Universe/dataconnect`
 {"metadata":{"emulator":{"name":"dataconnect"},"message":"E0701 17:37:18.669482    8669 watch.go:40] Failed to load config from \"/Volumes/mycode/Documents/GitHub/Ainor-Universe/dataconnect\": could not find dataconnect.yaml in `/Volumes/mycode/Documents/GitHub/Ainor-Universe/dataconnect`\n"}}
[debug] [2026-07-01T12:07:28.669Z] E0701 17:37:28.668959    8669 watch.go:40] Failed to load config from "/Volumes/mycode/Documents/GitHub/Ainor-Universe/dataconnect": could not find dataconnect.yaml in `/Volumes/mycode/Documents/GitHub/Ainor-Universe/dataconnect`
 {"metadata":{"emulator":{"name":"dataconnect"},"message":"E0701 17:37:28.668959    8669 watch.go:40] Failed to load config from \"/Volumes/mycode/Documents/GitHub/Ainor-Universe/dataconnect\": could not find dataconnect.yaml in `/Volumes/mycode/Documents/GitHub/Ainor-Universe/dataconnect`\n"}}
[debug] [2026-07-01T12:07:38.669Z] E0701 17:37:38.668905    8669 watch.go:40] Failed to load config from "/Volumes/mycode/Documents/GitHub/Ainor-Universe/dataconnect": could not find dataconnect.yaml in `/Volumes/mycode/Documents/GitHub/Ainor-Universe/dataconnect`
 {"metadata":{"emulator":{"name":"dataconnect"},"message":"E0701 17:37:38.668905    8669 watch.go:40] Failed to load config from \"/Volumes/mycode/Documents/GitHub/Ainor-Universe/dataconnect\": could not find dataconnect.yaml in `/Volumes/mycode/Documents/GitHub/Ainor-Universe/dataconnect`\n"}}
[debug] [2026-07-01T12:07:48.671Z] E0701 17:37:48.669918    8669 watch.go:40] Failed to load config from "/Volumes/mycode/Documents/GitHub/Ainor-Universe/dataconnect": could not find dataconnect.yaml in `/Volumes/mycode/Documents/GitHub/Ainor-Universe/dataconnect`
 {"metadata":{"emulator":{"name":"dataconnect"},"message":"E0701 17:37:48.669918    8669 watch.go:40] Failed to load config from \"/Volumes/mycode/Documents/GitHub/Ainor-Universe/dataconnect\": could not find dataconnect.yaml in `/Volumes/mycode/Documents/GitHub/Ainor-Universe/dataconnect`\n"}}
[debug] [2026-07-01T12:07:58.669Z] E0701 17:37:58.669499    8669 watch.go:40] Failed to load config from "/Volumes/mycode/Documents/GitHub/Ainor-Universe/dataconnect": could not find dataconnect.yaml in `/Volumes/mycode/Documents/GitHub/Ainor-Universe/dataconnect`
 {"metadata":{"emulator":{"name":"dataconnect"},"message":"E0701 17:37:58.669499    8669 watch.go:40] Failed to load config from \"/Volumes/mycode/Documents/GitHub/Ainor-Universe/dataconnect\": could not find dataconnect.yaml in `/Volumes/mycode/Documents/GitHub/Ainor-Universe/dataconnect`\n"}}
[debug] [2026-07-01T12:08:08.668Z] E0701 17:38:08.668408    8669 watch.go:116] watchAllDir unable to walk dir `/Volumes/mycode/Documents/GitHub/Ainor-Universe/dataconnect`: lstat /Volumes/mycode/Documents/GitHub/Ainor-Universe/dataconnect: no such file or directory
E0701 17:38:08.668443    8669 watch.go:40] Failed to load config from "/Volumes/mycode/Documents/GitHub/Ainor-Universe/dataconnect": could not find dataconnect.yaml in `/Volumes/mycode/Documents/GitHub/Ainor-Universe/dataconnect`
 {"metadata":{"emulator":{"name":"dataconnect"},"message":"E0701 17:38:08.668408    8669 watch.go:116] watchAllDir unable to walk dir `/Volumes/mycode/Documents/GitHub/Ainor-Universe/dataconnect`: lstat /Volumes/mycode/Documents/GitHub/Ainor-Universe/dataconnect: no such file or directory\nE0701 17:38:08.668443    8669 watch.go:40] Failed to load config from \"/Volumes/mycode/Documents/GitHub/Ainor-Universe/dataconnect\": could not find dataconnect.yaml in `/Volumes/mycode/Documents/GitHub/Ainor-Universe/dataconnect`\n"}}
[debug] [2026-07-01T12:08:18.669Z] E0701 17:38:18.669475    8669 watch.go:40] Failed to load config from "/Volumes/mycode/Documents/GitHub/Ainor-Universe/dataconnect": could not find dataconnect.yaml in `/Volumes/mycode/Documents/GitHub/Ainor-Universe/dataconnect`
 {"metadata":{"emulator":{"name":"dataconnect"},"message":"E0701 17:38:18.669475    8669 watch.go:40] Failed to load config from \"/Volumes/mycode/Documents/GitHub/Ainor-Universe/dataconnect\": could not find dataconnect.yaml in `/Volumes/mycode/Documents/GitHub/Ainor-Universe/dataconnect`\n"}}
[debug] [2026-07-01T12:08:28.670Z] E0701 17:38:28.669563    8669 watch.go:40] Failed to load config from "/Volumes/mycode/Documents/GitHub/Ainor-Universe/dataconnect": could not find dataconnect.yaml in `/Volumes/mycode/Documents/GitHub/Ainor-Universe/dataconnect`
 {"metadata":{"emulator":{"name":"dataconnect"},"message":"E0701 17:38:28.669563    8669 watch.go:40] Failed to load config from \"/Volumes/mycode/Documents/GitHub/Ainor-Universe/dataconnect\": could not find dataconnect.yaml in `/Volumes/mycode/Documents/GitHub/Ainor-Universe/dataconnect`\n"}}
[debug] [2026-07-01T12:08:38.670Z] E0701 17:38:38.669248    8669 watch.go:40] Failed to load config from "/Volumes/mycode/Documents/GitHub/Ainor-Universe/dataconnect": could not find dataconnect.yaml in `/Volumes/mycode/Documents/GitHub/Ainor-Universe/dataconnect`
 {"metadata":{"emulator":{"name":"dataconnect"},"message":"E0701 17:38:38.669248    8669 watch.go:40] Failed to load config from \"/Volumes/mycode/Documents/GitHub/Ainor-Universe/dataconnect\": could not find dataconnect.yaml in `/Volumes/mycode/Documents/GitHub/Ainor-Universe/dataconnect`\n"}}
[debug] [2026-07-01T12:08:48.669Z] E0701 17:38:48.669664    8669 watch.go:40] Failed to load config from "/Volumes/mycode/Documents/GitHub/Ainor-Universe/dataconnect": could not find dataconnect.yaml in `/Volumes/mycode/Documents/GitHub/Ainor-Universe/dataconnect`
 {"metadata":{"emulator":{"name":"dataconnect"},"message":"E0701 17:38:48.669664    8669 watch.go:40] Failed to load config from \"/Volumes/mycode/Documents/GitHub/Ainor-Universe/dataconnect\": could not find dataconnect.yaml in `/Volumes/mycode/Documents/GitHub/Ainor-Universe/dataconnect`\n"}}
[debug] [2026-07-01T12:08:58.669Z] E0701 17:38:58.669464    8669 watch.go:40] Failed to load config from "/Volumes/mycode/Documents/GitHub/Ainor-Universe/dataconnect": could not find dataconnect.yaml in `/Volumes/mycode/Documents/GitHub/Ainor-Universe/dataconnect`
 {"metadata":{"emulator":{"name":"dataconnect"},"message":"E0701 17:38:58.669464    8669 watch.go:40] Failed to load config from \"/Volumes/mycode/Documents/GitHub/Ainor-Universe/dataconnect\": could not find dataconnect.yaml in `/Volumes/mycode/Documents/GitHub/Ainor-Universe/dataconnect`\n"}}
[debug] [2026-07-01T12:09:08.670Z] E0701 17:39:08.669524    8669 watch.go:116] watchAllDir unable to walk dir `/Volumes/mycode/Documents/GitHub/Ainor-Universe/dataconnect`: lstat /Volumes/mycode/Documents/GitHub/Ainor-Universe/dataconnect: no such file or directory
E0701 17:39:08.669660    8669 watch.go:40] Failed to load config from "/Volumes/mycode/Documents/GitHub/Ainor-Universe/dataconnect": could not find dataconnect.yaml in `/Volumes/mycode/Documents/GitHub/Ainor-Universe/dataconnect`
 {"metadata":{"emulator":{"name":"dataconnect"},"message":"E0701 17:39:08.669524    8669 watch.go:116] watchAllDir unable to walk dir `/Volumes/mycode/Documents/GitHub/Ainor-Universe/dataconnect`: lstat /Volumes/mycode/Documents/GitHub/Ainor-Universe/dataconnect: no such file or directory\nE0701 17:39:08.669660    8669 watch.go:40] Failed to load config from \"/Volumes/mycode/Documents/GitHub/Ainor-Universe/dataconnect\": could not find dataconnect.yaml in `/Volumes/mycode/Documents/GitHub/Ainor-Universe/dataconnect`\n"}}
[debug] [2026-07-01T12:09:18.669Z] E0701 17:39:18.669474    8669 watch.go:40] Failed to load config from "/Volumes/mycode/Documents/GitHub/Ainor-Universe/dataconnect": could not find dataconnect.yaml in `/Volumes/mycode/Documents/GitHub/Ainor-Universe/dataconnect`
 {"metadata":{"emulator":{"name":"dataconnect"},"message":"E0701 17:39:18.669474    8669 watch.go:40] Failed to load config from \"/Volumes/mycode/Documents/GitHub/Ainor-Universe/dataconnect\": could not find dataconnect.yaml in `/Volumes/mycode/Documents/GitHub/Ainor-Universe/dataconnect`\n"}}
[debug] [2026-07-01T12:09:28.670Z] E0701 17:39:28.669669    8669 watch.go:40] Failed to load config from "/Volumes/mycode/Documents/GitHub/Ainor-Universe/dataconnect": could not find dataconnect.yaml in `/Volumes/mycode/Documents/GitHub/Ainor-Universe/dataconnect`
 {"metadata":{"emulator":{"name":"dataconnect"},"message":"E0701 17:39:28.669669    8669 watch.go:40] Failed to load config from \"/Volumes/mycode/Documents/GitHub/Ainor-Universe/dataconnect\": could not find dataconnect.yaml in `/Volumes/mycode/Documents/GitHub/Ainor-Universe/dataconnect`\n"}}
[debug] [2026-07-01T12:09:38.670Z] E0701 17:39:38.669256    8669 watch.go:40] Failed to load config from "/Volumes/mycode/Documents/GitHub/Ainor-Universe/dataconnect": could not find dataconnect.yaml in `/Volumes/mycode/Documents/GitHub/Ainor-Universe/dataconnect`
 {"metadata":{"emulator":{"name":"dataconnect"},"message":"E0701 17:39:38.669256    8669 watch.go:40] Failed to load config from \"/Volumes/mycode/Documents/GitHub/Ainor-Universe/dataconnect\": could not find dataconnect.yaml in `/Volumes/mycode/Documents/GitHub/Ainor-Universe/dataconnect`\n"}}
[debug] [2026-07-01T12:09:48.669Z] E0701 17:39:48.669570    8669 watch.go:40] Failed to load config from "/Volumes/mycode/Documents/GitHub/Ainor-Universe/dataconnect": could not find dataconnect.yaml in `/Volumes/mycode/Documents/GitHub/Ainor-Universe/dataconnect`
 {"metadata":{"emulator":{"name":"dataconnect"},"message":"E0701 17:39:48.669570    8669 watch.go:40] Failed to load config from \"/Volumes/mycode/Documents/GitHub/Ainor-Universe/dataconnect\": could not find dataconnect.yaml in `/Volumes/mycode/Documents/GitHub/Ainor-Universe/dataconnect`\n"}}
[debug] [2026-07-01T12:09:58.669Z] E0701 17:39:58.669574    8669 watch.go:40] Failed to load config from "/Volumes/mycode/Documents/GitHub/Ainor-Universe/dataconnect": could not find dataconnect.yaml in `/Volumes/mycode/Documents/GitHub/Ainor-Universe/dataconnect`
 {"metadata":{"emulator":{"name":"dataconnect"},"message":"E0701 17:39:58.669574    8669 watch.go:40] Failed to load config from \"/Volumes/mycode/Documents/GitHub/Ainor-Universe/dataconnect\": could not find dataconnect.yaml in `/Volumes/mycode/Documents/GitHub/Ainor-Universe/dataconnect`\n"}}
[debug] [2026-07-01T12:10:08.669Z] E0701 17:40:08.668941    8669 watch.go:40] Failed to load config from "/Volumes/mycode/Documents/GitHub/Ainor-Universe/dataconnect": could not find dataconnect.yaml in `/Volumes/mycode/Documents/GitHub/Ainor-Universe/dataconnect`
E0701 17:40:08.668873    8669 watch.go:116] watchAllDir unable to walk dir `/Volumes/mycode/Documents/GitHub/Ainor-Universe/dataconnect`: lstat /Volumes/mycode/Documents/GitHub/Ainor-Universe/dataconnect: no such file or directory
 {"metadata":{"emulator":{"name":"dataconnect"},"message":"E0701 17:40:08.668941    8669 watch.go:40] Failed to load config from \"/Volumes/mycode/Documents/GitHub/Ainor-Universe/dataconnect\": could not find dataconnect.yaml in `/Volumes/mycode/Documents/GitHub/Ainor-Universe/dataconnect`\nE0701 17:40:08.668873    8669 watch.go:116] watchAllDir unable to walk dir `/Volumes/mycode/Documents/GitHub/Ainor-Universe/dataconnect`: lstat /Volumes/mycode/Documents/GitHub/Ainor-Universe/dataconnect: no such file or directory\n"}}
[debug] [2026-07-01T12:10:18.670Z] E0701 17:40:18.669627    8669 watch.go:40] Failed to load config from "/Volumes/mycode/Documents/GitHub/Ainor-Universe/dataconnect": could not find dataconnect.yaml in `/Volumes/mycode/Documents/GitHub/Ainor-Universe/dataconnect`
 {"metadata":{"emulator":{"name":"dataconnect"},"message":"E0701 17:40:18.669627    8669 watch.go:40] Failed to load config from \"/Volumes/mycode/Documents/GitHub/Ainor-Universe/dataconnect\": could not find dataconnect.yaml in `/Volumes/mycode/Documents/GitHub/Ainor-Universe/dataconnect`\n"}}
[debug] [2026-07-01T12:10:28.669Z] E0701 17:40:28.669591    8669 watch.go:40] Failed to load config from "/Volumes/mycode/Documents/GitHub/Ainor-Universe/dataconnect": could not find dataconnect.yaml in `/Volumes/mycode/Documents/GitHub/Ainor-Universe/dataconnect`
 {"metadata":{"emulator":{"name":"dataconnect"},"message":"E0701 17:40:28.669591    8669 watch.go:40] Failed to load config from \"/Volumes/mycode/Documents/GitHub/Ainor-Universe/dataconnect\": could not find dataconnect.yaml in `/Volumes/mycode/Documents/GitHub/Ainor-Universe/dataconnect`\n"}}
[debug] [2026-07-01T12:10:38.669Z] E0701 17:40:38.669293    8669 watch.go:40] Failed to load config from "/Volumes/mycode/Documents/GitHub/Ainor-Universe/dataconnect": could not find dataconnect.yaml in `/Volumes/mycode/Documents/GitHub/Ainor-Universe/dataconnect`
 {"metadata":{"emulator":{"name":"dataconnect"},"message":"E0701 17:40:38.669293    8669 watch.go:40] Failed to load config from \"/Volumes/mycode/Documents/GitHub/Ainor-Universe/dataconnect\": could not find dataconnect.yaml in `/Volumes/mycode/Documents/GitHub/Ainor-Universe/dataconnect`\n"}}
[debug] [2026-07-01T12:10:48.669Z] E0701 17:40:48.669622    8669 watch.go:40] Failed to load config from "/Volumes/mycode/Documents/GitHub/Ainor-Universe/dataconnect": could not find dataconnect.yaml in `/Volumes/mycode/Documents/GitHub/Ainor-Universe/dataconnect`
 {"metadata":{"emulator":{"name":"dataconnect"},"message":"E0701 17:40:48.669622    8669 watch.go:40] Failed to load config from \"/Volumes/mycode/Documents/GitHub/Ainor-Universe/dataconnect\": could not find dataconnect.yaml in `/Volumes/mycode/Documents/GitHub/Ainor-Universe/dataconnect`\n"}}
[debug] [2026-07-01T12:10:58.670Z] E0701 17:40:58.669766    8669 watch.go:40] Failed to load config from "/Volumes/mycode/Documents/GitHub/Ainor-Universe/dataconnect": could not find dataconnect.yaml in `/Volumes/mycode/Documents/GitHub/Ainor-Universe/dataconnect`
 {"metadata":{"emulator":{"name":"dataconnect"},"message":"E0701 17:40:58.669766    8669 watch.go:40] Failed to load config from \"/Volumes/mycode/Documents/GitHub/Ainor-Universe/dataconnect\": could not find dataconnect.yaml in `/Volumes/mycode/Documents/GitHub/Ainor-Universe/dataconnect`\n"}}
[debug] [2026-07-01T12:11:08.669Z] E0701 17:41:08.669463    8669 watch.go:40] Failed to load config from "/Volumes/mycode/Documents/GitHub/Ainor-Universe/dataconnect": could not find dataconnect.yaml in `/Volumes/mycode/Documents/GitHub/Ainor-Universe/dataconnect`
E0701 17:41:08.669384    8669 watch.go:116] watchAllDir unable to walk dir `/Volumes/mycode/Documents/GitHub/Ainor-Universe/dataconnect`: lstat /Volumes/mycode/Documents/GitHub/Ainor-Universe/dataconnect: no such file or directory
 {"metadata":{"emulator":{"name":"dataconnect"},"message":"E0701 17:41:08.669463    8669 watch.go:40] Failed to load config from \"/Volumes/mycode/Documents/GitHub/Ainor-Universe/dataconnect\": could not find dataconnect.yaml in `/Volumes/mycode/Documents/GitHub/Ainor-Universe/dataconnect`\nE0701 17:41:08.669384    8669 watch.go:116] watchAllDir unable to walk dir `/Volumes/mycode/Documents/GitHub/Ainor-Universe/dataconnect`: lstat /Volumes/mycode/Documents/GitHub/Ainor-Universe/dataconnect: no such file or directory\n"}}
[debug] [2026-07-01T12:11:18.669Z] E0701 17:41:18.669660    8669 watch.go:40] Failed to load config from "/Volumes/mycode/Documents/GitHub/Ainor-Universe/dataconnect": could not find dataconnect.yaml in `/Volumes/mycode/Documents/GitHub/Ainor-Universe/dataconnect`
 {"metadata":{"emulator":{"name":"dataconnect"},"message":"E0701 17:41:18.669660    8669 watch.go:40] Failed to load config from \"/Volumes/mycode/Documents/GitHub/Ainor-Universe/dataconnect\": could not find dataconnect.yaml in `/Volumes/mycode/Documents/GitHub/Ainor-Universe/dataconnect`\n"}}
[debug] [2026-07-01T12:11:28.670Z] E0701 17:41:28.669729    8669 watch.go:40] Failed to load config from "/Volumes/mycode/Documents/GitHub/Ainor-Universe/dataconnect": could not find dataconnect.yaml in `/Volumes/mycode/Documents/GitHub/Ainor-Universe/dataconnect`
 {"metadata":{"emulator":{"name":"dataconnect"},"message":"E0701 17:41:28.669729    8669 watch.go:40] Failed to load config from \"/Volumes/mycode/Documents/GitHub/Ainor-Universe/dataconnect\": could not find dataconnect.yaml in `/Volumes/mycode/Documents/GitHub/Ainor-Universe/dataconnect`\n"}}
[debug] [2026-07-01T12:11:38.669Z] E0701 17:41:38.669070    8669 watch.go:40] Failed to load config from "/Volumes/mycode/Documents/GitHub/Ainor-Universe/dataconnect": could not find dataconnect.yaml in `/Volumes/mycode/Documents/GitHub/Ainor-Universe/dataconnect`
 {"metadata":{"emulator":{"name":"dataconnect"},"message":"E0701 17:41:38.669070    8669 watch.go:40] Failed to load config from \"/Volumes/mycode/Documents/GitHub/Ainor-Universe/dataconnect\": could not find dataconnect.yaml in `/Volumes/mycode/Documents/GitHub/Ainor-Universe/dataconnect`\n"}}
[debug] [2026-07-01T12:11:48.669Z] E0701 17:41:48.669701    8669 watch.go:40] Failed to load config from "/Volumes/mycode/Documents/GitHub/Ainor-Universe/dataconnect": could not find dataconnect.yaml in `/Volumes/mycode/Documents/GitHub/Ainor-Universe/dataconnect`
 {"metadata":{"emulator":{"name":"dataconnect"},"message":"E0701 17:41:48.669701    8669 watch.go:40] Failed to load config from \"/Volumes/mycode/Documents/GitHub/Ainor-Universe/dataconnect\": could not find dataconnect.yaml in `/Volumes/mycode/Documents/GitHub/Ainor-Universe/dataconnect`\n"}}
[debug] [2026-07-01T12:11:58.670Z] E0701 17:41:58.669892    8669 watch.go:40] Failed to load config from "/Volumes/mycode/Documents/GitHub/Ainor-Universe/dataconnect": could not find dataconnect.yaml in `/Volumes/mycode/Documents/GitHub/Ainor-Universe/dataconnect`
 {"metadata":{"emulator":{"name":"dataconnect"},"message":"E0701 17:41:58.669892    8669 watch.go:40] Failed to load config from \"/Volumes/mycode/Documents/GitHub/Ainor-Universe/dataconnect\": could not find dataconnect.yaml in `/Volumes/mycode/Documents/GitHub/Ainor-Universe/dataconnect`\n"}}
[debug] [2026-07-01T12:12:08.668Z] E0701 17:42:08.668637    8669 watch.go:40] Failed to load config from "/Volumes/mycode/Documents/GitHub/Ainor-Universe/dataconnect": could not find dataconnect.yaml in `/Volumes/mycode/Documents/GitHub/Ainor-Universe/dataconnect`
 {"metadata":{"emulator":{"name":"dataconnect"},"message":"E0701 17:42:08.668637    8669 watch.go:40] Failed to load config from \"/Volumes/mycode/Documents/GitHub/Ainor-Universe/dataconnect\": could not find dataconnect.yaml in `/Volumes/mycode/Documents/GitHub/Ainor-Universe/dataconnect`\n"}}
[debug] [2026-07-01T12:12:08.670Z] E0701 17:42:08.668588    8669 watch.go:116] watchAllDir unable to walk dir `/Volumes/mycode/Documents/GitHub/Ainor-Universe/dataconnect`: lstat /Volumes/mycode/Documents/GitHub/Ainor-Universe/dataconnect: no such file or directory
 {"metadata":{"emulator":{"name":"dataconnect"},"message":"E0701 17:42:08.668588    8669 watch.go:116] watchAllDir unable to walk dir `/Volumes/mycode/Documents/GitHub/Ainor-Universe/dataconnect`: lstat /Volumes/mycode/Documents/GitHub/Ainor-Universe/dataconnect: no such file or directory\n"}}
[debug] [2026-07-01T12:12:18.669Z] E0701 17:42:18.669781    8669 watch.go:40] Failed to load config from "/Volumes/mycode/Documents/GitHub/Ainor-Universe/dataconnect": could not find dataconnect.yaml in `/Volumes/mycode/Documents/GitHub/Ainor-Universe/dataconnect`
 {"metadata":{"emulator":{"name":"dataconnect"},"message":"E0701 17:42:18.669781    8669 watch.go:40] Failed to load config from \"/Volumes/mycode/Documents/GitHub/Ainor-Universe/dataconnect\": could not find dataconnect.yaml in `/Volumes/mycode/Documents/GitHub/Ainor-Universe/dataconnect`\n"}}
[debug] [2026-07-01T12:12:28.670Z] E0701 17:42:28.669847    8669 watch.go:40] Failed to load config from "/Volumes/mycode/Documents/GitHub/Ainor-Universe/dataconnect": could not find dataconnect.yaml in `/Volumes/mycode/Documents/GitHub/Ainor-Universe/dataconnect`
 {"metadata":{"emulator":{"name":"dataconnect"},"message":"E0701 17:42:28.669847    8669 watch.go:40] Failed to load config from \"/Volumes/mycode/Documents/GitHub/Ainor-Universe/dataconnect\": could not find dataconnect.yaml in `/Volumes/mycode/Documents/GitHub/Ainor-Universe/dataconnect`\n"}}
[debug] [2026-07-01T12:12:38.669Z] E0701 17:42:38.669288    8669 watch.go:40] Failed to load config from "/Volumes/mycode/Documents/GitHub/Ainor-Universe/dataconnect": could not find dataconnect.yaml in `/Volumes/mycode/Documents/GitHub/Ainor-Universe/dataconnect`
 {"metadata":{"emulator":{"name":"dataconnect"},"message":"E0701 17:42:38.669288    8669 watch.go:40] Failed to load config from \"/Volumes/mycode/Documents/GitHub/Ainor-Universe/dataconnect\": could not find dataconnect.yaml in `/Volumes/mycode/Documents/GitHub/Ainor-Universe/dataconnect`\n"}}
[debug] [2026-07-01T12:12:48.670Z] E0701 17:42:48.669938    8669 watch.go:40] Failed to load config from "/Volumes/mycode/Documents/GitHub/Ainor-Universe/dataconnect": could not find dataconnect.yaml in `/Volumes/mycode/Documents/GitHub/Ainor-Universe/dataconnect`
 {"metadata":{"emulator":{"name":"dataconnect"},"message":"E0701 17:42:48.669938    8669 watch.go:40] Failed to load config from \"/Volumes/mycode/Documents/GitHub/Ainor-Universe/dataconnect\": could not find dataconnect.yaml in `/Volumes/mycode/Documents/GitHub/Ainor-Universe/dataconnect`\n"}}
[debug] [2026-07-01T12:12:58.670Z] E0701 17:42:58.669808    8669 watch.go:40] Failed to load config from "/Volumes/mycode/Documents/GitHub/Ainor-Universe/dataconnect": could not find dataconnect.yaml in `/Volumes/mycode/Documents/GitHub/Ainor-Universe/dataconnect`
 {"metadata":{"emulator":{"name":"dataconnect"},"message":"E0701 17:42:58.669808    8669 watch.go:40] Failed to load config from \"/Volumes/mycode/Documents/GitHub/Ainor-Universe/dataconnect\": could not find dataconnect.yaml in `/Volumes/mycode/Documents/GitHub/Ainor-Universe/dataconnect`\n"}}
[debug] [2026-07-01T12:13:08.669Z] E0701 17:43:08.669383    8669 watch.go:40] Failed to load config from "/Volumes/mycode/Documents/GitHub/Ainor-Universe/dataconnect": could not find dataconnect.yaml in `/Volumes/mycode/Documents/GitHub/Ainor-Universe/dataconnect`
 {"metadata":{"emulator":{"name":"dataconnect"},"message":"E0701 17:43:08.669383    8669 watch.go:40] Failed to load config from \"/Volumes/mycode/Documents/GitHub/Ainor-Universe/dataconnect\": could not find dataconnect.yaml in `/Volumes/mycode/Documents/GitHub/Ainor-Universe/dataconnect`\n"}}
[debug] [2026-07-01T12:13:08.670Z] E0701 17:43:08.669407    8669 watch.go:116] watchAllDir unable to walk dir `/Volumes/mycode/Documents/GitHub/Ainor-Universe/dataconnect`: lstat /Volumes/mycode/Documents/GitHub/Ainor-Universe/dataconnect: no such file or directory
 {"metadata":{"emulator":{"name":"dataconnect"},"message":"E0701 17:43:08.669407    8669 watch.go:116] watchAllDir unable to walk dir `/Volumes/mycode/Documents/GitHub/Ainor-Universe/dataconnect`: lstat /Volumes/mycode/Documents/GitHub/Ainor-Universe/dataconnect: no such file or directory\n"}}
[debug] [2026-07-01T12:13:18.672Z] E0701 17:43:18.670199    8669 watch.go:40] Failed to load config from "/Volumes/mycode/Documents/GitHub/Ainor-Universe/dataconnect": could not find dataconnect.yaml in `/Volumes/mycode/Documents/GitHub/Ainor-Universe/dataconnect`
 {"metadata":{"emulator":{"name":"dataconnect"},"message":"E0701 17:43:18.670199    8669 watch.go:40] Failed to load config from \"/Volumes/mycode/Documents/GitHub/Ainor-Universe/dataconnect\": could not find dataconnect.yaml in `/Volumes/mycode/Documents/GitHub/Ainor-Universe/dataconnect`\n"}}
[debug] [2026-07-01T12:13:28.670Z] E0701 17:43:28.669756    8669 watch.go:40] Failed to load config from "/Volumes/mycode/Documents/GitHub/Ainor-Universe/dataconnect": could not find dataconnect.yaml in `/Volumes/mycode/Documents/GitHub/Ainor-Universe/dataconnect`
 {"metadata":{"emulator":{"name":"dataconnect"},"message":"E0701 17:43:28.669756    8669 watch.go:40] Failed to load config from \"/Volumes/mycode/Documents/GitHub/Ainor-Universe/dataconnect\": could not find dataconnect.yaml in `/Volumes/mycode/Documents/GitHub/Ainor-Universe/dataconnect`\n"}}
[debug] [2026-07-01T12:13:38.670Z] E0701 17:43:38.669637    8669 watch.go:40] Failed to load config from "/Volumes/mycode/Documents/GitHub/Ainor-Universe/dataconnect": could not find dataconnect.yaml in `/Volumes/mycode/Documents/GitHub/Ainor-Universe/dataconnect`
 {"metadata":{"emulator":{"name":"dataconnect"},"message":"E0701 17:43:38.669637    8669 watch.go:40] Failed to load config from \"/Volumes/mycode/Documents/GitHub/Ainor-Universe/dataconnect\": could not find dataconnect.yaml in `/Volumes/mycode/Documents/GitHub/Ainor-Universe/dataconnect`\n"}}
[debug] [2026-07-01T12:13:48.679Z] E0701 17:43:48.678236    8669 watch.go:40] Failed to load config from "/Volumes/mycode/Documents/GitHub/Ainor-Universe/dataconnect": could not find dataconnect.yaml in `/Volumes/mycode/Documents/GitHub/Ainor-Universe/dataconnect`
 {"metadata":{"emulator":{"name":"dataconnect"},"message":"E0701 17:43:48.678236    8669 watch.go:40] Failed to load config from \"/Volumes/mycode/Documents/GitHub/Ainor-Universe/dataconnect\": could not find dataconnect.yaml in `/Volumes/mycode/Documents/GitHub/Ainor-Universe/dataconnect`\n"}}
[debug] [2026-07-01T12:13:58.682Z] E0701 17:43:58.681994    8669 watch.go:40] Failed to load config from "/Volumes/mycode/Documents/GitHub/Ainor-Universe/dataconnect": could not find dataconnect.yaml in `/Volumes/mycode/Documents/GitHub/Ainor-Universe/dataconnect`
 {"metadata":{"emulator":{"name":"dataconnect"},"message":"E0701 17:43:58.681994    8669 watch.go:40] Failed to load config from \"/Volumes/mycode/Documents/GitHub/Ainor-Universe/dataconnect\": could not find dataconnect.yaml in `/Volumes/mycode/Documents/GitHub/Ainor-Universe/dataconnect`\n"}}
[debug] [2026-07-01T12:14:08.686Z] E0701 17:44:08.683605    8669 watch.go:116] watchAllDir unable to walk dir `/Volumes/mycode/Documents/GitHub/Ainor-Universe/dataconnect`: lstat /Volumes/mycode/Documents/GitHub/Ainor-Universe/dataconnect: no such file or directory
 {"metadata":{"emulator":{"name":"dataconnect"},"message":"E0701 17:44:08.683605    8669 watch.go:116] watchAllDir unable to walk dir `/Volumes/mycode/Documents/GitHub/Ainor-Universe/dataconnect`: lstat /Volumes/mycode/Documents/GitHub/Ainor-Universe/dataconnect: no such file or directory\n"}}
[debug] [2026-07-01T12:14:08.687Z] E0701 17:44:08.686555    8669 watch.go:40] Failed to load config from "/Volumes/mycode/Documents/GitHub/Ainor-Universe/dataconnect": could not find dataconnect.yaml in `/Volumes/mycode/Documents/GitHub/Ainor-Universe/dataconnect`
 {"metadata":{"emulator":{"name":"dataconnect"},"message":"E0701 17:44:08.686555    8669 watch.go:40] Failed to load config from \"/Volumes/mycode/Documents/GitHub/Ainor-Universe/dataconnect\": could not find dataconnect.yaml in `/Volumes/mycode/Documents/GitHub/Ainor-Universe/dataconnect`\n"}}
[debug] [2026-07-01T12:14:18.685Z] E0701 17:44:18.685382    8669 watch.go:40] Failed to load config from "/Volumes/mycode/Documents/GitHub/Ainor-Universe/dataconnect": could not find dataconnect.yaml in `/Volumes/mycode/Documents/GitHub/Ainor-Universe/dataconnect`
 {"metadata":{"emulator":{"name":"dataconnect"},"message":"E0701 17:44:18.685382    8669 watch.go:40] Failed to load config from \"/Volumes/mycode/Documents/GitHub/Ainor-Universe/dataconnect\": could not find dataconnect.yaml in `/Volumes/mycode/Documents/GitHub/Ainor-Universe/dataconnect`\n"}}
[debug] [2026-07-01T12:14:28.686Z] E0701 17:44:28.686103    8669 watch.go:40] Failed to load config from "/Volumes/mycode/Documents/GitHub/Ainor-Universe/dataconnect": could not find dataconnect.yaml in `/Volumes/mycode/Documents/GitHub/Ainor-Universe/dataconnect`
 {"metadata":{"emulator":{"name":"dataconnect"},"message":"E0701 17:44:28.686103    8669 watch.go:40] Failed to load config from \"/Volumes/mycode/Documents/GitHub/Ainor-Universe/dataconnect\": could not find dataconnect.yaml in `/Volumes/mycode/Documents/GitHub/Ainor-Universe/dataconnect`\n"}}
[debug] [2026-07-01T12:14:38.686Z] E0701 17:44:38.685890    8669 watch.go:40] Failed to load config from "/Volumes/mycode/Documents/GitHub/Ainor-Universe/dataconnect": could not find dataconnect.yaml in `/Volumes/mycode/Documents/GitHub/Ainor-Universe/dataconnect`
 {"metadata":{"emulator":{"name":"dataconnect"},"message":"E0701 17:44:38.685890    8669 watch.go:40] Failed to load config from \"/Volumes/mycode/Documents/GitHub/Ainor-Universe/dataconnect\": could not find dataconnect.yaml in `/Volumes/mycode/Documents/GitHub/Ainor-Universe/dataconnect`\n"}}
[debug] [2026-07-01T12:14:48.687Z] E0701 17:44:48.686762    8669 watch.go:40] Failed to load config from "/Volumes/mycode/Documents/GitHub/Ainor-Universe/dataconnect": could not find dataconnect.yaml in `/Volumes/mycode/Documents/GitHub/Ainor-Universe/dataconnect`
 {"metadata":{"emulator":{"name":"dataconnect"},"message":"E0701 17:44:48.686762    8669 watch.go:40] Failed to load config from \"/Volumes/mycode/Documents/GitHub/Ainor-Universe/dataconnect\": could not find dataconnect.yaml in `/Volumes/mycode/Documents/GitHub/Ainor-Universe/dataconnect`\n"}}
[debug] [2026-07-01T12:14:58.687Z] E0701 17:44:58.686994    8669 watch.go:40] Failed to load config from "/Volumes/mycode/Documents/GitHub/Ainor-Universe/dataconnect": could not find dataconnect.yaml in `/Volumes/mycode/Documents/GitHub/Ainor-Universe/dataconnect`
 {"metadata":{"emulator":{"name":"dataconnect"},"message":"E0701 17:44:58.686994    8669 watch.go:40] Failed to load config from \"/Volumes/mycode/Documents/GitHub/Ainor-Universe/dataconnect\": could not find dataconnect.yaml in `/Volumes/mycode/Documents/GitHub/Ainor-Universe/dataconnect`\n"}}
[debug] [2026-07-01T12:15:08.686Z] E0701 17:45:08.686611    8669 watch.go:40] Failed to load config from "/Volumes/mycode/Documents/GitHub/Ainor-Universe/dataconnect": could not find dataconnect.yaml in `/Volumes/mycode/Documents/GitHub/Ainor-Universe/dataconnect`
E0701 17:45:08.686624    8669 watch.go:116] watchAllDir unable to walk dir `/Volumes/mycode/Documents/GitHub/Ainor-Universe/dataconnect`: lstat /Volumes/mycode/Documents/GitHub/Ainor-Universe/dataconnect: no such file or directory
 {"metadata":{"emulator":{"name":"dataconnect"},"message":"E0701 17:45:08.686611    8669 watch.go:40] Failed to load config from \"/Volumes/mycode/Documents/GitHub/Ainor-Universe/dataconnect\": could not find dataconnect.yaml in `/Volumes/mycode/Documents/GitHub/Ainor-Universe/dataconnect`\nE0701 17:45:08.686624    8669 watch.go:116] watchAllDir unable to walk dir `/Volumes/mycode/Documents/GitHub/Ainor-Universe/dataconnect`: lstat /Volumes/mycode/Documents/GitHub/Ainor-Universe/dataconnect: no such file or directory\n"}}
[debug] [2026-07-01T12:15:18.687Z] E0701 17:45:18.686968    8669 watch.go:40] Failed to load config from "/Volumes/mycode/Documents/GitHub/Ainor-Universe/dataconnect": could not find dataconnect.yaml in `/Volumes/mycode/Documents/GitHub/Ainor-Universe/dataconnect`
 {"metadata":{"emulator":{"name":"dataconnect"},"message":"E0701 17:45:18.686968    8669 watch.go:40] Failed to load config from \"/Volumes/mycode/Documents/GitHub/Ainor-Universe/dataconnect\": could not find dataconnect.yaml in `/Volumes/mycode/Documents/GitHub/Ainor-Universe/dataconnect`\n"}}
[debug] [2026-07-01T12:15:28.688Z] E0701 17:45:28.687367    8669 watch.go:40] Failed to load config from "/Volumes/mycode/Documents/GitHub/Ainor-Universe/dataconnect": could not find dataconnect.yaml in `/Volumes/mycode/Documents/GitHub/Ainor-Universe/dataconnect`
 {"metadata":{"emulator":{"name":"dataconnect"},"message":"E0701 17:45:28.687367    8669 watch.go:40] Failed to load config from \"/Volumes/mycode/Documents/GitHub/Ainor-Universe/dataconnect\": could not find dataconnect.yaml in `/Volumes/mycode/Documents/GitHub/Ainor-Universe/dataconnect`\n"}}
[debug] [2026-07-01T12:15:38.687Z] E0701 17:45:38.686804    8669 watch.go:40] Failed to load config from "/Volumes/mycode/Documents/GitHub/Ainor-Universe/dataconnect": could not find dataconnect.yaml in `/Volumes/mycode/Documents/GitHub/Ainor-Universe/dataconnect`
 {"metadata":{"emulator":{"name":"dataconnect"},"message":"E0701 17:45:38.686804    8669 watch.go:40] Failed to load config from \"/Volumes/mycode/Documents/GitHub/Ainor-Universe/dataconnect\": could not find dataconnect.yaml in `/Volumes/mycode/Documents/GitHub/Ainor-Universe/dataconnect`\n"}}
[debug] [2026-07-01T12:15:48.687Z] E0701 17:45:48.687093    8669 watch.go:40] Failed to load config from "/Volumes/mycode/Documents/GitHub/Ainor-Universe/dataconnect": could not find dataconnect.yaml in `/Volumes/mycode/Documents/GitHub/Ainor-Universe/dataconnect`
 {"metadata":{"emulator":{"name":"dataconnect"},"message":"E0701 17:45:48.687093    8669 watch.go:40] Failed to load config from \"/Volumes/mycode/Documents/GitHub/Ainor-Universe/dataconnect\": could not find dataconnect.yaml in `/Volumes/mycode/Documents/GitHub/Ainor-Universe/dataconnect`\n"}}
[debug] [2026-07-01T12:15:58.687Z] E0701 17:45:58.686972    8669 watch.go:40] Failed to load config from "/Volumes/mycode/Documents/GitHub/Ainor-Universe/dataconnect": could not find dataconnect.yaml in `/Volumes/mycode/Documents/GitHub/Ainor-Universe/dataconnect`
 {"metadata":{"emulator":{"name":"dataconnect"},"message":"E0701 17:45:58.686972    8669 watch.go:40] Failed to load config from \"/Volumes/mycode/Documents/GitHub/Ainor-Universe/dataconnect\": could not find dataconnect.yaml in `/Volumes/mycode/Documents/GitHub/Ainor-Universe/dataconnect`\n"}}
[debug] [2026-07-01T12:16:08.687Z] E0701 17:46:08.686573    8669 watch.go:40] Failed to load config from "/Volumes/mycode/Documents/GitHub/Ainor-Universe/dataconnect": could not find dataconnect.yaml in `/Volumes/mycode/Documents/GitHub/Ainor-Universe/dataconnect`
E0701 17:46:08.686546    8669 watch.go:116] watchAllDir unable to walk dir `/Volumes/mycode/Documents/GitHub/Ainor-Universe/dataconnect`: lstat /Volumes/mycode/Documents/GitHub/Ainor-Universe/dataconnect: no such file or directory
 {"metadata":{"emulator":{"name":"dataconnect"},"message":"E0701 17:46:08.686573    8669 watch.go:40] Failed to load config from \"/Volumes/mycode/Documents/GitHub/Ainor-Universe/dataconnect\": could not find dataconnect.yaml in `/Volumes/mycode/Documents/GitHub/Ainor-Universe/dataconnect`\nE0701 17:46:08.686546    8669 watch.go:116] watchAllDir unable to walk dir `/Volumes/mycode/Documents/GitHub/Ainor-Universe/dataconnect`: lstat /Volumes/mycode/Documents/GitHub/Ainor-Universe/dataconnect: no such file or directory\n"}}
[debug] [2026-07-01T12:16:18.691Z] E0701 17:46:18.690076    8669 watch.go:40] Failed to load config from "/Volumes/mycode/Documents/GitHub/Ainor-Universe/dataconnect": could not find dataconnect.yaml in `/Volumes/mycode/Documents/GitHub/Ainor-Universe/dataconnect`
 {"metadata":{"emulator":{"name":"dataconnect"},"message":"E0701 17:46:18.690076    8669 watch.go:40] Failed to load config from \"/Volumes/mycode/Documents/GitHub/Ainor-Universe/dataconnect\": could not find dataconnect.yaml in `/Volumes/mycode/Documents/GitHub/Ainor-Universe/dataconnect`\n"}}
[debug] [2026-07-01T12:16:28.688Z] E0701 17:46:28.687543    8669 watch.go:40] Failed to load config from "/Volumes/mycode/Documents/GitHub/Ainor-Universe/dataconnect": could not find dataconnect.yaml in `/Volumes/mycode/Documents/GitHub/Ainor-Universe/dataconnect`
 {"metadata":{"emulator":{"name":"dataconnect"},"message":"E0701 17:46:28.687543    8669 watch.go:40] Failed to load config from \"/Volumes/mycode/Documents/GitHub/Ainor-Universe/dataconnect\": could not find dataconnect.yaml in `/Volumes/mycode/Documents/GitHub/Ainor-Universe/dataconnect`\n"}}
[debug] [2026-07-01T12:16:38.687Z] E0701 17:46:38.686948    8669 watch.go:40] Failed to load config from "/Volumes/mycode/Documents/GitHub/Ainor-Universe/dataconnect": could not find dataconnect.yaml in `/Volumes/mycode/Documents/GitHub/Ainor-Universe/dataconnect`
 {"metadata":{"emulator":{"name":"dataconnect"},"message":"E0701 17:46:38.686948    8669 watch.go:40] Failed to load config from \"/Volumes/mycode/Documents/GitHub/Ainor-Universe/dataconnect\": could not find dataconnect.yaml in `/Volumes/mycode/Documents/GitHub/Ainor-Universe/dataconnect`\n"}}
[debug] [2026-07-01T12:16:48.687Z] E0701 17:46:48.687370    8669 watch.go:40] Failed to load config from "/Volumes/mycode/Documents/GitHub/Ainor-Universe/dataconnect": could not find dataconnect.yaml in `/Volumes/mycode/Documents/GitHub/Ainor-Universe/dataconnect`
 {"metadata":{"emulator":{"name":"dataconnect"},"message":"E0701 17:46:48.687370    8669 watch.go:40] Failed to load config from \"/Volumes/mycode/Documents/GitHub/Ainor-Universe/dataconnect\": could not find dataconnect.yaml in `/Volumes/mycode/Documents/GitHub/Ainor-Universe/dataconnect`\n"}}
[debug] [2026-07-01T12:16:58.687Z] E0701 17:46:58.687356    8669 watch.go:40] Failed to load config from "/Volumes/mycode/Documents/GitHub/Ainor-Universe/dataconnect": could not find dataconnect.yaml in `/Volumes/mycode/Documents/GitHub/Ainor-Universe/dataconnect`
 {"metadata":{"emulator":{"name":"dataconnect"},"message":"E0701 17:46:58.687356    8669 watch.go:40] Failed to load config from \"/Volumes/mycode/Documents/GitHub/Ainor-Universe/dataconnect\": could not find dataconnect.yaml in `/Volumes/mycode/Documents/GitHub/Ainor-Universe/dataconnect`\n"}}
[debug] [2026-07-01T12:17:08.687Z] E0701 17:47:08.687164    8669 watch.go:40] Failed to load config from "/Volumes/mycode/Documents/GitHub/Ainor-Universe/dataconnect": could not find dataconnect.yaml in `/Volumes/mycode/Documents/GitHub/Ainor-Universe/dataconnect`
E0701 17:47:08.687119    8669 watch.go:116] watchAllDir unable to walk dir `/Volumes/mycode/Documents/GitHub/Ainor-Universe/dataconnect`: lstat /Volumes/mycode/Documents/GitHub/Ainor-Universe/dataconnect: no such file or directory
 {"metadata":{"emulator":{"name":"dataconnect"},"message":"E0701 17:47:08.687164    8669 watch.go:40] Failed to load config from \"/Volumes/mycode/Documents/GitHub/Ainor-Universe/dataconnect\": could not find dataconnect.yaml in `/Volumes/mycode/Documents/GitHub/Ainor-Universe/dataconnect`\nE0701 17:47:08.687119    8669 watch.go:116] watchAllDir unable to walk dir `/Volumes/mycode/Documents/GitHub/Ainor-Universe/dataconnect`: lstat /Volumes/mycode/Documents/GitHub/Ainor-Universe/dataconnect: no such file or directory\n"}}
[debug] [2026-07-01T12:17:18.687Z] E0701 17:47:18.686793    8669 watch.go:40] Failed to load config from "/Volumes/mycode/Documents/GitHub/Ainor-Universe/dataconnect": could not find dataconnect.yaml in `/Volumes/mycode/Documents/GitHub/Ainor-Universe/dataconnect`
 {"metadata":{"emulator":{"name":"dataconnect"},"message":"E0701 17:47:18.686793    8669 watch.go:40] Failed to load config from \"/Volumes/mycode/Documents/GitHub/Ainor-Universe/dataconnect\": could not find dataconnect.yaml in `/Volumes/mycode/Documents/GitHub/Ainor-Universe/dataconnect`\n"}}
[debug] [2026-07-01T12:17:28.688Z] E0701 17:47:28.687659    8669 watch.go:40] Failed to load config from "/Volumes/mycode/Documents/GitHub/Ainor-Universe/dataconnect": could not find dataconnect.yaml in `/Volumes/mycode/Documents/GitHub/Ainor-Universe/dataconnect`
 {"metadata":{"emulator":{"name":"dataconnect"},"message":"E0701 17:47:28.687659    8669 watch.go:40] Failed to load config from \"/Volumes/mycode/Documents/GitHub/Ainor-Universe/dataconnect\": could not find dataconnect.yaml in `/Volumes/mycode/Documents/GitHub/Ainor-Universe/dataconnect`\n"}}
[debug] [2026-07-01T12:17:38.687Z] E0701 17:47:38.687279    8669 watch.go:40] Failed to load config from "/Volumes/mycode/Documents/GitHub/Ainor-Universe/dataconnect": could not find dataconnect.yaml in `/Volumes/mycode/Documents/GitHub/Ainor-Universe/dataconnect`
 {"metadata":{"emulator":{"name":"dataconnect"},"message":"E0701 17:47:38.687279    8669 watch.go:40] Failed to load config from \"/Volumes/mycode/Documents/GitHub/Ainor-Universe/dataconnect\": could not find dataconnect.yaml in `/Volumes/mycode/Documents/GitHub/Ainor-Universe/dataconnect`\n"}}
[debug] [2026-07-01T12:17:48.691Z] E0701 17:47:48.690818    8669 watch.go:40] Failed to load config from "/Volumes/mycode/Documents/GitHub/Ainor-Universe/dataconnect": could not find dataconnect.yaml in `/Volumes/mycode/Documents/GitHub/Ainor-Universe/dataconnect`
 {"metadata":{"emulator":{"name":"dataconnect"},"message":"E0701 17:47:48.690818    8669 watch.go:40] Failed to load config from \"/Volumes/mycode/Documents/GitHub/Ainor-Universe/dataconnect\": could not find dataconnect.yaml in `/Volumes/mycode/Documents/GitHub/Ainor-Universe/dataconnect`\n"}}
[debug] [2026-07-01T12:17:58.687Z] E0701 17:47:58.687499    8669 watch.go:40] Failed to load config from "/Volumes/mycode/Documents/GitHub/Ainor-Universe/dataconnect": could not find dataconnect.yaml in `/Volumes/mycode/Documents/GitHub/Ainor-Universe/dataconnect`
 {"metadata":{"emulator":{"name":"dataconnect"},"message":"E0701 17:47:58.687499    8669 watch.go:40] Failed to load config from \"/Volumes/mycode/Documents/GitHub/Ainor-Universe/dataconnect\": could not find dataconnect.yaml in `/Volumes/mycode/Documents/GitHub/Ainor-Universe/dataconnect`\n"}}
[debug] [2026-07-01T12:18:08.687Z] E0701 17:48:08.687207    8669 watch.go:116] watchAllDir unable to walk dir `/Volumes/mycode/Documents/GitHub/Ainor-Universe/dataconnect`: lstat /Volumes/mycode/Documents/GitHub/Ainor-Universe/dataconnect: no such file or directory
 {"metadata":{"emulator":{"name":"dataconnect"},"message":"E0701 17:48:08.687207    8669 watch.go:116] watchAllDir unable to walk dir `/Volumes/mycode/Documents/GitHub/Ainor-Universe/dataconnect`: lstat /Volumes/mycode/Documents/GitHub/Ainor-Universe/dataconnect: no such file or directory\n"}}
[debug] [2026-07-01T12:18:08.689Z] E0701 17:48:08.687631    8669 watch.go:40] Failed to load config from "/Volumes/mycode/Documents/GitHub/Ainor-Universe/dataconnect": could not find dataconnect.yaml in `/Volumes/mycode/Documents/GitHub/Ainor-Universe/dataconnect`
 {"metadata":{"emulator":{"name":"dataconnect"},"message":"E0701 17:48:08.687631    8669 watch.go:40] Failed to load config from \"/Volumes/mycode/Documents/GitHub/Ainor-Universe/dataconnect\": could not find dataconnect.yaml in `/Volumes/mycode/Documents/GitHub/Ainor-Universe/dataconnect`\n"}}
[debug] [2026-07-01T12:18:18.690Z] E0701 17:48:18.688255    8669 watch.go:40] Failed to load config from "/Volumes/mycode/Documents/GitHub/Ainor-Universe/dataconnect": could not find dataconnect.yaml in `/Volumes/mycode/Documents/GitHub/Ainor-Universe/dataconnect`
 {"metadata":{"emulator":{"name":"dataconnect"},"message":"E0701 17:48:18.688255    8669 watch.go:40] Failed to load config from \"/Volumes/mycode/Documents/GitHub/Ainor-Universe/dataconnect\": could not find dataconnect.yaml in `/Volumes/mycode/Documents/GitHub/Ainor-Universe/dataconnect`\n"}}
[debug] [2026-07-01T12:18:28.689Z] E0701 17:48:28.689017    8669 watch.go:40] Failed to load config from "/Volumes/mycode/Documents/GitHub/Ainor-Universe/dataconnect": could not find dataconnect.yaml in `/Volumes/mycode/Documents/GitHub/Ainor-Universe/dataconnect`
 {"metadata":{"emulator":{"name":"dataconnect"},"message":"E0701 17:48:28.689017    8669 watch.go:40] Failed to load config from \"/Volumes/mycode/Documents/GitHub/Ainor-Universe/dataconnect\": could not find dataconnect.yaml in `/Volumes/mycode/Documents/GitHub/Ainor-Universe/dataconnect`\n"}}
[debug] [2026-07-01T12:18:38.687Z] E0701 17:48:38.687417    8669 watch.go:40] Failed to load config from "/Volumes/mycode/Documents/GitHub/Ainor-Universe/dataconnect": could not find dataconnect.yaml in `/Volumes/mycode/Documents/GitHub/Ainor-Universe/dataconnect`
 {"metadata":{"emulator":{"name":"dataconnect"},"message":"E0701 17:48:38.687417    8669 watch.go:40] Failed to load config from \"/Volumes/mycode/Documents/GitHub/Ainor-Universe/dataconnect\": could not find dataconnect.yaml in `/Volumes/mycode/Documents/GitHub/Ainor-Universe/dataconnect`\n"}}
[debug] [2026-07-01T12:18:48.687Z] E0701 17:48:48.686996    8669 watch.go:40] Failed to load config from "/Volumes/mycode/Documents/GitHub/Ainor-Universe/dataconnect": could not find dataconnect.yaml in `/Volumes/mycode/Documents/GitHub/Ainor-Universe/dataconnect`
 {"metadata":{"emulator":{"name":"dataconnect"},"message":"E0701 17:48:48.686996    8669 watch.go:40] Failed to load config from \"/Volumes/mycode/Documents/GitHub/Ainor-Universe/dataconnect\": could not find dataconnect.yaml in `/Volumes/mycode/Documents/GitHub/Ainor-Universe/dataconnect`\n"}}
[debug] [2026-07-01T12:18:58.690Z] E0701 17:48:58.688222    8669 watch.go:40] Failed to load config from "/Volumes/mycode/Documents/GitHub/Ainor-Universe/dataconnect": could not find dataconnect.yaml in `/Volumes/mycode/Documents/GitHub/Ainor-Universe/dataconnect`
 {"metadata":{"emulator":{"name":"dataconnect"},"message":"E0701 17:48:58.688222    8669 watch.go:40] Failed to load config from \"/Volumes/mycode/Documents/GitHub/Ainor-Universe/dataconnect\": could not find dataconnect.yaml in `/Volumes/mycode/Documents/GitHub/Ainor-Universe/dataconnect`\n"}}
[debug] [2026-07-01T12:19:08.687Z] E0701 17:49:08.687443    8669 watch.go:116] watchAllDir unable to walk dir `/Volumes/mycode/Documents/GitHub/Ainor-Universe/dataconnect`: lstat /Volumes/mycode/Documents/GitHub/Ainor-Universe/dataconnect: no such file or directory
E0701 17:49:08.687512    8669 watch.go:40] Failed to load config from "/Volumes/mycode/Documents/GitHub/Ainor-Universe/dataconnect": could not find dataconnect.yaml in `/Volumes/mycode/Documents/GitHub/Ainor-Universe/dataconnect`
 {"metadata":{"emulator":{"name":"dataconnect"},"message":"E0701 17:49:08.687443    8669 watch.go:116] watchAllDir unable to walk dir `/Volumes/mycode/Documents/GitHub/Ainor-Universe/dataconnect`: lstat /Volumes/mycode/Documents/GitHub/Ainor-Universe/dataconnect: no such file or directory\nE0701 17:49:08.687512    8669 watch.go:40] Failed to load config from \"/Volumes/mycode/Documents/GitHub/Ainor-Universe/dataconnect\": could not find dataconnect.yaml in `/Volumes/mycode/Documents/GitHub/Ainor-Universe/dataconnect`\n"}}
[debug] [2026-07-01T12:19:18.690Z] E0701 17:49:18.688302    8669 watch.go:40] Failed to load config from "/Volumes/mycode/Documents/GitHub/Ainor-Universe/dataconnect": could not find dataconnect.yaml in `/Volumes/mycode/Documents/GitHub/Ainor-Universe/dataconnect`
 {"metadata":{"emulator":{"name":"dataconnect"},"message":"E0701 17:49:18.688302    8669 watch.go:40] Failed to load config from \"/Volumes/mycode/Documents/GitHub/Ainor-Universe/dataconnect\": could not find dataconnect.yaml in `/Volumes/mycode/Documents/GitHub/Ainor-Universe/dataconnect`\n"}}
[debug] [2026-07-01T12:19:28.689Z] E0701 17:49:28.687679    8669 watch.go:40] Failed to load config from "/Volumes/mycode/Documents/GitHub/Ainor-Universe/dataconnect": could not find dataconnect.yaml in `/Volumes/mycode/Documents/GitHub/Ainor-Universe/dataconnect`
 {"metadata":{"emulator":{"name":"dataconnect"},"message":"E0701 17:49:28.687679    8669 watch.go:40] Failed to load config from \"/Volumes/mycode/Documents/GitHub/Ainor-Universe/dataconnect\": could not find dataconnect.yaml in `/Volumes/mycode/Documents/GitHub/Ainor-Universe/dataconnect`\n"}}
[debug] [2026-07-01T12:19:38.688Z] E0701 17:49:38.687629    8669 watch.go:40] Failed to load config from "/Volumes/mycode/Documents/GitHub/Ainor-Universe/dataconnect": could not find dataconnect.yaml in `/Volumes/mycode/Documents/GitHub/Ainor-Universe/dataconnect`
 {"metadata":{"emulator":{"name":"dataconnect"},"message":"E0701 17:49:38.687629    8669 watch.go:40] Failed to load config from \"/Volumes/mycode/Documents/GitHub/Ainor-Universe/dataconnect\": could not find dataconnect.yaml in `/Volumes/mycode/Documents/GitHub/Ainor-Universe/dataconnect`\n"}}
[debug] [2026-07-01T12:19:48.688Z] E0701 17:49:48.688117    8669 watch.go:40] Failed to load config from "/Volumes/mycode/Documents/GitHub/Ainor-Universe/dataconnect": could not find dataconnect.yaml in `/Volumes/mycode/Documents/GitHub/Ainor-Universe/dataconnect`
 {"metadata":{"emulator":{"name":"dataconnect"},"message":"E0701 17:49:48.688117    8669 watch.go:40] Failed to load config from \"/Volumes/mycode/Documents/GitHub/Ainor-Universe/dataconnect\": could not find dataconnect.yaml in `/Volumes/mycode/Documents/GitHub/Ainor-Universe/dataconnect`\n"}}
[debug] [2026-07-01T12:19:58.689Z] E0701 17:49:58.688287    8669 watch.go:40] Failed to load config from "/Volumes/mycode/Documents/GitHub/Ainor-Universe/dataconnect": could not find dataconnect.yaml in `/Volumes/mycode/Documents/GitHub/Ainor-Universe/dataconnect`
 {"metadata":{"emulator":{"name":"dataconnect"},"message":"E0701 17:49:58.688287    8669 watch.go:40] Failed to load config from \"/Volumes/mycode/Documents/GitHub/Ainor-Universe/dataconnect\": could not find dataconnect.yaml in `/Volumes/mycode/Documents/GitHub/Ainor-Universe/dataconnect`\n"}}
[debug] [2026-07-01T12:20:08.688Z] E0701 17:50:08.687761    8669 watch.go:40] Failed to load config from "/Volumes/mycode/Documents/GitHub/Ainor-Universe/dataconnect": could not find dataconnect.yaml in `/Volumes/mycode/Documents/GitHub/Ainor-Universe/dataconnect`
E0701 17:50:08.687733    8669 watch.go:116] watchAllDir unable to walk dir `/Volumes/mycode/Documents/GitHub/Ainor-Universe/dataconnect`: lstat /Volumes/mycode/Documents/GitHub/Ainor-Universe/dataconnect: no such file or directory
 {"metadata":{"emulator":{"name":"dataconnect"},"message":"E0701 17:50:08.687761    8669 watch.go:40] Failed to load config from \"/Volumes/mycode/Documents/GitHub/Ainor-Universe/dataconnect\": could not find dataconnect.yaml in `/Volumes/mycode/Documents/GitHub/Ainor-Universe/dataconnect`\nE0701 17:50:08.687733    8669 watch.go:116] watchAllDir unable to walk dir `/Volumes/mycode/Documents/GitHub/Ainor-Universe/dataconnect`: lstat /Volumes/mycode/Documents/GitHub/Ainor-Universe/dataconnect: no such file or directory\n"}}
[debug] [2026-07-01T12:20:18.688Z] E0701 17:50:18.688282    8669 watch.go:40] Failed to load config from "/Volumes/mycode/Documents/GitHub/Ainor-Universe/dataconnect": could not find dataconnect.yaml in `/Volumes/mycode/Documents/GitHub/Ainor-Universe/dataconnect`
 {"metadata":{"emulator":{"name":"dataconnect"},"message":"E0701 17:50:18.688282    8669 watch.go:40] Failed to load config from \"/Volumes/mycode/Documents/GitHub/Ainor-Universe/dataconnect\": could not find dataconnect.yaml in `/Volumes/mycode/Documents/GitHub/Ainor-Universe/dataconnect`\n"}}
[debug] [2026-07-01T12:20:28.688Z] E0701 17:50:28.688112    8669 watch.go:40] Failed to load config from "/Volumes/mycode/Documents/GitHub/Ainor-Universe/dataconnect": could not find dataconnect.yaml in `/Volumes/mycode/Documents/GitHub/Ainor-Universe/dataconnect`
 {"metadata":{"emulator":{"name":"dataconnect"},"message":"E0701 17:50:28.688112    8669 watch.go:40] Failed to load config from \"/Volumes/mycode/Documents/GitHub/Ainor-Universe/dataconnect\": could not find dataconnect.yaml in `/Volumes/mycode/Documents/GitHub/Ainor-Universe/dataconnect`\n"}}
[debug] [2026-07-01T12:20:38.688Z] E0701 17:50:38.687861    8669 watch.go:40] Failed to load config from "/Volumes/mycode/Documents/GitHub/Ainor-Universe/dataconnect": could not find dataconnect.yaml in `/Volumes/mycode/Documents/GitHub/Ainor-Universe/dataconnect`
 {"metadata":{"emulator":{"name":"dataconnect"},"message":"E0701 17:50:38.687861    8669 watch.go:40] Failed to load config from \"/Volumes/mycode/Documents/GitHub/Ainor-Universe/dataconnect\": could not find dataconnect.yaml in `/Volumes/mycode/Documents/GitHub/Ainor-Universe/dataconnect`\n"}}
[debug] [2026-07-01T12:20:48.690Z] E0701 17:50:48.687897    8669 watch.go:40] Failed to load config from "/Volumes/mycode/Documents/GitHub/Ainor-Universe/dataconnect": could not find dataconnect.yaml in `/Volumes/mycode/Documents/GitHub/Ainor-Universe/dataconnect`
 {"metadata":{"emulator":{"name":"dataconnect"},"message":"E0701 17:50:48.687897    8669 watch.go:40] Failed to load config from \"/Volumes/mycode/Documents/GitHub/Ainor-Universe/dataconnect\": could not find dataconnect.yaml in `/Volumes/mycode/Documents/GitHub/Ainor-Universe/dataconnect`\n"}}
[debug] [2026-07-01T12:20:58.688Z] E0701 17:50:58.688248    8669 watch.go:40] Failed to load config from "/Volumes/mycode/Documents/GitHub/Ainor-Universe/dataconnect": could not find dataconnect.yaml in `/Volumes/mycode/Documents/GitHub/Ainor-Universe/dataconnect`
 {"metadata":{"emulator":{"name":"dataconnect"},"message":"E0701 17:50:58.688248    8669 watch.go:40] Failed to load config from \"/Volumes/mycode/Documents/GitHub/Ainor-Universe/dataconnect\": could not find dataconnect.yaml in `/Volumes/mycode/Documents/GitHub/Ainor-Universe/dataconnect`\n"}}
[debug] [2026-07-01T12:21:08.688Z] E0701 17:51:08.687951    8669 watch.go:116] watchAllDir unable to walk dir `/Volumes/mycode/Documents/GitHub/Ainor-Universe/dataconnect`: lstat /Volumes/mycode/Documents/GitHub/Ainor-Universe/dataconnect: no such file or directory
E0701 17:51:08.688039    8669 watch.go:40] Failed to load config from "/Volumes/mycode/Documents/GitHub/Ainor-Universe/dataconnect": could not find dataconnect.yaml in `/Volumes/mycode/Documents/GitHub/Ainor-Universe/dataconnect`
 {"metadata":{"emulator":{"name":"dataconnect"},"message":"E0701 17:51:08.687951    8669 watch.go:116] watchAllDir unable to walk dir `/Volumes/mycode/Documents/GitHub/Ainor-Universe/dataconnect`: lstat /Volumes/mycode/Documents/GitHub/Ainor-Universe/dataconnect: no such file or directory\nE0701 17:51:08.688039    8669 watch.go:40] Failed to load config from \"/Volumes/mycode/Documents/GitHub/Ainor-Universe/dataconnect\": could not find dataconnect.yaml in `/Volumes/mycode/Documents/GitHub/Ainor-Universe/dataconnect`\n"}}
[debug] [2026-07-01T12:21:18.688Z] E0701 17:51:18.687659    8669 watch.go:40] Failed to load config from "/Volumes/mycode/Documents/GitHub/Ainor-Universe/dataconnect": could not find dataconnect.yaml in `/Volumes/mycode/Documents/GitHub/Ainor-Universe/dataconnect`
 {"metadata":{"emulator":{"name":"dataconnect"},"message":"E0701 17:51:18.687659    8669 watch.go:40] Failed to load config from \"/Volumes/mycode/Documents/GitHub/Ainor-Universe/dataconnect\": could not find dataconnect.yaml in `/Volumes/mycode/Documents/GitHub/Ainor-Universe/dataconnect`\n"}}
[debug] [2026-07-01T12:21:28.689Z] E0701 17:51:28.688600    8669 watch.go:40] Failed to load config from "/Volumes/mycode/Documents/GitHub/Ainor-Universe/dataconnect": could not find dataconnect.yaml in `/Volumes/mycode/Documents/GitHub/Ainor-Universe/dataconnect`
 {"metadata":{"emulator":{"name":"dataconnect"},"message":"E0701 17:51:28.688600    8669 watch.go:40] Failed to load config from \"/Volumes/mycode/Documents/GitHub/Ainor-Universe/dataconnect\": could not find dataconnect.yaml in `/Volumes/mycode/Documents/GitHub/Ainor-Universe/dataconnect`\n"}}
[debug] [2026-07-01T12:21:38.691Z] E0701 17:51:38.688466    8669 watch.go:40] Failed to load config from "/Volumes/mycode/Documents/GitHub/Ainor-Universe/dataconnect": could not find dataconnect.yaml in `/Volumes/mycode/Documents/GitHub/Ainor-Universe/dataconnect`
 {"metadata":{"emulator":{"name":"dataconnect"},"message":"E0701 17:51:38.688466    8669 watch.go:40] Failed to load config from \"/Volumes/mycode/Documents/GitHub/Ainor-Universe/dataconnect\": could not find dataconnect.yaml in `/Volumes/mycode/Documents/GitHub/Ainor-Universe/dataconnect`\n"}}
[debug] [2026-07-01T12:21:48.688Z] E0701 17:51:48.688562    8669 watch.go:40] Failed to load config from "/Volumes/mycode/Documents/GitHub/Ainor-Universe/dataconnect": could not find dataconnect.yaml in `/Volumes/mycode/Documents/GitHub/Ainor-Universe/dataconnect`
 {"metadata":{"emulator":{"name":"dataconnect"},"message":"E0701 17:51:48.688562    8669 watch.go:40] Failed to load config from \"/Volumes/mycode/Documents/GitHub/Ainor-Universe/dataconnect\": could not find dataconnect.yaml in `/Volumes/mycode/Documents/GitHub/Ainor-Universe/dataconnect`\n"}}
[debug] [2026-07-01T12:21:58.687Z] E0701 17:51:58.687656    8669 watch.go:40] Failed to load config from "/Volumes/mycode/Documents/GitHub/Ainor-Universe/dataconnect": could not find dataconnect.yaml in `/Volumes/mycode/Documents/GitHub/Ainor-Universe/dataconnect`
 {"metadata":{"emulator":{"name":"dataconnect"},"message":"E0701 17:51:58.687656    8669 watch.go:40] Failed to load config from \"/Volumes/mycode/Documents/GitHub/Ainor-Universe/dataconnect\": could not find dataconnect.yaml in `/Volumes/mycode/Documents/GitHub/Ainor-Universe/dataconnect`\n"}}
[debug] [2026-07-01T12:22:08.688Z] E0701 17:52:08.688239    8669 watch.go:40] Failed to load config from "/Volumes/mycode/Documents/GitHub/Ainor-Universe/dataconnect": could not find dataconnect.yaml in `/Volumes/mycode/Documents/GitHub/Ainor-Universe/dataconnect`
 {"metadata":{"emulator":{"name":"dataconnect"},"message":"E0701 17:52:08.688239    8669 watch.go:40] Failed to load config from \"/Volumes/mycode/Documents/GitHub/Ainor-Universe/dataconnect\": could not find dataconnect.yaml in `/Volumes/mycode/Documents/GitHub/Ainor-Universe/dataconnect`\n"}}
[debug] [2026-07-01T12:22:08.689Z] E0701 17:52:08.688261    8669 watch.go:116] watchAllDir unable to walk dir `/Volumes/mycode/Documents/GitHub/Ainor-Universe/dataconnect`: lstat /Volumes/mycode/Documents/GitHub/Ainor-Universe/dataconnect: no such file or directory
 {"metadata":{"emulator":{"name":"dataconnect"},"message":"E0701 17:52:08.688261    8669 watch.go:116] watchAllDir unable to walk dir `/Volumes/mycode/Documents/GitHub/Ainor-Universe/dataconnect`: lstat /Volumes/mycode/Documents/GitHub/Ainor-Universe/dataconnect: no such file or directory\n"}}
[debug] [2026-07-01T12:22:18.689Z] E0701 17:52:18.688639    8669 watch.go:40] Failed to load config from "/Volumes/mycode/Documents/GitHub/Ainor-Universe/dataconnect": could not find dataconnect.yaml in `/Volumes/mycode/Documents/GitHub/Ainor-Universe/dataconnect`
 {"metadata":{"emulator":{"name":"dataconnect"},"message":"E0701 17:52:18.688639    8669 watch.go:40] Failed to load config from \"/Volumes/mycode/Documents/GitHub/Ainor-Universe/dataconnect\": could not find dataconnect.yaml in `/Volumes/mycode/Documents/GitHub/Ainor-Universe/dataconnect`\n"}}
[debug] [2026-07-01T12:22:28.688Z] E0701 17:52:28.688255    8669 watch.go:40] Failed to load config from "/Volumes/mycode/Documents/GitHub/Ainor-Universe/dataconnect": could not find dataconnect.yaml in `/Volumes/mycode/Documents/GitHub/Ainor-Universe/dataconnect`
 {"metadata":{"emulator":{"name":"dataconnect"},"message":"E0701 17:52:28.688255    8669 watch.go:40] Failed to load config from \"/Volumes/mycode/Documents/GitHub/Ainor-Universe/dataconnect\": could not find dataconnect.yaml in `/Volumes/mycode/Documents/GitHub/Ainor-Universe/dataconnect`\n"}}
[debug] [2026-07-01T12:22:38.689Z] E0701 17:52:38.688502    8669 watch.go:40] Failed to load config from "/Volumes/mycode/Documents/GitHub/Ainor-Universe/dataconnect": could not find dataconnect.yaml in `/Volumes/mycode/Documents/GitHub/Ainor-Universe/dataconnect`
 {"metadata":{"emulator":{"name":"dataconnect"},"message":"E0701 17:52:38.688502    8669 watch.go:40] Failed to load config from \"/Volumes/mycode/Documents/GitHub/Ainor-Universe/dataconnect\": could not find dataconnect.yaml in `/Volumes/mycode/Documents/GitHub/Ainor-Universe/dataconnect`\n"}}
[debug] [2026-07-01T12:22:48.696Z] E0701 17:52:48.694172    8669 watch.go:40] Failed to load config from "/Volumes/mycode/Documents/GitHub/Ainor-Universe/dataconnect": could not find dataconnect.yaml in `/Volumes/mycode/Documents/GitHub/Ainor-Universe/dataconnect`
 {"metadata":{"emulator":{"name":"dataconnect"},"message":"E0701 17:52:48.694172    8669 watch.go:40] Failed to load config from \"/Volumes/mycode/Documents/GitHub/Ainor-Universe/dataconnect\": could not find dataconnect.yaml in `/Volumes/mycode/Documents/GitHub/Ainor-Universe/dataconnect`\n"}}
[debug] [2026-07-01T12:22:58.689Z] E0701 17:52:58.688751    8669 watch.go:40] Failed to load config from "/Volumes/mycode/Documents/GitHub/Ainor-Universe/dataconnect": could not find dataconnect.yaml in `/Volumes/mycode/Documents/GitHub/Ainor-Universe/dataconnect`
 {"metadata":{"emulator":{"name":"dataconnect"},"message":"E0701 17:52:58.688751    8669 watch.go:40] Failed to load config from \"/Volumes/mycode/Documents/GitHub/Ainor-Universe/dataconnect\": could not find dataconnect.yaml in `/Volumes/mycode/Documents/GitHub/Ainor-Universe/dataconnect`\n"}}
[debug] [2026-07-01T12:23:08.688Z] E0701 17:53:08.688385    8669 watch.go:40] Failed to load config from "/Volumes/mycode/Documents/GitHub/Ainor-Universe/dataconnect": could not find dataconnect.yaml in `/Volumes/mycode/Documents/GitHub/Ainor-Universe/dataconnect`
E0701 17:53:08.688350    8669 watch.go:116] watchAllDir unable to walk dir `/Volumes/mycode/Documents/GitHub/Ainor-Universe/dataconnect`: lstat /Volumes/mycode/Documents/GitHub/Ainor-Universe/dataconnect: no such file or directory
 {"metadata":{"emulator":{"name":"dataconnect"},"message":"E0701 17:53:08.688385    8669 watch.go:40] Failed to load config from \"/Volumes/mycode/Documents/GitHub/Ainor-Universe/dataconnect\": could not find dataconnect.yaml in `/Volumes/mycode/Documents/GitHub/Ainor-Universe/dataconnect`\nE0701 17:53:08.688350    8669 watch.go:116] watchAllDir unable to walk dir `/Volumes/mycode/Documents/GitHub/Ainor-Universe/dataconnect`: lstat /Volumes/mycode/Documents/GitHub/Ainor-Universe/dataconnect: no such file or directory\n"}}
[debug] [2026-07-01T12:23:18.689Z] E0701 17:53:18.688798    8669 watch.go:40] Failed to load config from "/Volumes/mycode/Documents/GitHub/Ainor-Universe/dataconnect": could not find dataconnect.yaml in `/Volumes/mycode/Documents/GitHub/Ainor-Universe/dataconnect`
 {"metadata":{"emulator":{"name":"dataconnect"},"message":"E0701 17:53:18.688798    8669 watch.go:40] Failed to load config from \"/Volumes/mycode/Documents/GitHub/Ainor-Universe/dataconnect\": could not find dataconnect.yaml in `/Volumes/mycode/Documents/GitHub/Ainor-Universe/dataconnect`\n"}}
[debug] [2026-07-01T12:23:28.689Z] E0701 17:53:28.688787    8669 watch.go:40] Failed to load config from "/Volumes/mycode/Documents/GitHub/Ainor-Universe/dataconnect": could not find dataconnect.yaml in `/Volumes/mycode/Documents/GitHub/Ainor-Universe/dataconnect`
 {"metadata":{"emulator":{"name":"dataconnect"},"message":"E0701 17:53:28.688787    8669 watch.go:40] Failed to load config from \"/Volumes/mycode/Documents/GitHub/Ainor-Universe/dataconnect\": could not find dataconnect.yaml in `/Volumes/mycode/Documents/GitHub/Ainor-Universe/dataconnect`\n"}}
[debug] [2026-07-01T12:23:38.690Z] E0701 17:53:38.688674    8669 watch.go:40] Failed to load config from "/Volumes/mycode/Documents/GitHub/Ainor-Universe/dataconnect": could not find dataconnect.yaml in `/Volumes/mycode/Documents/GitHub/Ainor-Universe/dataconnect`
 {"metadata":{"emulator":{"name":"dataconnect"},"message":"E0701 17:53:38.688674    8669 watch.go:40] Failed to load config from \"/Volumes/mycode/Documents/GitHub/Ainor-Universe/dataconnect\": could not find dataconnect.yaml in `/Volumes/mycode/Documents/GitHub/Ainor-Universe/dataconnect`\n"}}
[debug] [2026-07-01T12:23:48.689Z] E0701 17:53:48.688820    8669 watch.go:40] Failed to load config from "/Volumes/mycode/Documents/GitHub/Ainor-Universe/dataconnect": could not find dataconnect.yaml in `/Volumes/mycode/Documents/GitHub/Ainor-Universe/dataconnect`
 {"metadata":{"emulator":{"name":"dataconnect"},"message":"E0701 17:53:48.688820    8669 watch.go:40] Failed to load config from \"/Volumes/mycode/Documents/GitHub/Ainor-Universe/dataconnect\": could not find dataconnect.yaml in `/Volumes/mycode/Documents/GitHub/Ainor-Universe/dataconnect`\n"}}
[debug] [2026-07-01T12:23:58.690Z] E0701 17:53:58.689275    8669 watch.go:40] Failed to load config from "/Volumes/mycode/Documents/GitHub/Ainor-Universe/dataconnect": could not find dataconnect.yaml in `/Volumes/mycode/Documents/GitHub/Ainor-Universe/dataconnect`
 {"metadata":{"emulator":{"name":"dataconnect"},"message":"E0701 17:53:58.689275    8669 watch.go:40] Failed to load config from \"/Volumes/mycode/Documents/GitHub/Ainor-Universe/dataconnect\": could not find dataconnect.yaml in `/Volumes/mycode/Documents/GitHub/Ainor-Universe/dataconnect`\n"}}
[debug] [2026-07-01T12:24:08.688Z] E0701 17:54:08.688346    8669 watch.go:40] Failed to load config from "/Volumes/mycode/Documents/GitHub/Ainor-Universe/dataconnect": could not find dataconnect.yaml in `/Volumes/mycode/Documents/GitHub/Ainor-Universe/dataconnect`
E0701 17:54:08.688382    8669 watch.go:116] watchAllDir unable to walk dir `/Volumes/mycode/Documents/GitHub/Ainor-Universe/dataconnect`: lstat /Volumes/mycode/Documents/GitHub/Ainor-Universe/dataconnect: no such file or directory
 {"metadata":{"emulator":{"name":"dataconnect"},"message":"E0701 17:54:08.688346    8669 watch.go:40] Failed to load config from \"/Volumes/mycode/Documents/GitHub/Ainor-Universe/dataconnect\": could not find dataconnect.yaml in `/Volumes/mycode/Documents/GitHub/Ainor-Universe/dataconnect`\nE0701 17:54:08.688382    8669 watch.go:116] watchAllDir unable to walk dir `/Volumes/mycode/Documents/GitHub/Ainor-Universe/dataconnect`: lstat /Volumes/mycode/Documents/GitHub/Ainor-Universe/dataconnect: no such file or directory\n"}}
[debug] [2026-07-01T12:24:18.693Z] E0701 17:54:18.689994    8669 watch.go:40] Failed to load config from "/Volumes/mycode/Documents/GitHub/Ainor-Universe/dataconnect": could not find dataconnect.yaml in `/Volumes/mycode/Documents/GitHub/Ainor-Universe/dataconnect`
 {"metadata":{"emulator":{"name":"dataconnect"},"message":"E0701 17:54:18.689994    8669 watch.go:40] Failed to load config from \"/Volumes/mycode/Documents/GitHub/Ainor-Universe/dataconnect\": could not find dataconnect.yaml in `/Volumes/mycode/Documents/GitHub/Ainor-Universe/dataconnect`\n"}}
[debug] [2026-07-01T12:24:28.695Z] E0701 17:54:28.693689    8669 watch.go:40] Failed to load config from "/Volumes/mycode/Documents/GitHub/Ainor-Universe/dataconnect": could not find dataconnect.yaml in `/Volumes/mycode/Documents/GitHub/Ainor-Universe/dataconnect`
 {"metadata":{"emulator":{"name":"dataconnect"},"message":"E0701 17:54:28.693689    8669 watch.go:40] Failed to load config from \"/Volumes/mycode/Documents/GitHub/Ainor-Universe/dataconnect\": could not find dataconnect.yaml in `/Volumes/mycode/Documents/GitHub/Ainor-Universe/dataconnect`\n"}}
[debug] [2026-07-01T12:24:38.688Z] E0701 17:54:38.688642    8669 watch.go:40] Failed to load config from "/Volumes/mycode/Documents/GitHub/Ainor-Universe/dataconnect": could not find dataconnect.yaml in `/Volumes/mycode/Documents/GitHub/Ainor-Universe/dataconnect`
 {"metadata":{"emulator":{"name":"dataconnect"},"message":"E0701 17:54:38.688642    8669 watch.go:40] Failed to load config from \"/Volumes/mycode/Documents/GitHub/Ainor-Universe/dataconnect\": could not find dataconnect.yaml in `/Volumes/mycode/Documents/GitHub/Ainor-Universe/dataconnect`\n"}}
[debug] [2026-07-01T12:24:48.689Z] E0701 17:54:48.689260    8669 watch.go:40] Failed to load config from "/Volumes/mycode/Documents/GitHub/Ainor-Universe/dataconnect": could not find dataconnect.yaml in `/Volumes/mycode/Documents/GitHub/Ainor-Universe/dataconnect`
 {"metadata":{"emulator":{"name":"dataconnect"},"message":"E0701 17:54:48.689260    8669 watch.go:40] Failed to load config from \"/Volumes/mycode/Documents/GitHub/Ainor-Universe/dataconnect\": could not find dataconnect.yaml in `/Volumes/mycode/Documents/GitHub/Ainor-Universe/dataconnect`\n"}}
[debug] [2026-07-01T12:24:58.689Z] E0701 17:54:58.689253    8669 watch.go:40] Failed to load config from "/Volumes/mycode/Documents/GitHub/Ainor-Universe/dataconnect": could not find dataconnect.yaml in `/Volumes/mycode/Documents/GitHub/Ainor-Universe/dataconnect`
 {"metadata":{"emulator":{"name":"dataconnect"},"message":"E0701 17:54:58.689253    8669 watch.go:40] Failed to load config from \"/Volumes/mycode/Documents/GitHub/Ainor-Universe/dataconnect\": could not find dataconnect.yaml in `/Volumes/mycode/Documents/GitHub/Ainor-Universe/dataconnect`\n"}}
[debug] [2026-07-01T12:25:08.689Z] E0701 17:55:08.688899    8669 watch.go:116] watchAllDir unable to walk dir `/Volumes/mycode/Documents/GitHub/Ainor-Universe/dataconnect`: lstat /Volumes/mycode/Documents/GitHub/Ainor-Universe/dataconnect: no such file or directory
E0701 17:55:08.689063    8669 watch.go:40] Failed to load config from "/Volumes/mycode/Documents/GitHub/Ainor-Universe/dataconnect": could not find dataconnect.yaml in `/Volumes/mycode/Documents/GitHub/Ainor-Universe/dataconnect`
 {"metadata":{"emulator":{"name":"dataconnect"},"message":"E0701 17:55:08.688899    8669 watch.go:116] watchAllDir unable to walk dir `/Volumes/mycode/Documents/GitHub/Ainor-Universe/dataconnect`: lstat /Volumes/mycode/Documents/GitHub/Ainor-Universe/dataconnect: no such file or directory\nE0701 17:55:08.689063    8669 watch.go:40] Failed to load config from \"/Volumes/mycode/Documents/GitHub/Ainor-Universe/dataconnect\": could not find dataconnect.yaml in `/Volumes/mycode/Documents/GitHub/Ainor-Universe/dataconnect`\n"}}
[debug] [2026-07-01T12:25:18.689Z] E0701 17:55:18.689293    8669 watch.go:40] Failed to load config from "/Volumes/mycode/Documents/GitHub/Ainor-Universe/dataconnect": could not find dataconnect.yaml in `/Volumes/mycode/Documents/GitHub/Ainor-Universe/dataconnect`
 {"metadata":{"emulator":{"name":"dataconnect"},"message":"E0701 17:55:18.689293    8669 watch.go:40] Failed to load config from \"/Volumes/mycode/Documents/GitHub/Ainor-Universe/dataconnect\": could not find dataconnect.yaml in `/Volumes/mycode/Documents/GitHub/Ainor-Universe/dataconnect`\n"}}
[debug] [2026-07-01T12:25:28.688Z] E0701 17:55:28.688366    8669 watch.go:40] Failed to load config from "/Volumes/mycode/Documents/GitHub/Ainor-Universe/dataconnect": could not find dataconnect.yaml in `/Volumes/mycode/Documents/GitHub/Ainor-Universe/dataconnect`
 {"metadata":{"emulator":{"name":"dataconnect"},"message":"E0701 17:55:28.688366    8669 watch.go:40] Failed to load config from \"/Volumes/mycode/Documents/GitHub/Ainor-Universe/dataconnect\": could not find dataconnect.yaml in `/Volumes/mycode/Documents/GitHub/Ainor-Universe/dataconnect`\n"}}
[debug] [2026-07-01T12:25:38.689Z] E0701 17:55:38.689178    8669 watch.go:40] Failed to load config from "/Volumes/mycode/Documents/GitHub/Ainor-Universe/dataconnect": could not find dataconnect.yaml in `/Volumes/mycode/Documents/GitHub/Ainor-Universe/dataconnect`
 {"metadata":{"emulator":{"name":"dataconnect"},"message":"E0701 17:55:38.689178    8669 watch.go:40] Failed to load config from \"/Volumes/mycode/Documents/GitHub/Ainor-Universe/dataconnect\": could not find dataconnect.yaml in `/Volumes/mycode/Documents/GitHub/Ainor-Universe/dataconnect`\n"}}
[debug] [2026-07-01T12:25:48.690Z] E0701 17:55:48.689516    8669 watch.go:40] Failed to load config from "/Volumes/mycode/Documents/GitHub/Ainor-Universe/dataconnect": could not find dataconnect.yaml in `/Volumes/mycode/Documents/GitHub/Ainor-Universe/dataconnect`
 {"metadata":{"emulator":{"name":"dataconnect"},"message":"E0701 17:55:48.689516    8669 watch.go:40] Failed to load config from \"/Volumes/mycode/Documents/GitHub/Ainor-Universe/dataconnect\": could not find dataconnect.yaml in `/Volumes/mycode/Documents/GitHub/Ainor-Universe/dataconnect`\n"}}
[debug] [2026-07-01T12:25:58.689Z] E0701 17:55:58.689168    8669 watch.go:40] Failed to load config from "/Volumes/mycode/Documents/GitHub/Ainor-Universe/dataconnect": could not find dataconnect.yaml in `/Volumes/mycode/Documents/GitHub/Ainor-Universe/dataconnect`
 {"metadata":{"emulator":{"name":"dataconnect"},"message":"E0701 17:55:58.689168    8669 watch.go:40] Failed to load config from \"/Volumes/mycode/Documents/GitHub/Ainor-Universe/dataconnect\": could not find dataconnect.yaml in `/Volumes/mycode/Documents/GitHub/Ainor-Universe/dataconnect`\n"}}
[debug] [2026-07-01T12:26:08.689Z] E0701 17:56:08.688951    8669 watch.go:116] watchAllDir unable to walk dir `/Volumes/mycode/Documents/GitHub/Ainor-Universe/dataconnect`: lstat /Volumes/mycode/Documents/GitHub/Ainor-Universe/dataconnect: no such file or directory
E0701 17:56:08.689035    8669 watch.go:40] Failed to load config from "/Volumes/mycode/Documents/GitHub/Ainor-Universe/dataconnect": could not find dataconnect.yaml in `/Volumes/mycode/Documents/GitHub/Ainor-Universe/dataconnect`
 {"metadata":{"emulator":{"name":"dataconnect"},"message":"E0701 17:56:08.688951    8669 watch.go:116] watchAllDir unable to walk dir `/Volumes/mycode/Documents/GitHub/Ainor-Universe/dataconnect`: lstat /Volumes/mycode/Documents/GitHub/Ainor-Universe/dataconnect: no such file or directory\nE0701 17:56:08.689035    8669 watch.go:40] Failed to load config from \"/Volumes/mycode/Documents/GitHub/Ainor-Universe/dataconnect\": could not find dataconnect.yaml in `/Volumes/mycode/Documents/GitHub/Ainor-Universe/dataconnect`\n"}}
[debug] [2026-07-01T12:26:18.690Z] E0701 17:56:18.689766    8669 watch.go:40] Failed to load config from "/Volumes/mycode/Documents/GitHub/Ainor-Universe/dataconnect": could not find dataconnect.yaml in `/Volumes/mycode/Documents/GitHub/Ainor-Universe/dataconnect`
 {"metadata":{"emulator":{"name":"dataconnect"},"message":"E0701 17:56:18.689766    8669 watch.go:40] Failed to load config from \"/Volumes/mycode/Documents/GitHub/Ainor-Universe/dataconnect\": could not find dataconnect.yaml in `/Volumes/mycode/Documents/GitHub/Ainor-Universe/dataconnect`\n"}}
[debug] [2026-07-01T12:26:28.689Z] E0701 17:56:28.689687    8669 watch.go:40] Failed to load config from "/Volumes/mycode/Documents/GitHub/Ainor-Universe/dataconnect": could not find dataconnect.yaml in `/Volumes/mycode/Documents/GitHub/Ainor-Universe/dataconnect`
 {"metadata":{"emulator":{"name":"dataconnect"},"message":"E0701 17:56:28.689687    8669 watch.go:40] Failed to load config from \"/Volumes/mycode/Documents/GitHub/Ainor-Universe/dataconnect\": could not find dataconnect.yaml in `/Volumes/mycode/Documents/GitHub/Ainor-Universe/dataconnect`\n"}}
[debug] [2026-07-01T12:26:38.689Z] E0701 17:56:38.689330    8669 watch.go:40] Failed to load config from "/Volumes/mycode/Documents/GitHub/Ainor-Universe/dataconnect": could not find dataconnect.yaml in `/Volumes/mycode/Documents/GitHub/Ainor-Universe/dataconnect`
 {"metadata":{"emulator":{"name":"dataconnect"},"message":"E0701 17:56:38.689330    8669 watch.go:40] Failed to load config from \"/Volumes/mycode/Documents/GitHub/Ainor-Universe/dataconnect\": could not find dataconnect.yaml in `/Volumes/mycode/Documents/GitHub/Ainor-Universe/dataconnect`\n"}}
[debug] [2026-07-01T12:26:48.690Z] E0701 17:56:48.689729    8669 watch.go:40] Failed to load config from "/Volumes/mycode/Documents/GitHub/Ainor-Universe/dataconnect": could not find dataconnect.yaml in `/Volumes/mycode/Documents/GitHub/Ainor-Universe/dataconnect`
 {"metadata":{"emulator":{"name":"dataconnect"},"message":"E0701 17:56:48.689729    8669 watch.go:40] Failed to load config from \"/Volumes/mycode/Documents/GitHub/Ainor-Universe/dataconnect\": could not find dataconnect.yaml in `/Volumes/mycode/Documents/GitHub/Ainor-Universe/dataconnect`\n"}}
[debug] [2026-07-01T12:26:58.690Z] E0701 17:56:58.689714    8669 watch.go:40] Failed to load config from "/Volumes/mycode/Documents/GitHub/Ainor-Universe/dataconnect": could not find dataconnect.yaml in `/Volumes/mycode/Documents/GitHub/Ainor-Universe/dataconnect`
 {"metadata":{"emulator":{"name":"dataconnect"},"message":"E0701 17:56:58.689714    8669 watch.go:40] Failed to load config from \"/Volumes/mycode/Documents/GitHub/Ainor-Universe/dataconnect\": could not find dataconnect.yaml in `/Volumes/mycode/Documents/GitHub/Ainor-Universe/dataconnect`\n"}}
[debug] [2026-07-01T12:27:08.689Z] E0701 17:57:08.689269    8669 watch.go:116] watchAllDir unable to walk dir `/Volumes/mycode/Documents/GitHub/Ainor-Universe/dataconnect`: lstat /Volumes/mycode/Documents/GitHub/Ainor-Universe/dataconnect: no such file or directory
E0701 17:57:08.689351    8669 watch.go:40] Failed to load config from "/Volumes/mycode/Documents/GitHub/Ainor-Universe/dataconnect": could not find dataconnect.yaml in `/Volumes/mycode/Documents/GitHub/Ainor-Universe/dataconnect`
 {"metadata":{"emulator":{"name":"dataconnect"},"message":"E0701 17:57:08.689269    8669 watch.go:116] watchAllDir unable to walk dir `/Volumes/mycode/Documents/GitHub/Ainor-Universe/dataconnect`: lstat /Volumes/mycode/Documents/GitHub/Ainor-Universe/dataconnect: no such file or directory\nE0701 17:57:08.689351    8669 watch.go:40] Failed to load config from \"/Volumes/mycode/Documents/GitHub/Ainor-Universe/dataconnect\": could not find dataconnect.yaml in `/Volumes/mycode/Documents/GitHub/Ainor-Universe/dataconnect`\n"}}
[debug] [2026-07-01T12:27:18.691Z] E0701 17:57:18.690106    8669 watch.go:40] Failed to load config from "/Volumes/mycode/Documents/GitHub/Ainor-Universe/dataconnect": could not find dataconnect.yaml in `/Volumes/mycode/Documents/GitHub/Ainor-Universe/dataconnect`
 {"metadata":{"emulator":{"name":"dataconnect"},"message":"E0701 17:57:18.690106    8669 watch.go:40] Failed to load config from \"/Volumes/mycode/Documents/GitHub/Ainor-Universe/dataconnect\": could not find dataconnect.yaml in `/Volumes/mycode/Documents/GitHub/Ainor-Universe/dataconnect`\n"}}
[debug] [2026-07-01T12:27:28.690Z] E0701 17:57:28.689887    8669 watch.go:40] Failed to load config from "/Volumes/mycode/Documents/GitHub/Ainor-Universe/dataconnect": could not find dataconnect.yaml in `/Volumes/mycode/Documents/GitHub/Ainor-Universe/dataconnect`
 {"metadata":{"emulator":{"name":"dataconnect"},"message":"E0701 17:57:28.689887    8669 watch.go:40] Failed to load config from \"/Volumes/mycode/Documents/GitHub/Ainor-Universe/dataconnect\": could not find dataconnect.yaml in `/Volumes/mycode/Documents/GitHub/Ainor-Universe/dataconnect`\n"}}
[debug] [2026-07-01T12:27:38.689Z] E0701 17:57:38.689545    8669 watch.go:40] Failed to load config from "/Volumes/mycode/Documents/GitHub/Ainor-Universe/dataconnect": could not find dataconnect.yaml in `/Volumes/mycode/Documents/GitHub/Ainor-Universe/dataconnect`
 {"metadata":{"emulator":{"name":"dataconnect"},"message":"E0701 17:57:38.689545    8669 watch.go:40] Failed to load config from \"/Volumes/mycode/Documents/GitHub/Ainor-Universe/dataconnect\": could not find dataconnect.yaml in `/Volumes/mycode/Documents/GitHub/Ainor-Universe/dataconnect`\n"}}
[debug] [2026-07-01T12:27:48.689Z] E0701 17:57:48.689601    8669 watch.go:40] Failed to load config from "/Volumes/mycode/Documents/GitHub/Ainor-Universe/dataconnect": could not find dataconnect.yaml in `/Volumes/mycode/Documents/GitHub/Ainor-Universe/dataconnect`
 {"metadata":{"emulator":{"name":"dataconnect"},"message":"E0701 17:57:48.689601    8669 watch.go:40] Failed to load config from \"/Volumes/mycode/Documents/GitHub/Ainor-Universe/dataconnect\": could not find dataconnect.yaml in `/Volumes/mycode/Documents/GitHub/Ainor-Universe/dataconnect`\n"}}
[debug] [2026-07-01T12:27:58.693Z] E0701 17:57:58.689985    8669 watch.go:40] Failed to load config from "/Volumes/mycode/Documents/GitHub/Ainor-Universe/dataconnect": could not find dataconnect.yaml in `/Volumes/mycode/Documents/GitHub/Ainor-Universe/dataconnect`
 {"metadata":{"emulator":{"name":"dataconnect"},"message":"E0701 17:57:58.689985    8669 watch.go:40] Failed to load config from \"/Volumes/mycode/Documents/GitHub/Ainor-Universe/dataconnect\": could not find dataconnect.yaml in `/Volumes/mycode/Documents/GitHub/Ainor-Universe/dataconnect`\n"}}
[debug] [2026-07-01T12:28:08.690Z] E0701 17:58:08.689317    8669 watch.go:40] Failed to load config from "/Volumes/mycode/Documents/GitHub/Ainor-Universe/dataconnect": could not find dataconnect.yaml in `/Volumes/mycode/Documents/GitHub/Ainor-Universe/dataconnect`
E0701 17:58:08.689242    8669 watch.go:116] watchAllDir unable to walk dir `/Volumes/mycode/Documents/GitHub/Ainor-Universe/dataconnect`: lstat /Volumes/mycode/Documents/GitHub/Ainor-Universe/dataconnect: no such file or directory
 {"metadata":{"emulator":{"name":"dataconnect"},"message":"E0701 17:58:08.689317    8669 watch.go:40] Failed to load config from \"/Volumes/mycode/Documents/GitHub/Ainor-Universe/dataconnect\": could not find dataconnect.yaml in `/Volumes/mycode/Documents/GitHub/Ainor-Universe/dataconnect`\nE0701 17:58:08.689242    8669 watch.go:116] watchAllDir unable to walk dir `/Volumes/mycode/Documents/GitHub/Ainor-Universe/dataconnect`: lstat /Volumes/mycode/Documents/GitHub/Ainor-Universe/dataconnect: no such file or directory\n"}}
[debug] [2026-07-01T12:28:18.692Z] E0701 17:58:18.690525    8669 watch.go:40] Failed to load config from "/Volumes/mycode/Documents/GitHub/Ainor-Universe/dataconnect": could not find dataconnect.yaml in `/Volumes/mycode/Documents/GitHub/Ainor-Universe/dataconnect`
 {"metadata":{"emulator":{"name":"dataconnect"},"message":"E0701 17:58:18.690525    8669 watch.go:40] Failed to load config from \"/Volumes/mycode/Documents/GitHub/Ainor-Universe/dataconnect\": could not find dataconnect.yaml in `/Volumes/mycode/Documents/GitHub/Ainor-Universe/dataconnect`\n"}}
[debug] [2026-07-01T12:28:28.690Z] E0701 17:58:28.689803    8669 watch.go:40] Failed to load config from "/Volumes/mycode/Documents/GitHub/Ainor-Universe/dataconnect": could not find dataconnect.yaml in `/Volumes/mycode/Documents/GitHub/Ainor-Universe/dataconnect`
 {"metadata":{"emulator":{"name":"dataconnect"},"message":"E0701 17:58:28.689803    8669 watch.go:40] Failed to load config from \"/Volumes/mycode/Documents/GitHub/Ainor-Universe/dataconnect\": could not find dataconnect.yaml in `/Volumes/mycode/Documents/GitHub/Ainor-Universe/dataconnect`\n"}}
[debug] [2026-07-01T12:28:38.690Z] E0701 17:58:38.689816    8669 watch.go:40] Failed to load config from "/Volumes/mycode/Documents/GitHub/Ainor-Universe/dataconnect": could not find dataconnect.yaml in `/Volumes/mycode/Documents/GitHub/Ainor-Universe/dataconnect`
 {"metadata":{"emulator":{"name":"dataconnect"},"message":"E0701 17:58:38.689816    8669 watch.go:40] Failed to load config from \"/Volumes/mycode/Documents/GitHub/Ainor-Universe/dataconnect\": could not find dataconnect.yaml in `/Volumes/mycode/Documents/GitHub/Ainor-Universe/dataconnect`\n"}}
[debug] [2026-07-01T12:28:48.690Z] E0701 17:58:48.690214    8669 watch.go:40] Failed to load config from "/Volumes/mycode/Documents/GitHub/Ainor-Universe/dataconnect": could not find dataconnect.yaml in `/Volumes/mycode/Documents/GitHub/Ainor-Universe/dataconnect`
 {"metadata":{"emulator":{"name":"dataconnect"},"message":"E0701 17:58:48.690214    8669 watch.go:40] Failed to load config from \"/Volumes/mycode/Documents/GitHub/Ainor-Universe/dataconnect\": could not find dataconnect.yaml in `/Volumes/mycode/Documents/GitHub/Ainor-Universe/dataconnect`\n"}}
[debug] [2026-07-01T12:28:58.692Z] E0701 17:58:58.690324    8669 watch.go:40] Failed to load config from "/Volumes/mycode/Documents/GitHub/Ainor-Universe/dataconnect": could not find dataconnect.yaml in `/Volumes/mycode/Documents/GitHub/Ainor-Universe/dataconnect`
 {"metadata":{"emulator":{"name":"dataconnect"},"message":"E0701 17:58:58.690324    8669 watch.go:40] Failed to load config from \"/Volumes/mycode/Documents/GitHub/Ainor-Universe/dataconnect\": could not find dataconnect.yaml in `/Volumes/mycode/Documents/GitHub/Ainor-Universe/dataconnect`\n"}}
[debug] [2026-07-01T12:29:08.690Z] E0701 17:59:08.689811    8669 watch.go:116] watchAllDir unable to walk dir `/Volumes/mycode/Documents/GitHub/Ainor-Universe/dataconnect`: lstat /Volumes/mycode/Documents/GitHub/Ainor-Universe/dataconnect: no such file or directory
 {"metadata":{"emulator":{"name":"dataconnect"},"message":"E0701 17:59:08.689811    8669 watch.go:116] watchAllDir unable to walk dir `/Volumes/mycode/Documents/GitHub/Ainor-Universe/dataconnect`: lstat /Volumes/mycode/Documents/GitHub/Ainor-Universe/dataconnect: no such file or directory\n"}}
[debug] [2026-07-01T12:29:08.692Z] E0701 17:59:08.692498    8669 watch.go:40] Failed to load config from "/Volumes/mycode/Documents/GitHub/Ainor-Universe/dataconnect": could not find dataconnect.yaml in `/Volumes/mycode/Documents/GitHub/Ainor-Universe/dataconnect`
 {"metadata":{"emulator":{"name":"dataconnect"},"message":"E0701 17:59:08.692498    8669 watch.go:40] Failed to load config from \"/Volumes/mycode/Documents/GitHub/Ainor-Universe/dataconnect\": could not find dataconnect.yaml in `/Volumes/mycode/Documents/GitHub/Ainor-Universe/dataconnect`\n"}}
[debug] [2026-07-01T12:29:18.692Z] E0701 17:59:18.690771    8669 watch.go:40] Failed to load config from "/Volumes/mycode/Documents/GitHub/Ainor-Universe/dataconnect": could not find dataconnect.yaml in `/Volumes/mycode/Documents/GitHub/Ainor-Universe/dataconnect`
 {"metadata":{"emulator":{"name":"dataconnect"},"message":"E0701 17:59:18.690771    8669 watch.go:40] Failed to load config from \"/Volumes/mycode/Documents/GitHub/Ainor-Universe/dataconnect\": could not find dataconnect.yaml in `/Volumes/mycode/Documents/GitHub/Ainor-Universe/dataconnect`\n"}}
[debug] [2026-07-01T12:29:28.690Z] E0701 17:59:28.690284    8669 watch.go:40] Failed to load config from "/Volumes/mycode/Documents/GitHub/Ainor-Universe/dataconnect": could not find dataconnect.yaml in `/Volumes/mycode/Documents/GitHub/Ainor-Universe/dataconnect`
 {"metadata":{"emulator":{"name":"dataconnect"},"message":"E0701 17:59:28.690284    8669 watch.go:40] Failed to load config from \"/Volumes/mycode/Documents/GitHub/Ainor-Universe/dataconnect\": could not find dataconnect.yaml in `/Volumes/mycode/Documents/GitHub/Ainor-Universe/dataconnect`\n"}}
[debug] [2026-07-01T12:29:38.690Z] E0701 17:59:38.689875    8669 watch.go:40] Failed to load config from "/Volumes/mycode/Documents/GitHub/Ainor-Universe/dataconnect": could not find dataconnect.yaml in `/Volumes/mycode/Documents/GitHub/Ainor-Universe/dataconnect`
 {"metadata":{"emulator":{"name":"dataconnect"},"message":"E0701 17:59:38.689875    8669 watch.go:40] Failed to load config from \"/Volumes/mycode/Documents/GitHub/Ainor-Universe/dataconnect\": could not find dataconnect.yaml in `/Volumes/mycode/Documents/GitHub/Ainor-Universe/dataconnect`\n"}}
[debug] [2026-07-01T12:29:48.694Z] E0701 17:59:48.694305    8669 watch.go:40] Failed to load config from "/Volumes/mycode/Documents/GitHub/Ainor-Universe/dataconnect": could not find dataconnect.yaml in `/Volumes/mycode/Documents/GitHub/Ainor-Universe/dataconnect`
 {"metadata":{"emulator":{"name":"dataconnect"},"message":"E0701 17:59:48.694305    8669 watch.go:40] Failed to load config from \"/Volumes/mycode/Documents/GitHub/Ainor-Universe/dataconnect\": could not find dataconnect.yaml in `/Volumes/mycode/Documents/GitHub/Ainor-Universe/dataconnect`\n"}}
[debug] [2026-07-01T12:29:58.698Z] E0701 17:59:58.698257    8669 watch.go:40] Failed to load config from "/Volumes/mycode/Documents/GitHub/Ainor-Universe/dataconnect": could not find dataconnect.yaml in `/Volumes/mycode/Documents/GitHub/Ainor-Universe/dataconnect`
 {"metadata":{"emulator":{"name":"dataconnect"},"message":"E0701 17:59:58.698257    8669 watch.go:40] Failed to load config from \"/Volumes/mycode/Documents/GitHub/Ainor-Universe/dataconnect\": could not find dataconnect.yaml in `/Volumes/mycode/Documents/GitHub/Ainor-Universe/dataconnect`\n"}}
[debug] [2026-07-01T12:30:08.700Z] E0701 18:00:08.699799    8669 watch.go:40] Failed to load config from "/Volumes/mycode/Documents/GitHub/Ainor-Universe/dataconnect": could not find dataconnect.yaml in `/Volumes/mycode/Documents/GitHub/Ainor-Universe/dataconnect`
E0701 18:00:08.699746    8669 watch.go:116] watchAllDir unable to walk dir `/Volumes/mycode/Documents/GitHub/Ainor-Universe/dataconnect`: lstat /Volumes/mycode/Documents/GitHub/Ainor-Universe/dataconnect: no such file or directory
 {"metadata":{"emulator":{"name":"dataconnect"},"message":"E0701 18:00:08.699799    8669 watch.go:40] Failed to load config from \"/Volumes/mycode/Documents/GitHub/Ainor-Universe/dataconnect\": could not find dataconnect.yaml in `/Volumes/mycode/Documents/GitHub/Ainor-Universe/dataconnect`\nE0701 18:00:08.699746    8669 watch.go:116] watchAllDir unable to walk dir `/Volumes/mycode/Documents/GitHub/Ainor-Universe/dataconnect`: lstat /Volumes/mycode/Documents/GitHub/Ainor-Universe/dataconnect: no such file or directory\n"}}
[debug] [2026-07-01T12:30:18.701Z] E0701 18:00:18.701076    8669 watch.go:40] Failed to load config from "/Volumes/mycode/Documents/GitHub/Ainor-Universe/dataconnect": could not find dataconnect.yaml in `/Volumes/mycode/Documents/GitHub/Ainor-Universe/dataconnect`
 {"metadata":{"emulator":{"name":"dataconnect"},"message":"E0701 18:00:18.701076    8669 watch.go:40] Failed to load config from \"/Volumes/mycode/Documents/GitHub/Ainor-Universe/dataconnect\": could not find dataconnect.yaml in `/Volumes/mycode/Documents/GitHub/Ainor-Universe/dataconnect`\n"}}
[debug] [2026-07-01T12:30:28.701Z] E0701 18:00:28.701485    8669 watch.go:40] Failed to load config from "/Volumes/mycode/Documents/GitHub/Ainor-Universe/dataconnect": could not find dataconnect.yaml in `/Volumes/mycode/Documents/GitHub/Ainor-Universe/dataconnect`
 {"metadata":{"emulator":{"name":"dataconnect"},"message":"E0701 18:00:28.701485    8669 watch.go:40] Failed to load config from \"/Volumes/mycode/Documents/GitHub/Ainor-Universe/dataconnect\": could not find dataconnect.yaml in `/Volumes/mycode/Documents/GitHub/Ainor-Universe/dataconnect`\n"}}
[debug] [2026-07-01T12:30:38.701Z] E0701 18:00:38.701431    8669 watch.go:40] Failed to load config from "/Volumes/mycode/Documents/GitHub/Ainor-Universe/dataconnect": could not find dataconnect.yaml in `/Volumes/mycode/Documents/GitHub/Ainor-Universe/dataconnect`
 {"metadata":{"emulator":{"name":"dataconnect"},"message":"E0701 18:00:38.701431    8669 watch.go:40] Failed to load config from \"/Volumes/mycode/Documents/GitHub/Ainor-Universe/dataconnect\": could not find dataconnect.yaml in `/Volumes/mycode/Documents/GitHub/Ainor-Universe/dataconnect`\n"}}
[debug] [2026-07-01T12:30:48.701Z] E0701 18:00:48.700981    8669 watch.go:40] Failed to load config from "/Volumes/mycode/Documents/GitHub/Ainor-Universe/dataconnect": could not find dataconnect.yaml in `/Volumes/mycode/Documents/GitHub/Ainor-Universe/dataconnect`
 {"metadata":{"emulator":{"name":"dataconnect"},"message":"E0701 18:00:48.700981    8669 watch.go:40] Failed to load config from \"/Volumes/mycode/Documents/GitHub/Ainor-Universe/dataconnect\": could not find dataconnect.yaml in `/Volumes/mycode/Documents/GitHub/Ainor-Universe/dataconnect`\n"}}
[debug] [2026-07-01T12:30:58.702Z] E0701 18:00:58.702024    8669 watch.go:40] Failed to load config from "/Volumes/mycode/Documents/GitHub/Ainor-Universe/dataconnect": could not find dataconnect.yaml in `/Volumes/mycode/Documents/GitHub/Ainor-Universe/dataconnect`
 {"metadata":{"emulator":{"name":"dataconnect"},"message":"E0701 18:00:58.702024    8669 watch.go:40] Failed to load config from \"/Volumes/mycode/Documents/GitHub/Ainor-Universe/dataconnect\": could not find dataconnect.yaml in `/Volumes/mycode/Documents/GitHub/Ainor-Universe/dataconnect`\n"}}
[debug] [2026-07-01T12:31:08.702Z] E0701 18:01:08.702120    8669 watch.go:40] Failed to load config from "/Volumes/mycode/Documents/GitHub/Ainor-Universe/dataconnect": could not find dataconnect.yaml in `/Volumes/mycode/Documents/GitHub/Ainor-Universe/dataconnect`
E0701 18:01:08.702034    8669 watch.go:116] watchAllDir unable to walk dir `/Volumes/mycode/Documents/GitHub/Ainor-Universe/dataconnect`: lstat /Volumes/mycode/Documents/GitHub/Ainor-Universe/dataconnect: no such file or directory
 {"metadata":{"emulator":{"name":"dataconnect"},"message":"E0701 18:01:08.702120    8669 watch.go:40] Failed to load config from \"/Volumes/mycode/Documents/GitHub/Ainor-Universe/dataconnect\": could not find dataconnect.yaml in `/Volumes/mycode/Documents/GitHub/Ainor-Universe/dataconnect`\nE0701 18:01:08.702034    8669 watch.go:116] watchAllDir unable to walk dir `/Volumes/mycode/Documents/GitHub/Ainor-Universe/dataconnect`: lstat /Volumes/mycode/Documents/GitHub/Ainor-Universe/dataconnect: no such file or directory\n"}}
[debug] [2026-07-01T12:31:18.702Z] E0701 18:01:18.702217    8669 watch.go:40] Failed to load config from "/Volumes/mycode/Documents/GitHub/Ainor-Universe/dataconnect": could not find dataconnect.yaml in `/Volumes/mycode/Documents/GitHub/Ainor-Universe/dataconnect`
 {"metadata":{"emulator":{"name":"dataconnect"},"message":"E0701 18:01:18.702217    8669 watch.go:40] Failed to load config from \"/Volumes/mycode/Documents/GitHub/Ainor-Universe/dataconnect\": could not find dataconnect.yaml in `/Volumes/mycode/Documents/GitHub/Ainor-Universe/dataconnect`\n"}}
[debug] [2026-07-01T12:31:28.702Z] E0701 18:01:28.702256    8669 watch.go:40] Failed to load config from "/Volumes/mycode/Documents/GitHub/Ainor-Universe/dataconnect": could not find dataconnect.yaml in `/Volumes/mycode/Documents/GitHub/Ainor-Universe/dataconnect`
 {"metadata":{"emulator":{"name":"dataconnect"},"message":"E0701 18:01:28.702256    8669 watch.go:40] Failed to load config from \"/Volumes/mycode/Documents/GitHub/Ainor-Universe/dataconnect\": could not find dataconnect.yaml in `/Volumes/mycode/Documents/GitHub/Ainor-Universe/dataconnect`\n"}}
[debug] [2026-07-01T12:31:38.702Z] E0701 18:01:38.702133    8669 watch.go:40] Failed to load config from "/Volumes/mycode/Documents/GitHub/Ainor-Universe/dataconnect": could not find dataconnect.yaml in `/Volumes/mycode/Documents/GitHub/Ainor-Universe/dataconnect`
 {"metadata":{"emulator":{"name":"dataconnect"},"message":"E0701 18:01:38.702133    8669 watch.go:40] Failed to load config from \"/Volumes/mycode/Documents/GitHub/Ainor-Universe/dataconnect\": could not find dataconnect.yaml in `/Volumes/mycode/Documents/GitHub/Ainor-Universe/dataconnect`\n"}}
[debug] [2026-07-01T12:31:48.705Z] E0701 18:01:48.703204    8669 watch.go:40] Failed to load config from "/Volumes/mycode/Documents/GitHub/Ainor-Universe/dataconnect": could not find dataconnect.yaml in `/Volumes/mycode/Documents/GitHub/Ainor-Universe/dataconnect`
 {"metadata":{"emulator":{"name":"dataconnect"},"message":"E0701 18:01:48.703204    8669 watch.go:40] Failed to load config from \"/Volumes/mycode/Documents/GitHub/Ainor-Universe/dataconnect\": could not find dataconnect.yaml in `/Volumes/mycode/Documents/GitHub/Ainor-Universe/dataconnect`\n"}}
[debug] [2026-07-01T12:31:58.703Z] E0701 18:01:58.702407    8669 watch.go:40] Failed to load config from "/Volumes/mycode/Documents/GitHub/Ainor-Universe/dataconnect": could not find dataconnect.yaml in `/Volumes/mycode/Documents/GitHub/Ainor-Universe/dataconnect`
 {"metadata":{"emulator":{"name":"dataconnect"},"message":"E0701 18:01:58.702407    8669 watch.go:40] Failed to load config from \"/Volumes/mycode/Documents/GitHub/Ainor-Universe/dataconnect\": could not find dataconnect.yaml in `/Volumes/mycode/Documents/GitHub/Ainor-Universe/dataconnect`\n"}}
[debug] [2026-07-01T12:32:08.706Z] E0701 18:02:08.701572    8669 watch.go:116] watchAllDir unable to walk dir `/Volumes/mycode/Documents/GitHub/Ainor-Universe/dataconnect`: lstat /Volumes/mycode/Documents/GitHub/Ainor-Universe/dataconnect: no such file or directory
E0701 18:02:08.701665    8669 watch.go:40] Failed to load config from "/Volumes/mycode/Documents/GitHub/Ainor-Universe/dataconnect": could not find dataconnect.yaml in `/Volumes/mycode/Documents/GitHub/Ainor-Universe/dataconnect`
 {"metadata":{"emulator":{"name":"dataconnect"},"message":"E0701 18:02:08.701572    8669 watch.go:116] watchAllDir unable to walk dir `/Volumes/mycode/Documents/GitHub/Ainor-Universe/dataconnect`: lstat /Volumes/mycode/Documents/GitHub/Ainor-Universe/dataconnect: no such file or directory\nE0701 18:02:08.701665    8669 watch.go:40] Failed to load config from \"/Volumes/mycode/Documents/GitHub/Ainor-Universe/dataconnect\": could not find dataconnect.yaml in `/Volumes/mycode/Documents/GitHub/Ainor-Universe/dataconnect`\n"}}
[debug] [2026-07-01T12:32:18.705Z] E0701 18:02:18.703250    8669 watch.go:40] Failed to load config from "/Volumes/mycode/Documents/GitHub/Ainor-Universe/dataconnect": could not find dataconnect.yaml in `/Volumes/mycode/Documents/GitHub/Ainor-Universe/dataconnect`
 {"metadata":{"emulator":{"name":"dataconnect"},"message":"E0701 18:02:18.703250    8669 watch.go:40] Failed to load config from \"/Volumes/mycode/Documents/GitHub/Ainor-Universe/dataconnect\": could not find dataconnect.yaml in `/Volumes/mycode/Documents/GitHub/Ainor-Universe/dataconnect`\n"}}
[debug] [2026-07-01T12:32:28.705Z] E0701 18:02:28.703347    8669 watch.go:40] Failed to load config from "/Volumes/mycode/Documents/GitHub/Ainor-Universe/dataconnect": could not find dataconnect.yaml in `/Volumes/mycode/Documents/GitHub/Ainor-Universe/dataconnect`
 {"metadata":{"emulator":{"name":"dataconnect"},"message":"E0701 18:02:28.703347    8669 watch.go:40] Failed to load config from \"/Volumes/mycode/Documents/GitHub/Ainor-Universe/dataconnect\": could not find dataconnect.yaml in `/Volumes/mycode/Documents/GitHub/Ainor-Universe/dataconnect`\n"}}
[debug] [2026-07-01T12:32:38.702Z] E0701 18:02:38.702423    8669 watch.go:40] Failed to load config from "/Volumes/mycode/Documents/GitHub/Ainor-Universe/dataconnect": could not find dataconnect.yaml in `/Volumes/mycode/Documents/GitHub/Ainor-Universe/dataconnect`
 {"metadata":{"emulator":{"name":"dataconnect"},"message":"E0701 18:02:38.702423    8669 watch.go:40] Failed to load config from \"/Volumes/mycode/Documents/GitHub/Ainor-Universe/dataconnect\": could not find dataconnect.yaml in `/Volumes/mycode/Documents/GitHub/Ainor-Universe/dataconnect`\n"}}
[debug] [2026-07-01T12:32:48.702Z] E0701 18:02:48.702593    8669 watch.go:40] Failed to load config from "/Volumes/mycode/Documents/GitHub/Ainor-Universe/dataconnect": could not find dataconnect.yaml in `/Volumes/mycode/Documents/GitHub/Ainor-Universe/dataconnect`
 {"metadata":{"emulator":{"name":"dataconnect"},"message":"E0701 18:02:48.702593    8669 watch.go:40] Failed to load config from \"/Volumes/mycode/Documents/GitHub/Ainor-Universe/dataconnect\": could not find dataconnect.yaml in `/Volumes/mycode/Documents/GitHub/Ainor-Universe/dataconnect`\n"}}
[debug] [2026-07-01T12:32:58.703Z] E0701 18:02:58.702887    8669 watch.go:40] Failed to load config from "/Volumes/mycode/Documents/GitHub/Ainor-Universe/dataconnect": could not find dataconnect.yaml in `/Volumes/mycode/Documents/GitHub/Ainor-Universe/dataconnect`
 {"metadata":{"emulator":{"name":"dataconnect"},"message":"E0701 18:02:58.702887    8669 watch.go:40] Failed to load config from \"/Volumes/mycode/Documents/GitHub/Ainor-Universe/dataconnect\": could not find dataconnect.yaml in `/Volumes/mycode/Documents/GitHub/Ainor-Universe/dataconnect`\n"}}
[debug] [2026-07-01T12:33:08.702Z] E0701 18:03:08.702578    8669 watch.go:116] watchAllDir unable to walk dir `/Volumes/mycode/Documents/GitHub/Ainor-Universe/dataconnect`: lstat /Volumes/mycode/Documents/GitHub/Ainor-Universe/dataconnect: no such file or directory
 {"metadata":{"emulator":{"name":"dataconnect"},"message":"E0701 18:03:08.702578    8669 watch.go:116] watchAllDir unable to walk dir `/Volumes/mycode/Documents/GitHub/Ainor-Universe/dataconnect`: lstat /Volumes/mycode/Documents/GitHub/Ainor-Universe/dataconnect: no such file or directory\n"}}
[debug] [2026-07-01T12:33:08.704Z] E0701 18:03:08.703943    8669 watch.go:40] Failed to load config from "/Volumes/mycode/Documents/GitHub/Ainor-Universe/dataconnect": could not find dataconnect.yaml in `/Volumes/mycode/Documents/GitHub/Ainor-Universe/dataconnect`
 {"metadata":{"emulator":{"name":"dataconnect"},"message":"E0701 18:03:08.703943    8669 watch.go:40] Failed to load config from \"/Volumes/mycode/Documents/GitHub/Ainor-Universe/dataconnect\": could not find dataconnect.yaml in `/Volumes/mycode/Documents/GitHub/Ainor-Universe/dataconnect`\n"}}
[debug] [2026-07-01T12:33:18.703Z] E0701 18:03:18.703033    8669 watch.go:40] Failed to load config from "/Volumes/mycode/Documents/GitHub/Ainor-Universe/dataconnect": could not find dataconnect.yaml in `/Volumes/mycode/Documents/GitHub/Ainor-Universe/dataconnect`
 {"metadata":{"emulator":{"name":"dataconnect"},"message":"E0701 18:03:18.703033    8669 watch.go:40] Failed to load config from \"/Volumes/mycode/Documents/GitHub/Ainor-Universe/dataconnect\": could not find dataconnect.yaml in `/Volumes/mycode/Documents/GitHub/Ainor-Universe/dataconnect`\n"}}
[debug] [2026-07-01T12:33:28.704Z] E0701 18:03:28.704052    8669 watch.go:40] Failed to load config from "/Volumes/mycode/Documents/GitHub/Ainor-Universe/dataconnect": could not find dataconnect.yaml in `/Volumes/mycode/Documents/GitHub/Ainor-Universe/dataconnect`
 {"metadata":{"emulator":{"name":"dataconnect"},"message":"E0701 18:03:28.704052    8669 watch.go:40] Failed to load config from \"/Volumes/mycode/Documents/GitHub/Ainor-Universe/dataconnect\": could not find dataconnect.yaml in `/Volumes/mycode/Documents/GitHub/Ainor-Universe/dataconnect`\n"}}
[debug] [2026-07-01T12:33:38.702Z] E0701 18:03:38.702236    8669 watch.go:40] Failed to load config from "/Volumes/mycode/Documents/GitHub/Ainor-Universe/dataconnect": could not find dataconnect.yaml in `/Volumes/mycode/Documents/GitHub/Ainor-Universe/dataconnect`
 {"metadata":{"emulator":{"name":"dataconnect"},"message":"E0701 18:03:38.702236    8669 watch.go:40] Failed to load config from \"/Volumes/mycode/Documents/GitHub/Ainor-Universe/dataconnect\": could not find dataconnect.yaml in `/Volumes/mycode/Documents/GitHub/Ainor-Universe/dataconnect`\n"}}
[debug] [2026-07-01T12:33:48.703Z] E0701 18:03:48.703151    8669 watch.go:40] Failed to load config from "/Volumes/mycode/Documents/GitHub/Ainor-Universe/dataconnect": could not find dataconnect.yaml in `/Volumes/mycode/Documents/GitHub/Ainor-Universe/dataconnect`
 {"metadata":{"emulator":{"name":"dataconnect"},"message":"E0701 18:03:48.703151    8669 watch.go:40] Failed to load config from \"/Volumes/mycode/Documents/GitHub/Ainor-Universe/dataconnect\": could not find dataconnect.yaml in `/Volumes/mycode/Documents/GitHub/Ainor-Universe/dataconnect`\n"}}
[debug] [2026-07-01T12:33:58.703Z] E0701 18:03:58.703228    8669 watch.go:40] Failed to load config from "/Volumes/mycode/Documents/GitHub/Ainor-Universe/dataconnect": could not find dataconnect.yaml in `/Volumes/mycode/Documents/GitHub/Ainor-Universe/dataconnect`
 {"metadata":{"emulator":{"name":"dataconnect"},"message":"E0701 18:03:58.703228    8669 watch.go:40] Failed to load config from \"/Volumes/mycode/Documents/GitHub/Ainor-Universe/dataconnect\": could not find dataconnect.yaml in `/Volumes/mycode/Documents/GitHub/Ainor-Universe/dataconnect`\n"}}
[debug] [2026-07-01T12:34:08.702Z] E0701 18:04:08.702594    8669 watch.go:40] Failed to load config from "/Volumes/mycode/Documents/GitHub/Ainor-Universe/dataconnect": could not find dataconnect.yaml in `/Volumes/mycode/Documents/GitHub/Ainor-Universe/dataconnect`
E0701 18:04:08.702564    8669 watch.go:116] watchAllDir unable to walk dir `/Volumes/mycode/Documents/GitHub/Ainor-Universe/dataconnect`: lstat /Volumes/mycode/Documents/GitHub/Ainor-Universe/dataconnect: no such file or directory
 {"metadata":{"emulator":{"name":"dataconnect"},"message":"E0701 18:04:08.702594    8669 watch.go:40] Failed to load config from \"/Volumes/mycode/Documents/GitHub/Ainor-Universe/dataconnect\": could not find dataconnect.yaml in `/Volumes/mycode/Documents/GitHub/Ainor-Universe/dataconnect`\nE0701 18:04:08.702564    8669 watch.go:116] watchAllDir unable to walk dir `/Volumes/mycode/Documents/GitHub/Ainor-Universe/dataconnect`: lstat /Volumes/mycode/Documents/GitHub/Ainor-Universe/dataconnect: no such file or directory\n"}}
[debug] [2026-07-01T12:34:18.703Z] E0701 18:04:18.703296    8669 watch.go:40] Failed to load config from "/Volumes/mycode/Documents/GitHub/Ainor-Universe/dataconnect": could not find dataconnect.yaml in `/Volumes/mycode/Documents/GitHub/Ainor-Universe/dataconnect`
 {"metadata":{"emulator":{"name":"dataconnect"},"message":"E0701 18:04:18.703296    8669 watch.go:40] Failed to load config from \"/Volumes/mycode/Documents/GitHub/Ainor-Universe/dataconnect\": could not find dataconnect.yaml in `/Volumes/mycode/Documents/GitHub/Ainor-Universe/dataconnect`\n"}}
[debug] [2026-07-01T12:34:28.703Z] E0701 18:04:28.703335    8669 watch.go:40] Failed to load config from "/Volumes/mycode/Documents/GitHub/Ainor-Universe/dataconnect": could not find dataconnect.yaml in `/Volumes/mycode/Documents/GitHub/Ainor-Universe/dataconnect`
 {"metadata":{"emulator":{"name":"dataconnect"},"message":"E0701 18:04:28.703335    8669 watch.go:40] Failed to load config from \"/Volumes/mycode/Documents/GitHub/Ainor-Universe/dataconnect\": could not find dataconnect.yaml in `/Volumes/mycode/Documents/GitHub/Ainor-Universe/dataconnect`\n"}}
[debug] [2026-07-01T12:34:38.703Z] E0701 18:04:38.703081    8669 watch.go:40] Failed to load config from "/Volumes/mycode/Documents/GitHub/Ainor-Universe/dataconnect": could not find dataconnect.yaml in `/Volumes/mycode/Documents/GitHub/Ainor-Universe/dataconnect`
 {"metadata":{"emulator":{"name":"dataconnect"},"message":"E0701 18:04:38.703081    8669 watch.go:40] Failed to load config from \"/Volumes/mycode/Documents/GitHub/Ainor-Universe/dataconnect\": could not find dataconnect.yaml in `/Volumes/mycode/Documents/GitHub/Ainor-Universe/dataconnect`\n"}}
[debug] [2026-07-01T12:34:48.703Z] E0701 18:04:48.703471    8669 watch.go:40] Failed to load config from "/Volumes/mycode/Documents/GitHub/Ainor-Universe/dataconnect": could not find dataconnect.yaml in `/Volumes/mycode/Documents/GitHub/Ainor-Universe/dataconnect`
 {"metadata":{"emulator":{"name":"dataconnect"},"message":"E0701 18:04:48.703471    8669 watch.go:40] Failed to load config from \"/Volumes/mycode/Documents/GitHub/Ainor-Universe/dataconnect\": could not find dataconnect.yaml in `/Volumes/mycode/Documents/GitHub/Ainor-Universe/dataconnect`\n"}}
[debug] [2026-07-01T12:34:58.703Z] E0701 18:04:58.703428    8669 watch.go:40] Failed to load config from "/Volumes/mycode/Documents/GitHub/Ainor-Universe/dataconnect": could not find dataconnect.yaml in `/Volumes/mycode/Documents/GitHub/Ainor-Universe/dataconnect`
 {"metadata":{"emulator":{"name":"dataconnect"},"message":"E0701 18:04:58.703428    8669 watch.go:40] Failed to load config from \"/Volumes/mycode/Documents/GitHub/Ainor-Universe/dataconnect\": could not find dataconnect.yaml in `/Volumes/mycode/Documents/GitHub/Ainor-Universe/dataconnect`\n"}}
[debug] [2026-07-01T12:35:08.703Z] E0701 18:05:08.703482    8669 watch.go:40] Failed to load config from "/Volumes/mycode/Documents/GitHub/Ainor-Universe/dataconnect": could not find dataconnect.yaml in `/Volumes/mycode/Documents/GitHub/Ainor-Universe/dataconnect`
E0701 18:05:08.703310    8669 watch.go:116] watchAllDir unable to walk dir `/Volumes/mycode/Documents/GitHub/Ainor-Universe/dataconnect`: lstat /Volumes/mycode/Documents/GitHub/Ainor-Universe/dataconnect: no such file or directory
 {"metadata":{"emulator":{"name":"dataconnect"},"message":"E0701 18:05:08.703482    8669 watch.go:40] Failed to load config from \"/Volumes/mycode/Documents/GitHub/Ainor-Universe/dataconnect\": could not find dataconnect.yaml in `/Volumes/mycode/Documents/GitHub/Ainor-Universe/dataconnect`\nE0701 18:05:08.703310    8669 watch.go:116] watchAllDir unable to walk dir `/Volumes/mycode/Documents/GitHub/Ainor-Universe/dataconnect`: lstat /Volumes/mycode/Documents/GitHub/Ainor-Universe/dataconnect: no such file or directory\n"}}
[debug] [2026-07-01T12:35:18.703Z] E0701 18:05:18.703402    8669 watch.go:40] Failed to load config from "/Volumes/mycode/Documents/GitHub/Ainor-Universe/dataconnect": could not find dataconnect.yaml in `/Volumes/mycode/Documents/GitHub/Ainor-Universe/dataconnect`
 {"metadata":{"emulator":{"name":"dataconnect"},"message":"E0701 18:05:18.703402    8669 watch.go:40] Failed to load config from \"/Volumes/mycode/Documents/GitHub/Ainor-Universe/dataconnect\": could not find dataconnect.yaml in `/Volumes/mycode/Documents/GitHub/Ainor-Universe/dataconnect`\n"}}
[debug] [2026-07-01T12:35:28.703Z] E0701 18:05:28.703687    8669 watch.go:40] Failed to load config from "/Volumes/mycode/Documents/GitHub/Ainor-Universe/dataconnect": could not find dataconnect.yaml in `/Volumes/mycode/Documents/GitHub/Ainor-Universe/dataconnect`
 {"metadata":{"emulator":{"name":"dataconnect"},"message":"E0701 18:05:28.703687    8669 watch.go:40] Failed to load config from \"/Volumes/mycode/Documents/GitHub/Ainor-Universe/dataconnect\": could not find dataconnect.yaml in `/Volumes/mycode/Documents/GitHub/Ainor-Universe/dataconnect`\n"}}
[debug] [2026-07-01T12:35:38.703Z] E0701 18:05:38.703474    8669 watch.go:40] Failed to load config from "/Volumes/mycode/Documents/GitHub/Ainor-Universe/dataconnect": could not find dataconnect.yaml in `/Volumes/mycode/Documents/GitHub/Ainor-Universe/dataconnect`
 {"metadata":{"emulator":{"name":"dataconnect"},"message":"E0701 18:05:38.703474    8669 watch.go:40] Failed to load config from \"/Volumes/mycode/Documents/GitHub/Ainor-Universe/dataconnect\": could not find dataconnect.yaml in `/Volumes/mycode/Documents/GitHub/Ainor-Universe/dataconnect`\n"}}
[debug] [2026-07-01T12:35:48.704Z] E0701 18:05:48.703827    8669 watch.go:40] Failed to load config from "/Volumes/mycode/Documents/GitHub/Ainor-Universe/dataconnect": could not find dataconnect.yaml in `/Volumes/mycode/Documents/GitHub/Ainor-Universe/dataconnect`
 {"metadata":{"emulator":{"name":"dataconnect"},"message":"E0701 18:05:48.703827    8669 watch.go:40] Failed to load config from \"/Volumes/mycode/Documents/GitHub/Ainor-Universe/dataconnect\": could not find dataconnect.yaml in `/Volumes/mycode/Documents/GitHub/Ainor-Universe/dataconnect`\n"}}
[debug] [2026-07-01T12:35:58.704Z] E0701 18:05:58.703732    8669 watch.go:40] Failed to load config from "/Volumes/mycode/Documents/GitHub/Ainor-Universe/dataconnect": could not find dataconnect.yaml in `/Volumes/mycode/Documents/GitHub/Ainor-Universe/dataconnect`
 {"metadata":{"emulator":{"name":"dataconnect"},"message":"E0701 18:05:58.703732    8669 watch.go:40] Failed to load config from \"/Volumes/mycode/Documents/GitHub/Ainor-Universe/dataconnect\": could not find dataconnect.yaml in `/Volumes/mycode/Documents/GitHub/Ainor-Universe/dataconnect`\n"}}
[debug] [2026-07-01T12:36:08.704Z] E0701 18:06:08.703762    8669 watch.go:40] Failed to load config from "/Volumes/mycode/Documents/GitHub/Ainor-Universe/dataconnect": could not find dataconnect.yaml in `/Volumes/mycode/Documents/GitHub/Ainor-Universe/dataconnect`
E0701 18:06:08.703754    8669 watch.go:116] watchAllDir unable to walk dir `/Volumes/mycode/Documents/GitHub/Ainor-Universe/dataconnect`: lstat /Volumes/mycode/Documents/GitHub/Ainor-Universe/dataconnect: no such file or directory
 {"metadata":{"emulator":{"name":"dataconnect"},"message":"E0701 18:06:08.703762    8669 watch.go:40] Failed to load config from \"/Volumes/mycode/Documents/GitHub/Ainor-Universe/dataconnect\": could not find dataconnect.yaml in `/Volumes/mycode/Documents/GitHub/Ainor-Universe/dataconnect`\nE0701 18:06:08.703754    8669 watch.go:116] watchAllDir unable to walk dir `/Volumes/mycode/Documents/GitHub/Ainor-Universe/dataconnect`: lstat /Volumes/mycode/Documents/GitHub/Ainor-Universe/dataconnect: no such file or directory\n"}}
[debug] [2026-07-01T12:36:18.704Z] E0701 18:06:18.704034    8669 watch.go:40] Failed to load config from "/Volumes/mycode/Documents/GitHub/Ainor-Universe/dataconnect": could not find dataconnect.yaml in `/Volumes/mycode/Documents/GitHub/Ainor-Universe/dataconnect`
 {"metadata":{"emulator":{"name":"dataconnect"},"message":"E0701 18:06:18.704034    8669 watch.go:40] Failed to load config from \"/Volumes/mycode/Documents/GitHub/Ainor-Universe/dataconnect\": could not find dataconnect.yaml in `/Volumes/mycode/Documents/GitHub/Ainor-Universe/dataconnect`\n"}}
[debug] [2026-07-01T12:36:28.704Z] E0701 18:06:28.704078    8669 watch.go:40] Failed to load config from "/Volumes/mycode/Documents/GitHub/Ainor-Universe/dataconnect": could not find dataconnect.yaml in `/Volumes/mycode/Documents/GitHub/Ainor-Universe/dataconnect`
 {"metadata":{"emulator":{"name":"dataconnect"},"message":"E0701 18:06:28.704078    8669 watch.go:40] Failed to load config from \"/Volumes/mycode/Documents/GitHub/Ainor-Universe/dataconnect\": could not find dataconnect.yaml in `/Volumes/mycode/Documents/GitHub/Ainor-Universe/dataconnect`\n"}}
[debug] [2026-07-01T12:36:38.704Z] E0701 18:06:38.703789    8669 watch.go:40] Failed to load config from "/Volumes/mycode/Documents/GitHub/Ainor-Universe/dataconnect": could not find dataconnect.yaml in `/Volumes/mycode/Documents/GitHub/Ainor-Universe/dataconnect`
 {"metadata":{"emulator":{"name":"dataconnect"},"message":"E0701 18:06:38.703789    8669 watch.go:40] Failed to load config from \"/Volumes/mycode/Documents/GitHub/Ainor-Universe/dataconnect\": could not find dataconnect.yaml in `/Volumes/mycode/Documents/GitHub/Ainor-Universe/dataconnect`\n"}}
[debug] [2026-07-01T12:36:48.703Z] E0701 18:06:48.703212    8669 watch.go:40] Failed to load config from "/Volumes/mycode/Documents/GitHub/Ainor-Universe/dataconnect": could not find dataconnect.yaml in `/Volumes/mycode/Documents/GitHub/Ainor-Universe/dataconnect`
 {"metadata":{"emulator":{"name":"dataconnect"},"message":"E0701 18:06:48.703212    8669 watch.go:40] Failed to load config from \"/Volumes/mycode/Documents/GitHub/Ainor-Universe/dataconnect\": could not find dataconnect.yaml in `/Volumes/mycode/Documents/GitHub/Ainor-Universe/dataconnect`\n"}}
[debug] [2026-07-01T12:36:58.704Z] E0701 18:06:58.704310    8669 watch.go:40] Failed to load config from "/Volumes/mycode/Documents/GitHub/Ainor-Universe/dataconnect": could not find dataconnect.yaml in `/Volumes/mycode/Documents/GitHub/Ainor-Universe/dataconnect`
 {"metadata":{"emulator":{"name":"dataconnect"},"message":"E0701 18:06:58.704310    8669 watch.go:40] Failed to load config from \"/Volumes/mycode/Documents/GitHub/Ainor-Universe/dataconnect\": could not find dataconnect.yaml in `/Volumes/mycode/Documents/GitHub/Ainor-Universe/dataconnect`\n"}}
[debug] [2026-07-01T12:37:08.704Z] E0701 18:07:08.703903    8669 watch.go:40] Failed to load config from "/Volumes/mycode/Documents/GitHub/Ainor-Universe/dataconnect": could not find dataconnect.yaml in `/Volumes/mycode/Documents/GitHub/Ainor-Universe/dataconnect`
E0701 18:07:08.703910    8669 watch.go:116] watchAllDir unable to walk dir `/Volumes/mycode/Documents/GitHub/Ainor-Universe/dataconnect`: lstat /Volumes/mycode/Documents/GitHub/Ainor-Universe/dataconnect: no such file or directory
 {"metadata":{"emulator":{"name":"dataconnect"},"message":"E0701 18:07:08.703903    8669 watch.go:40] Failed to load config from \"/Volumes/mycode/Documents/GitHub/Ainor-Universe/dataconnect\": could not find dataconnect.yaml in `/Volumes/mycode/Documents/GitHub/Ainor-Universe/dataconnect`\nE0701 18:07:08.703910    8669 watch.go:116] watchAllDir unable to walk dir `/Volumes/mycode/Documents/GitHub/Ainor-Universe/dataconnect`: lstat /Volumes/mycode/Documents/GitHub/Ainor-Universe/dataconnect: no such file or directory\n"}}
[debug] [2026-07-01T12:37:18.703Z] E0701 18:07:18.703364    8669 watch.go:40] Failed to load config from "/Volumes/mycode/Documents/GitHub/Ainor-Universe/dataconnect": could not find dataconnect.yaml in `/Volumes/mycode/Documents/GitHub/Ainor-Universe/dataconnect`
 {"metadata":{"emulator":{"name":"dataconnect"},"message":"E0701 18:07:18.703364    8669 watch.go:40] Failed to load config from \"/Volumes/mycode/Documents/GitHub/Ainor-Universe/dataconnect\": could not find dataconnect.yaml in `/Volumes/mycode/Documents/GitHub/Ainor-Universe/dataconnect`\n"}}
[debug] [2026-07-01T12:37:28.704Z] E0701 18:07:28.704354    8669 watch.go:40] Failed to load config from "/Volumes/mycode/Documents/GitHub/Ainor-Universe/dataconnect": could not find dataconnect.yaml in `/Volumes/mycode/Documents/GitHub/Ainor-Universe/dataconnect`
 {"metadata":{"emulator":{"name":"dataconnect"},"message":"E0701 18:07:28.704354    8669 watch.go:40] Failed to load config from \"/Volumes/mycode/Documents/GitHub/Ainor-Universe/dataconnect\": could not find dataconnect.yaml in `/Volumes/mycode/Documents/GitHub/Ainor-Universe/dataconnect`\n"}}
[debug] [2026-07-01T12:37:38.703Z] E0701 18:07:38.703599    8669 watch.go:40] Failed to load config from "/Volumes/mycode/Documents/GitHub/Ainor-Universe/dataconnect": could not find dataconnect.yaml in `/Volumes/mycode/Documents/GitHub/Ainor-Universe/dataconnect`
 {"metadata":{"emulator":{"name":"dataconnect"},"message":"E0701 18:07:38.703599    8669 watch.go:40] Failed to load config from \"/Volumes/mycode/Documents/GitHub/Ainor-Universe/dataconnect\": could not find dataconnect.yaml in `/Volumes/mycode/Documents/GitHub/Ainor-Universe/dataconnect`\n"}}
[debug] [2026-07-01T12:37:48.704Z] E0701 18:07:48.704533    8669 watch.go:40] Failed to load config from "/Volumes/mycode/Documents/GitHub/Ainor-Universe/dataconnect": could not find dataconnect.yaml in `/Volumes/mycode/Documents/GitHub/Ainor-Universe/dataconnect`
 {"metadata":{"emulator":{"name":"dataconnect"},"message":"E0701 18:07:48.704533    8669 watch.go:40] Failed to load config from \"/Volumes/mycode/Documents/GitHub/Ainor-Universe/dataconnect\": could not find dataconnect.yaml in `/Volumes/mycode/Documents/GitHub/Ainor-Universe/dataconnect`\n"}}
[debug] [2026-07-01T12:37:58.704Z] E0701 18:07:58.704505    8669 watch.go:40] Failed to load config from "/Volumes/mycode/Documents/GitHub/Ainor-Universe/dataconnect": could not find dataconnect.yaml in `/Volumes/mycode/Documents/GitHub/Ainor-Universe/dataconnect`
 {"metadata":{"emulator":{"name":"dataconnect"},"message":"E0701 18:07:58.704505    8669 watch.go:40] Failed to load config from \"/Volumes/mycode/Documents/GitHub/Ainor-Universe/dataconnect\": could not find dataconnect.yaml in `/Volumes/mycode/Documents/GitHub/Ainor-Universe/dataconnect`\n"}}
[debug] [2026-07-01T12:38:08.704Z] E0701 18:08:08.704228    8669 watch.go:40] Failed to load config from "/Volumes/mycode/Documents/GitHub/Ainor-Universe/dataconnect": could not find dataconnect.yaml in `/Volumes/mycode/Documents/GitHub/Ainor-Universe/dataconnect`
E0701 18:08:08.704199    8669 watch.go:116] watchAllDir unable to walk dir `/Volumes/mycode/Documents/GitHub/Ainor-Universe/dataconnect`: lstat /Volumes/mycode/Documents/GitHub/Ainor-Universe/dataconnect: no such file or directory
 {"metadata":{"emulator":{"name":"dataconnect"},"message":"E0701 18:08:08.704228    8669 watch.go:40] Failed to load config from \"/Volumes/mycode/Documents/GitHub/Ainor-Universe/dataconnect\": could not find dataconnect.yaml in `/Volumes/mycode/Documents/GitHub/Ainor-Universe/dataconnect`\nE0701 18:08:08.704199    8669 watch.go:116] watchAllDir unable to walk dir `/Volumes/mycode/Documents/GitHub/Ainor-Universe/dataconnect`: lstat /Volumes/mycode/Documents/GitHub/Ainor-Universe/dataconnect: no such file or directory\n"}}
[debug] [2026-07-01T12:38:18.704Z] E0701 18:08:18.704653    8669 watch.go:40] Failed to load config from "/Volumes/mycode/Documents/GitHub/Ainor-Universe/dataconnect": could not find dataconnect.yaml in `/Volumes/mycode/Documents/GitHub/Ainor-Universe/dataconnect`
 {"metadata":{"emulator":{"name":"dataconnect"},"message":"E0701 18:08:18.704653    8669 watch.go:40] Failed to load config from \"/Volumes/mycode/Documents/GitHub/Ainor-Universe/dataconnect\": could not find dataconnect.yaml in `/Volumes/mycode/Documents/GitHub/Ainor-Universe/dataconnect`\n"}}
[debug] [2026-07-01T12:38:28.705Z] E0701 18:08:28.704746    8669 watch.go:40] Failed to load config from "/Volumes/mycode/Documents/GitHub/Ainor-Universe/dataconnect": could not find dataconnect.yaml in `/Volumes/mycode/Documents/GitHub/Ainor-Universe/dataconnect`
 {"metadata":{"emulator":{"name":"dataconnect"},"message":"E0701 18:08:28.704746    8669 watch.go:40] Failed to load config from \"/Volumes/mycode/Documents/GitHub/Ainor-Universe/dataconnect\": could not find dataconnect.yaml in `/Volumes/mycode/Documents/GitHub/Ainor-Universe/dataconnect`\n"}}
[debug] [2026-07-01T12:38:38.704Z] E0701 18:08:38.704421    8669 watch.go:40] Failed to load config from "/Volumes/mycode/Documents/GitHub/Ainor-Universe/dataconnect": could not find dataconnect.yaml in `/Volumes/mycode/Documents/GitHub/Ainor-Universe/dataconnect`
 {"metadata":{"emulator":{"name":"dataconnect"},"message":"E0701 18:08:38.704421    8669 watch.go:40] Failed to load config from \"/Volumes/mycode/Documents/GitHub/Ainor-Universe/dataconnect\": could not find dataconnect.yaml in `/Volumes/mycode/Documents/GitHub/Ainor-Universe/dataconnect`\n"}}
[debug] [2026-07-01T12:38:48.705Z] E0701 18:08:48.704940    8669 watch.go:40] Failed to load config from "/Volumes/mycode/Documents/GitHub/Ainor-Universe/dataconnect": could not find dataconnect.yaml in `/Volumes/mycode/Documents/GitHub/Ainor-Universe/dataconnect`
 {"metadata":{"emulator":{"name":"dataconnect"},"message":"E0701 18:08:48.704940    8669 watch.go:40] Failed to load config from \"/Volumes/mycode/Documents/GitHub/Ainor-Universe/dataconnect\": could not find dataconnect.yaml in `/Volumes/mycode/Documents/GitHub/Ainor-Universe/dataconnect`\n"}}
[debug] [2026-07-01T12:38:58.705Z] E0701 18:08:58.704924    8669 watch.go:40] Failed to load config from "/Volumes/mycode/Documents/GitHub/Ainor-Universe/dataconnect": could not find dataconnect.yaml in `/Volumes/mycode/Documents/GitHub/Ainor-Universe/dataconnect`
 {"metadata":{"emulator":{"name":"dataconnect"},"message":"E0701 18:08:58.704924    8669 watch.go:40] Failed to load config from \"/Volumes/mycode/Documents/GitHub/Ainor-Universe/dataconnect\": could not find dataconnect.yaml in `/Volumes/mycode/Documents/GitHub/Ainor-Universe/dataconnect`\n"}}
[debug] [2026-07-01T12:39:08.704Z] E0701 18:09:08.704262    8669 watch.go:116] watchAllDir unable to walk dir `/Volumes/mycode/Documents/GitHub/Ainor-Universe/dataconnect`: lstat /Volumes/mycode/Documents/GitHub/Ainor-Universe/dataconnect: no such file or directory
E0701 18:09:08.704353    8669 watch.go:40] Failed to load config from "/Volumes/mycode/Documents/GitHub/Ainor-Universe/dataconnect": could not find dataconnect.yaml in `/Volumes/mycode/Documents/GitHub/Ainor-Universe/dataconnect`
 {"metadata":{"emulator":{"name":"dataconnect"},"message":"E0701 18:09:08.704262    8669 watch.go:116] watchAllDir unable to walk dir `/Volumes/mycode/Documents/GitHub/Ainor-Universe/dataconnect`: lstat /Volumes/mycode/Documents/GitHub/Ainor-Universe/dataconnect: no such file or directory\nE0701 18:09:08.704353    8669 watch.go:40] Failed to load config from \"/Volumes/mycode/Documents/GitHub/Ainor-Universe/dataconnect\": could not find dataconnect.yaml in `/Volumes/mycode/Documents/GitHub/Ainor-Universe/dataconnect`\n"}}
[debug] [2026-07-01T12:39:18.705Z] E0701 18:09:18.705075    8669 watch.go:40] Failed to load config from "/Volumes/mycode/Documents/GitHub/Ainor-Universe/dataconnect": could not find dataconnect.yaml in `/Volumes/mycode/Documents/GitHub/Ainor-Universe/dataconnect`
 {"metadata":{"emulator":{"name":"dataconnect"},"message":"E0701 18:09:18.705075    8669 watch.go:40] Failed to load config from \"/Volumes/mycode/Documents/GitHub/Ainor-Universe/dataconnect\": could not find dataconnect.yaml in `/Volumes/mycode/Documents/GitHub/Ainor-Universe/dataconnect`\n"}}
[debug] [2026-07-01T12:39:28.705Z] E0701 18:09:28.704977    8669 watch.go:40] Failed to load config from "/Volumes/mycode/Documents/GitHub/Ainor-Universe/dataconnect": could not find dataconnect.yaml in `/Volumes/mycode/Documents/GitHub/Ainor-Universe/dataconnect`
 {"metadata":{"emulator":{"name":"dataconnect"},"message":"E0701 18:09:28.704977    8669 watch.go:40] Failed to load config from \"/Volumes/mycode/Documents/GitHub/Ainor-Universe/dataconnect\": could not find dataconnect.yaml in `/Volumes/mycode/Documents/GitHub/Ainor-Universe/dataconnect`\n"}}
[debug] [2026-07-01T12:39:38.704Z] E0701 18:09:38.704690    8669 watch.go:40] Failed to load config from "/Volumes/mycode/Documents/GitHub/Ainor-Universe/dataconnect": could not find dataconnect.yaml in `/Volumes/mycode/Documents/GitHub/Ainor-Universe/dataconnect`
 {"metadata":{"emulator":{"name":"dataconnect"},"message":"E0701 18:09:38.704690    8669 watch.go:40] Failed to load config from \"/Volumes/mycode/Documents/GitHub/Ainor-Universe/dataconnect\": could not find dataconnect.yaml in `/Volumes/mycode/Documents/GitHub/Ainor-Universe/dataconnect`\n"}}
[debug] [2026-07-01T12:39:48.706Z] E0701 18:09:48.706047    8669 watch.go:40] Failed to load config from "/Volumes/mycode/Documents/GitHub/Ainor-Universe/dataconnect": could not find dataconnect.yaml in `/Volumes/mycode/Documents/GitHub/Ainor-Universe/dataconnect`
 {"metadata":{"emulator":{"name":"dataconnect"},"message":"E0701 18:09:48.706047    8669 watch.go:40] Failed to load config from \"/Volumes/mycode/Documents/GitHub/Ainor-Universe/dataconnect\": could not find dataconnect.yaml in `/Volumes/mycode/Documents/GitHub/Ainor-Universe/dataconnect`\n"}}
[debug] [2026-07-01T12:39:58.705Z] E0701 18:09:58.705258    8669 watch.go:40] Failed to load config from "/Volumes/mycode/Documents/GitHub/Ainor-Universe/dataconnect": could not find dataconnect.yaml in `/Volumes/mycode/Documents/GitHub/Ainor-Universe/dataconnect`
 {"metadata":{"emulator":{"name":"dataconnect"},"message":"E0701 18:09:58.705258    8669 watch.go:40] Failed to load config from \"/Volumes/mycode/Documents/GitHub/Ainor-Universe/dataconnect\": could not find dataconnect.yaml in `/Volumes/mycode/Documents/GitHub/Ainor-Universe/dataconnect`\n"}}
[debug] [2026-07-01T12:40:08.705Z] E0701 18:10:08.704882    8669 watch.go:116] watchAllDir unable to walk dir `/Volumes/mycode/Documents/GitHub/Ainor-Universe/dataconnect`: lstat /Volumes/mycode/Documents/GitHub/Ainor-Universe/dataconnect: no such file or directory
E0701 18:10:08.704954    8669 watch.go:40] Failed to load config from "/Volumes/mycode/Documents/GitHub/Ainor-Universe/dataconnect": could not find dataconnect.yaml in `/Volumes/mycode/Documents/GitHub/Ainor-Universe/dataconnect`
 {"metadata":{"emulator":{"name":"dataconnect"},"message":"E0701 18:10:08.704882    8669 watch.go:116] watchAllDir unable to walk dir `/Volumes/mycode/Documents/GitHub/Ainor-Universe/dataconnect`: lstat /Volumes/mycode/Documents/GitHub/Ainor-Universe/dataconnect: no such file or directory\nE0701 18:10:08.704954    8669 watch.go:40] Failed to load config from \"/Volumes/mycode/Documents/GitHub/Ainor-Universe/dataconnect\": could not find dataconnect.yaml in `/Volumes/mycode/Documents/GitHub/Ainor-Universe/dataconnect`\n"}}
[debug] [2026-07-01T12:40:18.705Z] E0701 18:10:18.705362    8669 watch.go:40] Failed to load config from "/Volumes/mycode/Documents/GitHub/Ainor-Universe/dataconnect": could not find dataconnect.yaml in `/Volumes/mycode/Documents/GitHub/Ainor-Universe/dataconnect`
 {"metadata":{"emulator":{"name":"dataconnect"},"message":"E0701 18:10:18.705362    8669 watch.go:40] Failed to load config from \"/Volumes/mycode/Documents/GitHub/Ainor-Universe/dataconnect\": could not find dataconnect.yaml in `/Volumes/mycode/Documents/GitHub/Ainor-Universe/dataconnect`\n"}}
[debug] [2026-07-01T12:40:28.705Z] E0701 18:10:28.705393    8669 watch.go:40] Failed to load config from "/Volumes/mycode/Documents/GitHub/Ainor-Universe/dataconnect": could not find dataconnect.yaml in `/Volumes/mycode/Documents/GitHub/Ainor-Universe/dataconnect`
 {"metadata":{"emulator":{"name":"dataconnect"},"message":"E0701 18:10:28.705393    8669 watch.go:40] Failed to load config from \"/Volumes/mycode/Documents/GitHub/Ainor-Universe/dataconnect\": could not find dataconnect.yaml in `/Volumes/mycode/Documents/GitHub/Ainor-Universe/dataconnect`\n"}}
[debug] [2026-07-01T12:40:38.705Z] E0701 18:10:38.705116    8669 watch.go:40] Failed to load config from "/Volumes/mycode/Documents/GitHub/Ainor-Universe/dataconnect": could not find dataconnect.yaml in `/Volumes/mycode/Documents/GitHub/Ainor-Universe/dataconnect`
 {"metadata":{"emulator":{"name":"dataconnect"},"message":"E0701 18:10:38.705116    8669 watch.go:40] Failed to load config from \"/Volumes/mycode/Documents/GitHub/Ainor-Universe/dataconnect\": could not find dataconnect.yaml in `/Volumes/mycode/Documents/GitHub/Ainor-Universe/dataconnect`\n"}}
[debug] [2026-07-01T12:40:48.705Z] E0701 18:10:48.705536    8669 watch.go:40] Failed to load config from "/Volumes/mycode/Documents/GitHub/Ainor-Universe/dataconnect": could not find dataconnect.yaml in `/Volumes/mycode/Documents/GitHub/Ainor-Universe/dataconnect`
 {"metadata":{"emulator":{"name":"dataconnect"},"message":"E0701 18:10:48.705536    8669 watch.go:40] Failed to load config from \"/Volumes/mycode/Documents/GitHub/Ainor-Universe/dataconnect\": could not find dataconnect.yaml in `/Volumes/mycode/Documents/GitHub/Ainor-Universe/dataconnect`\n"}}
[debug] [2026-07-01T12:40:58.705Z] E0701 18:10:58.705030    8669 watch.go:40] Failed to load config from "/Volumes/mycode/Documents/GitHub/Ainor-Universe/dataconnect": could not find dataconnect.yaml in `/Volumes/mycode/Documents/GitHub/Ainor-Universe/dataconnect`
 {"metadata":{"emulator":{"name":"dataconnect"},"message":"E0701 18:10:58.705030    8669 watch.go:40] Failed to load config from \"/Volumes/mycode/Documents/GitHub/Ainor-Universe/dataconnect\": could not find dataconnect.yaml in `/Volumes/mycode/Documents/GitHub/Ainor-Universe/dataconnect`\n"}}
[debug] [2026-07-01T12:41:08.705Z] E0701 18:11:08.705296    8669 watch.go:40] Failed to load config from "/Volumes/mycode/Documents/GitHub/Ainor-Universe/dataconnect": could not find dataconnect.yaml in `/Volumes/mycode/Documents/GitHub/Ainor-Universe/dataconnect`
E0701 18:11:08.705247    8669 watch.go:116] watchAllDir unable to walk dir `/Volumes/mycode/Documents/GitHub/Ainor-Universe/dataconnect`: lstat /Volumes/mycode/Documents/GitHub/Ainor-Universe/dataconnect: no such file or directory
 {"metadata":{"emulator":{"name":"dataconnect"},"message":"E0701 18:11:08.705296    8669 watch.go:40] Failed to load config from \"/Volumes/mycode/Documents/GitHub/Ainor-Universe/dataconnect\": could not find dataconnect.yaml in `/Volumes/mycode/Documents/GitHub/Ainor-Universe/dataconnect`\nE0701 18:11:08.705247    8669 watch.go:116] watchAllDir unable to walk dir `/Volumes/mycode/Documents/GitHub/Ainor-Universe/dataconnect`: lstat /Volumes/mycode/Documents/GitHub/Ainor-Universe/dataconnect: no such file or directory\n"}}
[debug] [2026-07-01T12:41:18.705Z] E0701 18:11:18.705665    8669 watch.go:40] Failed to load config from "/Volumes/mycode/Documents/GitHub/Ainor-Universe/dataconnect": could not find dataconnect.yaml in `/Volumes/mycode/Documents/GitHub/Ainor-Universe/dataconnect`
 {"metadata":{"emulator":{"name":"dataconnect"},"message":"E0701 18:11:18.705665    8669 watch.go:40] Failed to load config from \"/Volumes/mycode/Documents/GitHub/Ainor-Universe/dataconnect\": could not find dataconnect.yaml in `/Volumes/mycode/Documents/GitHub/Ainor-Universe/dataconnect`\n"}}
[debug] [2026-07-01T12:41:28.705Z] E0701 18:11:28.705363    8669 watch.go:40] Failed to load config from "/Volumes/mycode/Documents/GitHub/Ainor-Universe/dataconnect": could not find dataconnect.yaml in `/Volumes/mycode/Documents/GitHub/Ainor-Universe/dataconnect`
 {"metadata":{"emulator":{"name":"dataconnect"},"message":"E0701 18:11:28.705363    8669 watch.go:40] Failed to load config from \"/Volumes/mycode/Documents/GitHub/Ainor-Universe/dataconnect\": could not find dataconnect.yaml in `/Volumes/mycode/Documents/GitHub/Ainor-Universe/dataconnect`\n"}}
[debug] [2026-07-01T12:41:38.706Z] E0701 18:11:38.705615    8669 watch.go:40] Failed to load config from "/Volumes/mycode/Documents/GitHub/Ainor-Universe/dataconnect": could not find dataconnect.yaml in `/Volumes/mycode/Documents/GitHub/Ainor-Universe/dataconnect`
 {"metadata":{"emulator":{"name":"dataconnect"},"message":"E0701 18:11:38.705615    8669 watch.go:40] Failed to load config from \"/Volumes/mycode/Documents/GitHub/Ainor-Universe/dataconnect\": could not find dataconnect.yaml in `/Volumes/mycode/Documents/GitHub/Ainor-Universe/dataconnect`\n"}}
[debug] [2026-07-01T12:41:48.706Z] E0701 18:11:48.705908    8669 watch.go:40] Failed to load config from "/Volumes/mycode/Documents/GitHub/Ainor-Universe/dataconnect": could not find dataconnect.yaml in `/Volumes/mycode/Documents/GitHub/Ainor-Universe/dataconnect`
 {"metadata":{"emulator":{"name":"dataconnect"},"message":"E0701 18:11:48.705908    8669 watch.go:40] Failed to load config from \"/Volumes/mycode/Documents/GitHub/Ainor-Universe/dataconnect\": could not find dataconnect.yaml in `/Volumes/mycode/Documents/GitHub/Ainor-Universe/dataconnect`\n"}}
[debug] [2026-07-01T12:41:58.707Z] E0701 18:11:58.706051    8669 watch.go:40] Failed to load config from "/Volumes/mycode/Documents/GitHub/Ainor-Universe/dataconnect": could not find dataconnect.yaml in `/Volumes/mycode/Documents/GitHub/Ainor-Universe/dataconnect`
 {"metadata":{"emulator":{"name":"dataconnect"},"message":"E0701 18:11:58.706051    8669 watch.go:40] Failed to load config from \"/Volumes/mycode/Documents/GitHub/Ainor-Universe/dataconnect\": could not find dataconnect.yaml in `/Volumes/mycode/Documents/GitHub/Ainor-Universe/dataconnect`\n"}}
[debug] [2026-07-01T12:42:08.706Z] E0701 18:12:08.705669    8669 watch.go:40] Failed to load config from "/Volumes/mycode/Documents/GitHub/Ainor-Universe/dataconnect": could not find dataconnect.yaml in `/Volumes/mycode/Documents/GitHub/Ainor-Universe/dataconnect`
E0701 18:12:08.705630    8669 watch.go:116] watchAllDir unable to walk dir `/Volumes/mycode/Documents/GitHub/Ainor-Universe/dataconnect`: lstat /Volumes/mycode/Documents/GitHub/Ainor-Universe/dataconnect: no such file or directory
 {"metadata":{"emulator":{"name":"dataconnect"},"message":"E0701 18:12:08.705669    8669 watch.go:40] Failed to load config from \"/Volumes/mycode/Documents/GitHub/Ainor-Universe/dataconnect\": could not find dataconnect.yaml in `/Volumes/mycode/Documents/GitHub/Ainor-Universe/dataconnect`\nE0701 18:12:08.705630    8669 watch.go:116] watchAllDir unable to walk dir `/Volumes/mycode/Documents/GitHub/Ainor-Universe/dataconnect`: lstat /Volumes/mycode/Documents/GitHub/Ainor-Universe/dataconnect: no such file or directory\n"}}
[debug] [2026-07-01T12:42:18.706Z] E0701 18:12:18.706091    8669 watch.go:40] Failed to load config from "/Volumes/mycode/Documents/GitHub/Ainor-Universe/dataconnect": could not find dataconnect.yaml in `/Volumes/mycode/Documents/GitHub/Ainor-Universe/dataconnect`
 {"metadata":{"emulator":{"name":"dataconnect"},"message":"E0701 18:12:18.706091    8669 watch.go:40] Failed to load config from \"/Volumes/mycode/Documents/GitHub/Ainor-Universe/dataconnect\": could not find dataconnect.yaml in `/Volumes/mycode/Documents/GitHub/Ainor-Universe/dataconnect`\n"}}
[debug] [2026-07-01T12:42:28.706Z] E0701 18:12:28.706166    8669 watch.go:40] Failed to load config from "/Volumes/mycode/Documents/GitHub/Ainor-Universe/dataconnect": could not find dataconnect.yaml in `/Volumes/mycode/Documents/GitHub/Ainor-Universe/dataconnect`
 {"metadata":{"emulator":{"name":"dataconnect"},"message":"E0701 18:12:28.706166    8669 watch.go:40] Failed to load config from \"/Volumes/mycode/Documents/GitHub/Ainor-Universe/dataconnect\": could not find dataconnect.yaml in `/Volumes/mycode/Documents/GitHub/Ainor-Universe/dataconnect`\n"}}
[debug] [2026-07-01T12:42:38.705Z] E0701 18:12:38.705459    8669 watch.go:40] Failed to load config from "/Volumes/mycode/Documents/GitHub/Ainor-Universe/dataconnect": could not find dataconnect.yaml in `/Volumes/mycode/Documents/GitHub/Ainor-Universe/dataconnect`
 {"metadata":{"emulator":{"name":"dataconnect"},"message":"E0701 18:12:38.705459    8669 watch.go:40] Failed to load config from \"/Volumes/mycode/Documents/GitHub/Ainor-Universe/dataconnect\": could not find dataconnect.yaml in `/Volumes/mycode/Documents/GitHub/Ainor-Universe/dataconnect`\n"}}
[debug] [2026-07-01T12:42:48.706Z] E0701 18:12:48.705892    8669 watch.go:40] Failed to load config from "/Volumes/mycode/Documents/GitHub/Ainor-Universe/dataconnect": could not find dataconnect.yaml in `/Volumes/mycode/Documents/GitHub/Ainor-Universe/dataconnect`
 {"metadata":{"emulator":{"name":"dataconnect"},"message":"E0701 18:12:48.705892    8669 watch.go:40] Failed to load config from \"/Volumes/mycode/Documents/GitHub/Ainor-Universe/dataconnect\": could not find dataconnect.yaml in `/Volumes/mycode/Documents/GitHub/Ainor-Universe/dataconnect`\n"}}
[debug] [2026-07-01T12:42:58.706Z] E0701 18:12:58.706308    8669 watch.go:40] Failed to load config from "/Volumes/mycode/Documents/GitHub/Ainor-Universe/dataconnect": could not find dataconnect.yaml in `/Volumes/mycode/Documents/GitHub/Ainor-Universe/dataconnect`
 {"metadata":{"emulator":{"name":"dataconnect"},"message":"E0701 18:12:58.706308    8669 watch.go:40] Failed to load config from \"/Volumes/mycode/Documents/GitHub/Ainor-Universe/dataconnect\": could not find dataconnect.yaml in `/Volumes/mycode/Documents/GitHub/Ainor-Universe/dataconnect`\n"}}
[debug] [2026-07-01T16:28:04.799Z] [Firebase Plugin] Activating Firebase extension.
[debug] [2026-07-01T16:28:14.576Z] [Firebase Plugin] requireAuthWrapper
[debug] [2026-07-01T16:28:14.576Z] > command requires scopes: ["email","openid","https://www.googleapis.com/auth/cloudplatformprojects.readonly","https://www.googleapis.com/auth/firebase","https://www.googleapis.com/auth/cloud-platform"]
[debug] [2026-07-01T16:28:14.576Z] > authorizing via signed-in user (neocodenex@gmail.com)
[debug] [2026-07-01T16:28:14.578Z] Checked if tokens are valid: false, expires at: 1782908467813
[debug] [2026-07-01T16:28:14.578Z] Checked if tokens are valid: false, expires at: 1782908467813
[debug] [2026-07-01T16:28:14.578Z] > refreshing access token with scopes: []
[debug] [2026-07-01T16:28:14.579Z] >>> [apiv2][query] POST https://www.googleapis.com/oauth2/v3/token [none]
[debug] [2026-07-01T16:28:14.579Z] >>> [apiv2][body] POST https://www.googleapis.com/oauth2/v3/token [omitted]
[debug] [2026-07-01T16:28:14.943Z] [Firebase Plugin] VSCode notification server listening on port 40001
[info] [Firebase Plugin] Starting SQL Connect toolkit (version 3.4.11) on port 50001
[debug] [2026-07-01T16:28:15.673Z] 'fdc build' failed with error: Unable to build your SQL Connect schema and connectors (exit code 1): E0701 21:58:15.666361    2895 cmd.go:43] Error loading data connect config: could not find dataconnect.yaml in `/Volumes/mycode/Documents/GitHub/Ainor-Universe/dataconnect`
 {"metadata":{"emulator":{"name":"dataconnect"},"message":"'fdc build' failed with error: Unable to build your SQL Connect schema and connectors (exit code 1): E0701 21:58:15.666361    2895 cmd.go:43] Error loading data connect config: could not find dataconnect.yaml in `/Volumes/mycode/Documents/GitHub/Ainor-Universe/dataconnect`\n"}}
[debug] [2026-07-01T16:28:15.674Z] Ignoring unsupported arg: auto_download {"metadata":{"emulator":{"name":"dataconnect"},"message":"Ignoring unsupported arg: auto_download"}}
[debug] [2026-07-01T16:28:15.674Z] Ignoring unsupported arg: port {"metadata":{"emulator":{"name":"dataconnect"},"message":"Ignoring unsupported arg: port"}}
[debug] [2026-07-01T16:28:15.674Z] Starting SQL Connect Emulator with command {"binary":"/Users/ainor/.cache/firebase/emulators/dataconnect-emulator-3.4.11","args":["--logtostderr","-v=2","dev","--listen=localhost:50001","--config_dir=/Volumes/mycode/Documents/GitHub/Ainor-Universe/dataconnect","--enable_output_schema_extensions=true","--enable_output_generated_sdk=true"],"optionalArgs":["listen","config_dir","enable_output_schema_extensions","enable_output_generated_sdk"],"joinArgs":true,"shell":false,"port":9399} {"metadata":{"emulator":{"name":"dataconnect"},"message":"Starting SQL Connect Emulator with command {\"binary\":\"/Users/ainor/.cache/firebase/emulators/dataconnect-emulator-3.4.11\",\"args\":[\"--logtostderr\",\"-v=2\",\"dev\",\"--listen=localhost:50001\",\"--config_dir=/Volumes/mycode/Documents/GitHub/Ainor-Universe/dataconnect\",\"--enable_output_schema_extensions=true\",\"--enable_output_generated_sdk=true\"],\"optionalArgs\":[\"listen\",\"config_dir\",\"enable_output_schema_extensions\",\"enable_output_generated_sdk\"],\"joinArgs\":true,\"shell\":false,\"port\":9399}"}}
[info] i  dataconnect: SQL Connect Emulator logging to dataconnect-debug.log {"metadata":{"emulator":{"name":"dataconnect"},"message":"SQL Connect Emulator logging to dataconnect-debug.log"}}
[debug] [2026-07-01T16:28:16.231Z] <<< [apiv2][status] POST https://www.googleapis.com/oauth2/v3/token 200
[debug] [2026-07-01T16:28:16.231Z] <<< [apiv2][body] POST https://www.googleapis.com/oauth2/v3/token [omitted]
[debug] [2026-07-01T16:28:16.240Z] [Firebase Plugin] User found:  neocodenex@gmail.com
[info] [Firebase Plugin] (Core:Project) New user detected, fetching projects
[debug] [2026-07-01T16:28:16.241Z] Checked if tokens are valid: true, expires at: 1782926895232
[debug] [2026-07-01T16:28:16.242Z] >>> [apiv2][query] GET https://firebase.googleapis.com/v1beta1/projects pageSize=1000
[debug] [2026-07-01T16:28:16.482Z] E0701 21:58:16.358892    2898 dev.go:83] Failed to load initial config from "/Volumes/mycode/Documents/GitHub/Ainor-Universe/dataconnect": could not find dataconnect.yaml in `/Volumes/mycode/Documents/GitHub/Ainor-Universe/dataconnect`
E0701 21:58:16.361315    2898 watch.go:116] watchAllDir unable to walk dir `/Volumes/mycode/Documents/GitHub/Ainor-Universe/dataconnect`: lstat /Volumes/mycode/Documents/GitHub/Ainor-Universe/dataconnect: no such file or directory
I0701 21:58:16.362146    2898 dev.go:104] Listening on address (HTTP + gRPC): 127.0.0.1:50001
 {"metadata":{"emulator":{"name":"dataconnect"},"message":"E0701 21:58:16.358892    2898 dev.go:83] Failed to load initial config from \"/Volumes/mycode/Documents/GitHub/Ainor-Universe/dataconnect\": could not find dataconnect.yaml in `/Volumes/mycode/Documents/GitHub/Ainor-Universe/dataconnect`\nE0701 21:58:16.361315    2898 watch.go:116] watchAllDir unable to walk dir `/Volumes/mycode/Documents/GitHub/Ainor-Universe/dataconnect`: lstat /Volumes/mycode/Documents/GitHub/Ainor-Universe/dataconnect: no such file or directory\nI0701 21:58:16.362146    2898 dev.go:104] Listening on address (HTTP + gRPC): 127.0.0.1:50001\n"}}
[error] [Firebase Plugin] error:  {}
[debug] [2026-07-01T16:28:17.211Z] <<< [apiv2][status] GET https://firebase.googleapis.com/v1beta1/projects 200
[debug] [2026-07-01T16:28:17.211Z] <<< [apiv2][body] GET https://firebase.googleapis.com/v1beta1/projects [omitted]
[debug] [2026-07-01T16:28:26.364Z] E0701 21:58:26.361993    2898 watch.go:40] Failed to load config from "/Volumes/mycode/Documents/GitHub/Ainor-Universe/dataconnect": could not find dataconnect.yaml in `/Volumes/mycode/Documents/GitHub/Ainor-Universe/dataconnect`
 {"metadata":{"emulator":{"name":"dataconnect"},"message":"E0701 21:58:26.361993    2898 watch.go:40] Failed to load config from \"/Volumes/mycode/Documents/GitHub/Ainor-Universe/dataconnect\": could not find dataconnect.yaml in `/Volumes/mycode/Documents/GitHub/Ainor-Universe/dataconnect`\n"}}
[debug] [2026-07-01T16:28:36.367Z] E0701 21:58:36.364376    2898 watch.go:40] Failed to load config from "/Volumes/mycode/Documents/GitHub/Ainor-Universe/dataconnect": could not find dataconnect.yaml in `/Volumes/mycode/Documents/GitHub/Ainor-Universe/dataconnect`
 {"metadata":{"emulator":{"name":"dataconnect"},"message":"E0701 21:58:36.364376    2898 watch.go:40] Failed to load config from \"/Volumes/mycode/Documents/GitHub/Ainor-Universe/dataconnect\": could not find dataconnect.yaml in `/Volumes/mycode/Documents/GitHub/Ainor-Universe/dataconnect`\n"}}
[debug] [2026-07-01T16:28:46.361Z] E0701 21:58:46.360732    2898 watch.go:40] Failed to load config from "/Volumes/mycode/Documents/GitHub/Ainor-Universe/dataconnect": could not find dataconnect.yaml in `/Volumes/mycode/Documents/GitHub/Ainor-Universe/dataconnect`
 {"metadata":{"emulator":{"name":"dataconnect"},"message":"E0701 21:58:46.360732    2898 watch.go:40] Failed to load config from \"/Volumes/mycode/Documents/GitHub/Ainor-Universe/dataconnect\": could not find dataconnect.yaml in `/Volumes/mycode/Documents/GitHub/Ainor-Universe/dataconnect`\n"}}
[debug] [2026-07-01T16:28:56.361Z] E0701 21:58:56.360767    2898 watch.go:40] Failed to load config from "/Volumes/mycode/Documents/GitHub/Ainor-Universe/dataconnect": could not find dataconnect.yaml in `/Volumes/mycode/Documents/GitHub/Ainor-Universe/dataconnect`
 {"metadata":{"emulator":{"name":"dataconnect"},"message":"E0701 21:58:56.360767    2898 watch.go:40] Failed to load config from \"/Volumes/mycode/Documents/GitHub/Ainor-Universe/dataconnect\": could not find dataconnect.yaml in `/Volumes/mycode/Documents/GitHub/Ainor-Universe/dataconnect`\n"}}
[debug] [2026-07-01T16:29:06.361Z] E0701 21:59:06.360734    2898 watch.go:40] Failed to load config from "/Volumes/mycode/Documents/GitHub/Ainor-Universe/dataconnect": could not find dataconnect.yaml in `/Volumes/mycode/Documents/GitHub/Ainor-Universe/dataconnect`
 {"metadata":{"emulator":{"name":"dataconnect"},"message":"E0701 21:59:06.360734    2898 watch.go:40] Failed to load config from \"/Volumes/mycode/Documents/GitHub/Ainor-Universe/dataconnect\": could not find dataconnect.yaml in `/Volumes/mycode/Documents/GitHub/Ainor-Universe/dataconnect`\n"}}
[debug] [2026-07-01T16:29:16.364Z] E0701 21:59:16.364475    2898 watch.go:40] Failed to load config from "/Volumes/mycode/Documents/GitHub/Ainor-Universe/dataconnect": could not find dataconnect.yaml in `/Volumes/mycode/Documents/GitHub/Ainor-Universe/dataconnect`
 {"metadata":{"emulator":{"name":"dataconnect"},"message":"E0701 21:59:16.364475    2898 watch.go:40] Failed to load config from \"/Volumes/mycode/Documents/GitHub/Ainor-Universe/dataconnect\": could not find dataconnect.yaml in `/Volumes/mycode/Documents/GitHub/Ainor-Universe/dataconnect`\n"}}
[debug] [2026-07-01T16:29:16.366Z] E0701 21:59:16.360628    2898 watch.go:116] watchAllDir unable to walk dir `/Volumes/mycode/Documents/GitHub/Ainor-Universe/dataconnect`: lstat /Volumes/mycode/Documents/GitHub/Ainor-Universe/dataconnect: no such file or directory
 {"metadata":{"emulator":{"name":"dataconnect"},"message":"E0701 21:59:16.360628    2898 watch.go:116] watchAllDir unable to walk dir `/Volumes/mycode/Documents/GitHub/Ainor-Universe/dataconnect`: lstat /Volumes/mycode/Documents/GitHub/Ainor-Universe/dataconnect: no such file or directory\n"}}
[debug] [2026-07-01T16:29:26.363Z] E0701 21:59:26.361241    2898 watch.go:40] Failed to load config from "/Volumes/mycode/Documents/GitHub/Ainor-Universe/dataconnect": could not find dataconnect.yaml in `/Volumes/mycode/Documents/GitHub/Ainor-Universe/dataconnect`
 {"metadata":{"emulator":{"name":"dataconnect"},"message":"E0701 21:59:26.361241    2898 watch.go:40] Failed to load config from \"/Volumes/mycode/Documents/GitHub/Ainor-Universe/dataconnect\": could not find dataconnect.yaml in `/Volumes/mycode/Documents/GitHub/Ainor-Universe/dataconnect`\n"}}
[debug] [2026-07-01T16:29:36.360Z] E0701 21:59:36.360033    2898 watch.go:40] Failed to load config from "/Volumes/mycode/Documents/GitHub/Ainor-Universe/dataconnect": could not find dataconnect.yaml in `/Volumes/mycode/Documents/GitHub/Ainor-Universe/dataconnect`
 {"metadata":{"emulator":{"name":"dataconnect"},"message":"E0701 21:59:36.360033    2898 watch.go:40] Failed to load config from \"/Volumes/mycode/Documents/GitHub/Ainor-Universe/dataconnect\": could not find dataconnect.yaml in `/Volumes/mycode/Documents/GitHub/Ainor-Universe/dataconnect`\n"}}
[debug] [2026-07-01T16:29:46.363Z] E0701 21:59:46.363366    2898 watch.go:40] Failed to load config from "/Volumes/mycode/Documents/GitHub/Ainor-Universe/dataconnect": could not find dataconnect.yaml in `/Volumes/mycode/Documents/GitHub/Ainor-Universe/dataconnect`
 {"metadata":{"emulator":{"name":"dataconnect"},"message":"E0701 21:59:46.363366    2898 watch.go:40] Failed to load config from \"/Volumes/mycode/Documents/GitHub/Ainor-Universe/dataconnect\": could not find dataconnect.yaml in `/Volumes/mycode/Documents/GitHub/Ainor-Universe/dataconnect`\n"}}
[debug] [2026-07-01T16:29:56.360Z] E0701 21:59:56.360586    2898 watch.go:40] Failed to load config from "/Volumes/mycode/Documents/GitHub/Ainor-Universe/dataconnect": could not find dataconnect.yaml in `/Volumes/mycode/Documents/GitHub/Ainor-Universe/dataconnect`
 {"metadata":{"emulator":{"name":"dataconnect"},"message":"E0701 21:59:56.360586    2898 watch.go:40] Failed to load config from \"/Volumes/mycode/Documents/GitHub/Ainor-Universe/dataconnect\": could not find dataconnect.yaml in `/Volumes/mycode/Documents/GitHub/Ainor-Universe/dataconnect`\n"}}
[debug] [2026-07-01T16:30:06.363Z] E0701 22:00:06.362517    2898 watch.go:40] Failed to load config from "/Volumes/mycode/Documents/GitHub/Ainor-Universe/dataconnect": could not find dataconnect.yaml in `/Volumes/mycode/Documents/GitHub/Ainor-Universe/dataconnect`
 {"metadata":{"emulator":{"name":"dataconnect"},"message":"E0701 22:00:06.362517    2898 watch.go:40] Failed to load config from \"/Volumes/mycode/Documents/GitHub/Ainor-Universe/dataconnect\": could not find dataconnect.yaml in `/Volumes/mycode/Documents/GitHub/Ainor-Universe/dataconnect`\n"}}
[debug] [2026-07-01T16:30:16.360Z] E0701 22:00:16.360582    2898 watch.go:40] Failed to load config from "/Volumes/mycode/Documents/GitHub/Ainor-Universe/dataconnect": could not find dataconnect.yaml in `/Volumes/mycode/Documents/GitHub/Ainor-Universe/dataconnect`
 {"metadata":{"emulator":{"name":"dataconnect"},"message":"E0701 22:00:16.360582    2898 watch.go:40] Failed to load config from \"/Volumes/mycode/Documents/GitHub/Ainor-Universe/dataconnect\": could not find dataconnect.yaml in `/Volumes/mycode/Documents/GitHub/Ainor-Universe/dataconnect`\n"}}
[debug] [2026-07-01T16:30:16.362Z] E0701 22:00:16.360505    2898 watch.go:116] watchAllDir unable to walk dir `/Volumes/mycode/Documents/GitHub/Ainor-Universe/dataconnect`: lstat /Volumes/mycode/Documents/GitHub/Ainor-Universe/dataconnect: no such file or directory
 {"metadata":{"emulator":{"name":"dataconnect"},"message":"E0701 22:00:16.360505    2898 watch.go:116] watchAllDir unable to walk dir `/Volumes/mycode/Documents/GitHub/Ainor-Universe/dataconnect`: lstat /Volumes/mycode/Documents/GitHub/Ainor-Universe/dataconnect: no such file or directory\n"}}
[debug] [2026-07-01T16:30:26.361Z] E0701 22:00:26.361037    2898 watch.go:40] Failed to load config from "/Volumes/mycode/Documents/GitHub/Ainor-Universe/dataconnect": could not find dataconnect.yaml in `/Volumes/mycode/Documents/GitHub/Ainor-Universe/dataconnect`
 {"metadata":{"emulator":{"name":"dataconnect"},"message":"E0701 22:00:26.361037    2898 watch.go:40] Failed to load config from \"/Volumes/mycode/Documents/GitHub/Ainor-Universe/dataconnect\": could not find dataconnect.yaml in `/Volumes/mycode/Documents/GitHub/Ainor-Universe/dataconnect`\n"}}
[debug] [2026-07-01T16:30:36.362Z] E0701 22:00:36.361989    2898 watch.go:40] Failed to load config from "/Volumes/mycode/Documents/GitHub/Ainor-Universe/dataconnect": could not find dataconnect.yaml in `/Volumes/mycode/Documents/GitHub/Ainor-Universe/dataconnect`
 {"metadata":{"emulator":{"name":"dataconnect"},"message":"E0701 22:00:36.361989    2898 watch.go:40] Failed to load config from \"/Volumes/mycode/Documents/GitHub/Ainor-Universe/dataconnect\": could not find dataconnect.yaml in `/Volumes/mycode/Documents/GitHub/Ainor-Universe/dataconnect`\n"}}
[debug] [2026-07-01T16:30:46.360Z] E0701 22:00:46.360248    2898 watch.go:40] Failed to load config from "/Volumes/mycode/Documents/GitHub/Ainor-Universe/dataconnect": could not find dataconnect.yaml in `/Volumes/mycode/Documents/GitHub/Ainor-Universe/dataconnect`
 {"metadata":{"emulator":{"name":"dataconnect"},"message":"E0701 22:00:46.360248    2898 watch.go:40] Failed to load config from \"/Volumes/mycode/Documents/GitHub/Ainor-Universe/dataconnect\": could not find dataconnect.yaml in `/Volumes/mycode/Documents/GitHub/Ainor-Universe/dataconnect`\n"}}
[debug] [2026-07-01T16:30:56.360Z] E0701 22:00:56.360223    2898 watch.go:40] Failed to load config from "/Volumes/mycode/Documents/GitHub/Ainor-Universe/dataconnect": could not find dataconnect.yaml in `/Volumes/mycode/Documents/GitHub/Ainor-Universe/dataconnect`
 {"metadata":{"emulator":{"name":"dataconnect"},"message":"E0701 22:00:56.360223    2898 watch.go:40] Failed to load config from \"/Volumes/mycode/Documents/GitHub/Ainor-Universe/dataconnect\": could not find dataconnect.yaml in `/Volumes/mycode/Documents/GitHub/Ainor-Universe/dataconnect`\n"}}
[debug] [2026-07-01T16:31:06.361Z] E0701 22:01:06.360915    2898 watch.go:40] Failed to load config from "/Volumes/mycode/Documents/GitHub/Ainor-Universe/dataconnect": could not find dataconnect.yaml in `/Volumes/mycode/Documents/GitHub/Ainor-Universe/dataconnect`
 {"metadata":{"emulator":{"name":"dataconnect"},"message":"E0701 22:01:06.360915    2898 watch.go:40] Failed to load config from \"/Volumes/mycode/Documents/GitHub/Ainor-Universe/dataconnect\": could not find dataconnect.yaml in `/Volumes/mycode/Documents/GitHub/Ainor-Universe/dataconnect`\n"}}
[debug] [2026-07-01T16:31:16.361Z] E0701 22:01:16.360853    2898 watch.go:40] Failed to load config from "/Volumes/mycode/Documents/GitHub/Ainor-Universe/dataconnect": could not find dataconnect.yaml in `/Volumes/mycode/Documents/GitHub/Ainor-Universe/dataconnect`
 {"metadata":{"emulator":{"name":"dataconnect"},"message":"E0701 22:01:16.360853    2898 watch.go:40] Failed to load config from \"/Volumes/mycode/Documents/GitHub/Ainor-Universe/dataconnect\": could not find dataconnect.yaml in `/Volumes/mycode/Documents/GitHub/Ainor-Universe/dataconnect`\n"}}
[debug] [2026-07-01T16:31:16.363Z] E0701 22:01:16.360818    2898 watch.go:116] watchAllDir unable to walk dir `/Volumes/mycode/Documents/GitHub/Ainor-Universe/dataconnect`: lstat /Volumes/mycode/Documents/GitHub/Ainor-Universe/dataconnect: no such file or directory
 {"metadata":{"emulator":{"name":"dataconnect"},"message":"E0701 22:01:16.360818    2898 watch.go:116] watchAllDir unable to walk dir `/Volumes/mycode/Documents/GitHub/Ainor-Universe/dataconnect`: lstat /Volumes/mycode/Documents/GitHub/Ainor-Universe/dataconnect: no such file or directory\n"}}
[debug] [2026-07-01T16:31:26.361Z] E0701 22:01:26.360941    2898 watch.go:40] Failed to load config from "/Volumes/mycode/Documents/GitHub/Ainor-Universe/dataconnect": could not find dataconnect.yaml in `/Volumes/mycode/Documents/GitHub/Ainor-Universe/dataconnect`
 {"metadata":{"emulator":{"name":"dataconnect"},"message":"E0701 22:01:26.360941    2898 watch.go:40] Failed to load config from \"/Volumes/mycode/Documents/GitHub/Ainor-Universe/dataconnect\": could not find dataconnect.yaml in `/Volumes/mycode/Documents/GitHub/Ainor-Universe/dataconnect`\n"}}
[debug] [2026-07-01T16:31:36.362Z] E0701 22:01:36.361905    2898 watch.go:40] Failed to load config from "/Volumes/mycode/Documents/GitHub/Ainor-Universe/dataconnect": could not find dataconnect.yaml in `/Volumes/mycode/Documents/GitHub/Ainor-Universe/dataconnect`
 {"metadata":{"emulator":{"name":"dataconnect"},"message":"E0701 22:01:36.361905    2898 watch.go:40] Failed to load config from \"/Volumes/mycode/Documents/GitHub/Ainor-Universe/dataconnect\": could not find dataconnect.yaml in `/Volumes/mycode/Documents/GitHub/Ainor-Universe/dataconnect`\n"}}
[debug] [2026-07-01T16:31:46.360Z] E0701 22:01:46.360216    2898 watch.go:40] Failed to load config from "/Volumes/mycode/Documents/GitHub/Ainor-Universe/dataconnect": could not find dataconnect.yaml in `/Volumes/mycode/Documents/GitHub/Ainor-Universe/dataconnect`
 {"metadata":{"emulator":{"name":"dataconnect"},"message":"E0701 22:01:46.360216    2898 watch.go:40] Failed to load config from \"/Volumes/mycode/Documents/GitHub/Ainor-Universe/dataconnect\": could not find dataconnect.yaml in `/Volumes/mycode/Documents/GitHub/Ainor-Universe/dataconnect`\n"}}
[debug] [2026-07-01T16:31:56.360Z] E0701 22:01:56.360136    2898 watch.go:40] Failed to load config from "/Volumes/mycode/Documents/GitHub/Ainor-Universe/dataconnect": could not find dataconnect.yaml in `/Volumes/mycode/Documents/GitHub/Ainor-Universe/dataconnect`
 {"metadata":{"emulator":{"name":"dataconnect"},"message":"E0701 22:01:56.360136    2898 watch.go:40] Failed to load config from \"/Volumes/mycode/Documents/GitHub/Ainor-Universe/dataconnect\": could not find dataconnect.yaml in `/Volumes/mycode/Documents/GitHub/Ainor-Universe/dataconnect`\n"}}
[debug] [2026-07-01T16:32:06.363Z] E0701 22:02:06.361596    2898 watch.go:40] Failed to load config from "/Volumes/mycode/Documents/GitHub/Ainor-Universe/dataconnect": could not find dataconnect.yaml in `/Volumes/mycode/Documents/GitHub/Ainor-Universe/dataconnect`
 {"metadata":{"emulator":{"name":"dataconnect"},"message":"E0701 22:02:06.361596    2898 watch.go:40] Failed to load config from \"/Volumes/mycode/Documents/GitHub/Ainor-Universe/dataconnect\": could not find dataconnect.yaml in `/Volumes/mycode/Documents/GitHub/Ainor-Universe/dataconnect`\n"}}
[debug] [2026-07-01T16:32:16.361Z] E0701 22:02:16.360976    2898 watch.go:116] watchAllDir unable to walk dir `/Volumes/mycode/Documents/GitHub/Ainor-Universe/dataconnect`: lstat /Volumes/mycode/Documents/GitHub/Ainor-Universe/dataconnect: no such file or directory
E0701 22:02:16.361069    2898 watch.go:40] Failed to load config from "/Volumes/mycode/Documents/GitHub/Ainor-Universe/dataconnect": could not find dataconnect.yaml in `/Volumes/mycode/Documents/GitHub/Ainor-Universe/dataconnect`
 {"metadata":{"emulator":{"name":"dataconnect"},"message":"E0701 22:02:16.360976    2898 watch.go:116] watchAllDir unable to walk dir `/Volumes/mycode/Documents/GitHub/Ainor-Universe/dataconnect`: lstat /Volumes/mycode/Documents/GitHub/Ainor-Universe/dataconnect: no such file or directory\nE0701 22:02:16.361069    2898 watch.go:40] Failed to load config from \"/Volumes/mycode/Documents/GitHub/Ainor-Universe/dataconnect\": could not find dataconnect.yaml in `/Volumes/mycode/Documents/GitHub/Ainor-Universe/dataconnect`\n"}}
[debug] [2026-07-01T16:32:26.360Z] E0701 22:02:26.360446    2898 watch.go:40] Failed to load config from "/Volumes/mycode/Documents/GitHub/Ainor-Universe/dataconnect": could not find dataconnect.yaml in `/Volumes/mycode/Documents/GitHub/Ainor-Universe/dataconnect`
 {"metadata":{"emulator":{"name":"dataconnect"},"message":"E0701 22:02:26.360446    2898 watch.go:40] Failed to load config from \"/Volumes/mycode/Documents/GitHub/Ainor-Universe/dataconnect\": could not find dataconnect.yaml in `/Volumes/mycode/Documents/GitHub/Ainor-Universe/dataconnect`\n"}}
[debug] [2026-07-01T16:32:36.365Z] E0701 22:02:36.365398    2898 watch.go:40] Failed to load config from "/Volumes/mycode/Documents/GitHub/Ainor-Universe/dataconnect": could not find dataconnect.yaml in `/Volumes/mycode/Documents/GitHub/Ainor-Universe/dataconnect`
 {"metadata":{"emulator":{"name":"dataconnect"},"message":"E0701 22:02:36.365398    2898 watch.go:40] Failed to load config from \"/Volumes/mycode/Documents/GitHub/Ainor-Universe/dataconnect\": could not find dataconnect.yaml in `/Volumes/mycode/Documents/GitHub/Ainor-Universe/dataconnect`\n"}}
[debug] [2026-07-01T16:32:46.360Z] E0701 22:02:46.360293    2898 watch.go:40] Failed to load config from "/Volumes/mycode/Documents/GitHub/Ainor-Universe/dataconnect": could not find dataconnect.yaml in `/Volumes/mycode/Documents/GitHub/Ainor-Universe/dataconnect`
 {"metadata":{"emulator":{"name":"dataconnect"},"message":"E0701 22:02:46.360293    2898 watch.go:40] Failed to load config from \"/Volumes/mycode/Documents/GitHub/Ainor-Universe/dataconnect\": could not find dataconnect.yaml in `/Volumes/mycode/Documents/GitHub/Ainor-Universe/dataconnect`\n"}}
[debug] [2026-07-01T16:32:56.363Z] E0701 22:02:56.361661    2898 watch.go:40] Failed to load config from "/Volumes/mycode/Documents/GitHub/Ainor-Universe/dataconnect": could not find dataconnect.yaml in `/Volumes/mycode/Documents/GitHub/Ainor-Universe/dataconnect`
 {"metadata":{"emulator":{"name":"dataconnect"},"message":"E0701 22:02:56.361661    2898 watch.go:40] Failed to load config from \"/Volumes/mycode/Documents/GitHub/Ainor-Universe/dataconnect\": could not find dataconnect.yaml in `/Volumes/mycode/Documents/GitHub/Ainor-Universe/dataconnect`\n"}}
[debug] [2026-07-01T16:33:06.361Z] E0701 22:03:06.361062    2898 watch.go:40] Failed to load config from "/Volumes/mycode/Documents/GitHub/Ainor-Universe/dataconnect": could not find dataconnect.yaml in `/Volumes/mycode/Documents/GitHub/Ainor-Universe/dataconnect`
 {"metadata":{"emulator":{"name":"dataconnect"},"message":"E0701 22:03:06.361062    2898 watch.go:40] Failed to load config from \"/Volumes/mycode/Documents/GitHub/Ainor-Universe/dataconnect\": could not find dataconnect.yaml in `/Volumes/mycode/Documents/GitHub/Ainor-Universe/dataconnect`\n"}}
[debug] [2026-07-01T16:33:16.360Z] E0701 22:03:16.360164    2898 watch.go:116] watchAllDir unable to walk dir `/Volumes/mycode/Documents/GitHub/Ainor-Universe/dataconnect`: lstat /Volumes/mycode/Documents/GitHub/Ainor-Universe/dataconnect: no such file or directory
 {"metadata":{"emulator":{"name":"dataconnect"},"message":"E0701 22:03:16.360164    2898 watch.go:116] watchAllDir unable to walk dir `/Volumes/mycode/Documents/GitHub/Ainor-Universe/dataconnect`: lstat /Volumes/mycode/Documents/GitHub/Ainor-Universe/dataconnect: no such file or directory\n"}}
[debug] [2026-07-01T16:33:16.363Z] E0701 22:03:16.362258    2898 watch.go:40] Failed to load config from "/Volumes/mycode/Documents/GitHub/Ainor-Universe/dataconnect": could not find dataconnect.yaml in `/Volumes/mycode/Documents/GitHub/Ainor-Universe/dataconnect`
 {"metadata":{"emulator":{"name":"dataconnect"},"message":"E0701 22:03:16.362258    2898 watch.go:40] Failed to load config from \"/Volumes/mycode/Documents/GitHub/Ainor-Universe/dataconnect\": could not find dataconnect.yaml in `/Volumes/mycode/Documents/GitHub/Ainor-Universe/dataconnect`\n"}}
[debug] [2026-07-01T16:33:26.361Z] E0701 22:03:26.361228    2898 watch.go:40] Failed to load config from "/Volumes/mycode/Documents/GitHub/Ainor-Universe/dataconnect": could not find dataconnect.yaml in `/Volumes/mycode/Documents/GitHub/Ainor-Universe/dataconnect`
 {"metadata":{"emulator":{"name":"dataconnect"},"message":"E0701 22:03:26.361228    2898 watch.go:40] Failed to load config from \"/Volumes/mycode/Documents/GitHub/Ainor-Universe/dataconnect\": could not find dataconnect.yaml in `/Volumes/mycode/Documents/GitHub/Ainor-Universe/dataconnect`\n"}}
[debug] [2026-07-01T16:33:36.361Z] E0701 22:03:36.361005    2898 watch.go:40] Failed to load config from "/Volumes/mycode/Documents/GitHub/Ainor-Universe/dataconnect": could not find dataconnect.yaml in `/Volumes/mycode/Documents/GitHub/Ainor-Universe/dataconnect`
 {"metadata":{"emulator":{"name":"dataconnect"},"message":"E0701 22:03:36.361005    2898 watch.go:40] Failed to load config from \"/Volumes/mycode/Documents/GitHub/Ainor-Universe/dataconnect\": could not find dataconnect.yaml in `/Volumes/mycode/Documents/GitHub/Ainor-Universe/dataconnect`\n"}}
[debug] [2026-07-01T16:33:46.361Z] E0701 22:03:46.361043    2898 watch.go:40] Failed to load config from "/Volumes/mycode/Documents/GitHub/Ainor-Universe/dataconnect": could not find dataconnect.yaml in `/Volumes/mycode/Documents/GitHub/Ainor-Universe/dataconnect`
 {"metadata":{"emulator":{"name":"dataconnect"},"message":"E0701 22:03:46.361043    2898 watch.go:40] Failed to load config from \"/Volumes/mycode/Documents/GitHub/Ainor-Universe/dataconnect\": could not find dataconnect.yaml in `/Volumes/mycode/Documents/GitHub/Ainor-Universe/dataconnect`\n"}}
[debug] [2026-07-01T16:33:56.361Z] E0701 22:03:56.361022    2898 watch.go:40] Failed to load config from "/Volumes/mycode/Documents/GitHub/Ainor-Universe/dataconnect": could not find dataconnect.yaml in `/Volumes/mycode/Documents/GitHub/Ainor-Universe/dataconnect`
 {"metadata":{"emulator":{"name":"dataconnect"},"message":"E0701 22:03:56.361022    2898 watch.go:40] Failed to load config from \"/Volumes/mycode/Documents/GitHub/Ainor-Universe/dataconnect\": could not find dataconnect.yaml in `/Volumes/mycode/Documents/GitHub/Ainor-Universe/dataconnect`\n"}}
[info] [Firebase Plugin] Stopping SQL Connect toolkit
[warn] ⚠  SQL Connect Emulator has exited upon receiving signal: SIGINT 
[debug] [2026-07-01T16:40:03.582Z] [Firebase Plugin] Activating Firebase extension.
[debug] [2026-07-01T16:40:05.725Z] [Firebase Plugin] requireAuthWrapper
[debug] [2026-07-01T16:40:05.726Z] > command requires scopes: ["email","openid","https://www.googleapis.com/auth/cloudplatformprojects.readonly","https://www.googleapis.com/auth/firebase","https://www.googleapis.com/auth/cloud-platform"]
[debug] [2026-07-01T16:40:05.726Z] > authorizing via signed-in user (neocodenex@gmail.com)
[debug] [2026-07-01T16:40:05.727Z] Checked if tokens are valid: true, expires at: 1782926895867
[debug] [2026-07-01T16:40:05.727Z] Checked if tokens are valid: true, expires at: 1782926895867
[debug] [2026-07-01T16:40:05.727Z] [Firebase Plugin] User found:  neocodenex@gmail.com
[info] [Firebase Plugin] (Core:Project) New user detected, fetching projects
[debug] [2026-07-01T16:40:05.727Z] Checked if tokens are valid: true, expires at: 1782926895867
[debug] [2026-07-01T16:40:05.728Z] >>> [apiv2][query] GET https://firebase.googleapis.com/v1beta1/projects pageSize=1000
[debug] [2026-07-01T16:40:05.735Z] [Firebase Plugin] VSCode notification server listening on port 40001
[info] [Firebase Plugin] Starting SQL Connect toolkit (version 3.4.11) on port 50001
[debug] [2026-07-01T16:40:06.164Z] 'fdc build' failed with error: Unable to build your SQL Connect schema and connectors (exit code 1): E0701 22:10:06.162382    1490 cmd.go:43] Error loading data connect config: could not find dataconnect.yaml in `/Volumes/mycode/Documents/GitHub/Ainor-Universe/dataconnect`
 {"metadata":{"emulator":{"name":"dataconnect"},"message":"'fdc build' failed with error: Unable to build your SQL Connect schema and connectors (exit code 1): E0701 22:10:06.162382    1490 cmd.go:43] Error loading data connect config: could not find dataconnect.yaml in `/Volumes/mycode/Documents/GitHub/Ainor-Universe/dataconnect`\n"}}
[debug] [2026-07-01T16:40:06.164Z] Ignoring unsupported arg: auto_download {"metadata":{"emulator":{"name":"dataconnect"},"message":"Ignoring unsupported arg: auto_download"}}
[debug] [2026-07-01T16:40:06.164Z] Ignoring unsupported arg: port {"metadata":{"emulator":{"name":"dataconnect"},"message":"Ignoring unsupported arg: port"}}
[debug] [2026-07-01T16:40:06.164Z] Starting SQL Connect Emulator with command {"binary":"/Users/ainor/.cache/firebase/emulators/dataconnect-emulator-3.4.11","args":["--logtostderr","-v=2","dev","--listen=localhost:50001","--config_dir=/Volumes/mycode/Documents/GitHub/Ainor-Universe/dataconnect","--enable_output_schema_extensions=true","--enable_output_generated_sdk=true"],"optionalArgs":["listen","config_dir","enable_output_schema_extensions","enable_output_generated_sdk"],"joinArgs":true,"shell":false,"port":9399} {"metadata":{"emulator":{"name":"dataconnect"},"message":"Starting SQL Connect Emulator with command {\"binary\":\"/Users/ainor/.cache/firebase/emulators/dataconnect-emulator-3.4.11\",\"args\":[\"--logtostderr\",\"-v=2\",\"dev\",\"--listen=localhost:50001\",\"--config_dir=/Volumes/mycode/Documents/GitHub/Ainor-Universe/dataconnect\",\"--enable_output_schema_extensions=true\",\"--enable_output_generated_sdk=true\"],\"optionalArgs\":[\"listen\",\"config_dir\",\"enable_output_schema_extensions\",\"enable_output_generated_sdk\"],\"joinArgs\":true,\"shell\":false,\"port\":9399}"}}
[info] i  dataconnect: SQL Connect Emulator logging to dataconnect-debug.log {"metadata":{"emulator":{"name":"dataconnect"},"message":"SQL Connect Emulator logging to dataconnect-debug.log"}}
[debug] [2026-07-01T16:40:06.196Z] E0701 22:10:06.193739    1492 dev.go:83] Failed to load initial config from "/Volumes/mycode/Documents/GitHub/Ainor-Universe/dataconnect": could not find dataconnect.yaml in `/Volumes/mycode/Documents/GitHub/Ainor-Universe/dataconnect`
E0701 22:10:06.195120    1492 watch.go:116] watchAllDir unable to walk dir `/Volumes/mycode/Documents/GitHub/Ainor-Universe/dataconnect`: lstat /Volumes/mycode/Documents/GitHub/Ainor-Universe/dataconnect: no such file or directory
 {"metadata":{"emulator":{"name":"dataconnect"},"message":"E0701 22:10:06.193739    1492 dev.go:83] Failed to load initial config from \"/Volumes/mycode/Documents/GitHub/Ainor-Universe/dataconnect\": could not find dataconnect.yaml in `/Volumes/mycode/Documents/GitHub/Ainor-Universe/dataconnect`\nE0701 22:10:06.195120    1492 watch.go:116] watchAllDir unable to walk dir `/Volumes/mycode/Documents/GitHub/Ainor-Universe/dataconnect`: lstat /Volumes/mycode/Documents/GitHub/Ainor-Universe/dataconnect: no such file or directory\n"}}
[debug] [2026-07-01T16:40:06.204Z] I0701 22:10:06.196921    1492 dev.go:104] Listening on address (HTTP + gRPC): 127.0.0.1:50001
 {"metadata":{"emulator":{"name":"dataconnect"},"message":"I0701 22:10:06.196921    1492 dev.go:104] Listening on address (HTTP + gRPC): 127.0.0.1:50001\n"}}
[error] [Firebase Plugin] error:  {}
[debug] [2026-07-01T16:40:07.119Z] <<< [apiv2][status] GET https://firebase.googleapis.com/v1beta1/projects 200
[debug] [2026-07-01T16:40:07.119Z] <<< [apiv2][body] GET https://firebase.googleapis.com/v1beta1/projects [omitted]
[debug] [2026-07-01T16:40:16.196Z] E0701 22:10:16.196701    1492 watch.go:40] Failed to load config from "/Volumes/mycode/Documents/GitHub/Ainor-Universe/dataconnect": could not find dataconnect.yaml in `/Volumes/mycode/Documents/GitHub/Ainor-Universe/dataconnect`
 {"metadata":{"emulator":{"name":"dataconnect"},"message":"E0701 22:10:16.196701    1492 watch.go:40] Failed to load config from \"/Volumes/mycode/Documents/GitHub/Ainor-Universe/dataconnect\": could not find dataconnect.yaml in `/Volumes/mycode/Documents/GitHub/Ainor-Universe/dataconnect`\n"}}
[debug] [2026-07-01T16:40:26.197Z] E0701 22:10:26.196689    1492 watch.go:40] Failed to load config from "/Volumes/mycode/Documents/GitHub/Ainor-Universe/dataconnect": could not find dataconnect.yaml in `/Volumes/mycode/Documents/GitHub/Ainor-Universe/dataconnect`
 {"metadata":{"emulator":{"name":"dataconnect"},"message":"E0701 22:10:26.196689    1492 watch.go:40] Failed to load config from \"/Volumes/mycode/Documents/GitHub/Ainor-Universe/dataconnect\": could not find dataconnect.yaml in `/Volumes/mycode/Documents/GitHub/Ainor-Universe/dataconnect`\n"}}
[debug] [2026-07-01T16:40:36.197Z] E0701 22:10:36.196799    1492 watch.go:40] Failed to load config from "/Volumes/mycode/Documents/GitHub/Ainor-Universe/dataconnect": could not find dataconnect.yaml in `/Volumes/mycode/Documents/GitHub/Ainor-Universe/dataconnect`
 {"metadata":{"emulator":{"name":"dataconnect"},"message":"E0701 22:10:36.196799    1492 watch.go:40] Failed to load config from \"/Volumes/mycode/Documents/GitHub/Ainor-Universe/dataconnect\": could not find dataconnect.yaml in `/Volumes/mycode/Documents/GitHub/Ainor-Universe/dataconnect`\n"}}
[debug] [2026-07-01T16:40:46.197Z] E0701 22:10:46.196814    1492 watch.go:40] Failed to load config from "/Volumes/mycode/Documents/GitHub/Ainor-Universe/dataconnect": could not find dataconnect.yaml in `/Volumes/mycode/Documents/GitHub/Ainor-Universe/dataconnect`
 {"metadata":{"emulator":{"name":"dataconnect"},"message":"E0701 22:10:46.196814    1492 watch.go:40] Failed to load config from \"/Volumes/mycode/Documents/GitHub/Ainor-Universe/dataconnect\": could not find dataconnect.yaml in `/Volumes/mycode/Documents/GitHub/Ainor-Universe/dataconnect`\n"}}
[debug] [2026-07-01T16:40:56.197Z] E0701 22:10:56.196728    1492 watch.go:40] Failed to load config from "/Volumes/mycode/Documents/GitHub/Ainor-Universe/dataconnect": could not find dataconnect.yaml in `/Volumes/mycode/Documents/GitHub/Ainor-Universe/dataconnect`
 {"metadata":{"emulator":{"name":"dataconnect"},"message":"E0701 22:10:56.196728    1492 watch.go:40] Failed to load config from \"/Volumes/mycode/Documents/GitHub/Ainor-Universe/dataconnect\": could not find dataconnect.yaml in `/Volumes/mycode/Documents/GitHub/Ainor-Universe/dataconnect`\n"}}
[debug] [2026-07-01T16:41:06.197Z] E0701 22:11:06.196748    1492 watch.go:40] Failed to load config from "/Volumes/mycode/Documents/GitHub/Ainor-Universe/dataconnect": could not find dataconnect.yaml in `/Volumes/mycode/Documents/GitHub/Ainor-Universe/dataconnect`
E0701 22:11:06.196705    1492 watch.go:116] watchAllDir unable to walk dir `/Volumes/mycode/Documents/GitHub/Ainor-Universe/dataconnect`: lstat /Volumes/mycode/Documents/GitHub/Ainor-Universe/dataconnect: no such file or directory
 {"metadata":{"emulator":{"name":"dataconnect"},"message":"E0701 22:11:06.196748    1492 watch.go:40] Failed to load config from \"/Volumes/mycode/Documents/GitHub/Ainor-Universe/dataconnect\": could not find dataconnect.yaml in `/Volumes/mycode/Documents/GitHub/Ainor-Universe/dataconnect`\nE0701 22:11:06.196705    1492 watch.go:116] watchAllDir unable to walk dir `/Volumes/mycode/Documents/GitHub/Ainor-Universe/dataconnect`: lstat /Volumes/mycode/Documents/GitHub/Ainor-Universe/dataconnect: no such file or directory\n"}}
[debug] [2026-07-01T16:41:16.197Z] E0701 22:11:16.196839    1492 watch.go:40] Failed to load config from "/Volumes/mycode/Documents/GitHub/Ainor-Universe/dataconnect": could not find dataconnect.yaml in `/Volumes/mycode/Documents/GitHub/Ainor-Universe/dataconnect`
 {"metadata":{"emulator":{"name":"dataconnect"},"message":"E0701 22:11:16.196839    1492 watch.go:40] Failed to load config from \"/Volumes/mycode/Documents/GitHub/Ainor-Universe/dataconnect\": could not find dataconnect.yaml in `/Volumes/mycode/Documents/GitHub/Ainor-Universe/dataconnect`\n"}}
[debug] [2026-07-01T16:41:26.197Z] E0701 22:11:26.196812    1492 watch.go:40] Failed to load config from "/Volumes/mycode/Documents/GitHub/Ainor-Universe/dataconnect": could not find dataconnect.yaml in `/Volumes/mycode/Documents/GitHub/Ainor-Universe/dataconnect`
 {"metadata":{"emulator":{"name":"dataconnect"},"message":"E0701 22:11:26.196812    1492 watch.go:40] Failed to load config from \"/Volumes/mycode/Documents/GitHub/Ainor-Universe/dataconnect\": could not find dataconnect.yaml in `/Volumes/mycode/Documents/GitHub/Ainor-Universe/dataconnect`\n"}}
[debug] [2026-07-01T16:41:36.196Z] E0701 22:11:36.196686    1492 watch.go:40] Failed to load config from "/Volumes/mycode/Documents/GitHub/Ainor-Universe/dataconnect": could not find dataconnect.yaml in `/Volumes/mycode/Documents/GitHub/Ainor-Universe/dataconnect`
 {"metadata":{"emulator":{"name":"dataconnect"},"message":"E0701 22:11:36.196686    1492 watch.go:40] Failed to load config from \"/Volumes/mycode/Documents/GitHub/Ainor-Universe/dataconnect\": could not find dataconnect.yaml in `/Volumes/mycode/Documents/GitHub/Ainor-Universe/dataconnect`\n"}}
[debug] [2026-07-01T16:41:46.197Z] E0701 22:11:46.196804    1492 watch.go:40] Failed to load config from "/Volumes/mycode/Documents/GitHub/Ainor-Universe/dataconnect": could not find dataconnect.yaml in `/Volumes/mycode/Documents/GitHub/Ainor-Universe/dataconnect`
 {"metadata":{"emulator":{"name":"dataconnect"},"message":"E0701 22:11:46.196804    1492 watch.go:40] Failed to load config from \"/Volumes/mycode/Documents/GitHub/Ainor-Universe/dataconnect\": could not find dataconnect.yaml in `/Volumes/mycode/Documents/GitHub/Ainor-Universe/dataconnect`\n"}}
[debug] [2026-07-01T16:41:56.197Z] E0701 22:11:56.196806    1492 watch.go:40] Failed to load config from "/Volumes/mycode/Documents/GitHub/Ainor-Universe/dataconnect": could not find dataconnect.yaml in `/Volumes/mycode/Documents/GitHub/Ainor-Universe/dataconnect`
 {"metadata":{"emulator":{"name":"dataconnect"},"message":"E0701 22:11:56.196806    1492 watch.go:40] Failed to load config from \"/Volumes/mycode/Documents/GitHub/Ainor-Universe/dataconnect\": could not find dataconnect.yaml in `/Volumes/mycode/Documents/GitHub/Ainor-Universe/dataconnect`\n"}}
[debug] [2026-07-01T16:42:06.197Z] E0701 22:12:06.196720    1492 watch.go:116] watchAllDir unable to walk dir `/Volumes/mycode/Documents/GitHub/Ainor-Universe/dataconnect`: lstat /Volumes/mycode/Documents/GitHub/Ainor-Universe/dataconnect: no such file or directory
 {"metadata":{"emulator":{"name":"dataconnect"},"message":"E0701 22:12:06.196720    1492 watch.go:116] watchAllDir unable to walk dir `/Volumes/mycode/Documents/GitHub/Ainor-Universe/dataconnect`: lstat /Volumes/mycode/Documents/GitHub/Ainor-Universe/dataconnect: no such file or directory\n"}}
[debug] [2026-07-01T16:42:06.199Z] E0701 22:12:06.199167    1492 watch.go:40] Failed to load config from "/Volumes/mycode/Documents/GitHub/Ainor-Universe/dataconnect": could not find dataconnect.yaml in `/Volumes/mycode/Documents/GitHub/Ainor-Universe/dataconnect`
 {"metadata":{"emulator":{"name":"dataconnect"},"message":"E0701 22:12:06.199167    1492 watch.go:40] Failed to load config from \"/Volumes/mycode/Documents/GitHub/Ainor-Universe/dataconnect\": could not find dataconnect.yaml in `/Volumes/mycode/Documents/GitHub/Ainor-Universe/dataconnect`\n"}}
[debug] [2026-07-01T16:42:16.197Z] E0701 22:12:16.196888    1492 watch.go:40] Failed to load config from "/Volumes/mycode/Documents/GitHub/Ainor-Universe/dataconnect": could not find dataconnect.yaml in `/Volumes/mycode/Documents/GitHub/Ainor-Universe/dataconnect`
 {"metadata":{"emulator":{"name":"dataconnect"},"message":"E0701 22:12:16.196888    1492 watch.go:40] Failed to load config from \"/Volumes/mycode/Documents/GitHub/Ainor-Universe/dataconnect\": could not find dataconnect.yaml in `/Volumes/mycode/Documents/GitHub/Ainor-Universe/dataconnect`\n"}}
[debug] [2026-07-01T16:42:26.197Z] E0701 22:12:26.196943    1492 watch.go:40] Failed to load config from "/Volumes/mycode/Documents/GitHub/Ainor-Universe/dataconnect": could not find dataconnect.yaml in `/Volumes/mycode/Documents/GitHub/Ainor-Universe/dataconnect`
 {"metadata":{"emulator":{"name":"dataconnect"},"message":"E0701 22:12:26.196943    1492 watch.go:40] Failed to load config from \"/Volumes/mycode/Documents/GitHub/Ainor-Universe/dataconnect\": could not find dataconnect.yaml in `/Volumes/mycode/Documents/GitHub/Ainor-Universe/dataconnect`\n"}}
[debug] [2026-07-01T16:42:36.197Z] E0701 22:12:36.196871    1492 watch.go:40] Failed to load config from "/Volumes/mycode/Documents/GitHub/Ainor-Universe/dataconnect": could not find dataconnect.yaml in `/Volumes/mycode/Documents/GitHub/Ainor-Universe/dataconnect`
 {"metadata":{"emulator":{"name":"dataconnect"},"message":"E0701 22:12:36.196871    1492 watch.go:40] Failed to load config from \"/Volumes/mycode/Documents/GitHub/Ainor-Universe/dataconnect\": could not find dataconnect.yaml in `/Volumes/mycode/Documents/GitHub/Ainor-Universe/dataconnect`\n"}}
[debug] [2026-07-01T16:42:46.197Z] E0701 22:12:46.196941    1492 watch.go:40] Failed to load config from "/Volumes/mycode/Documents/GitHub/Ainor-Universe/dataconnect": could not find dataconnect.yaml in `/Volumes/mycode/Documents/GitHub/Ainor-Universe/dataconnect`
 {"metadata":{"emulator":{"name":"dataconnect"},"message":"E0701 22:12:46.196941    1492 watch.go:40] Failed to load config from \"/Volumes/mycode/Documents/GitHub/Ainor-Universe/dataconnect\": could not find dataconnect.yaml in `/Volumes/mycode/Documents/GitHub/Ainor-Universe/dataconnect`\n"}}
[debug] [2026-07-01T16:42:56.197Z] E0701 22:12:56.197005    1492 watch.go:40] Failed to load config from "/Volumes/mycode/Documents/GitHub/Ainor-Universe/dataconnect": could not find dataconnect.yaml in `/Volumes/mycode/Documents/GitHub/Ainor-Universe/dataconnect`
 {"metadata":{"emulator":{"name":"dataconnect"},"message":"E0701 22:12:56.197005    1492 watch.go:40] Failed to load config from \"/Volumes/mycode/Documents/GitHub/Ainor-Universe/dataconnect\": could not find dataconnect.yaml in `/Volumes/mycode/Documents/GitHub/Ainor-Universe/dataconnect`\n"}}
[debug] [2026-07-01T16:43:06.196Z] E0701 22:13:06.195945    1492 watch.go:40] Failed to load config from "/Volumes/mycode/Documents/GitHub/Ainor-Universe/dataconnect": could not find dataconnect.yaml in `/Volumes/mycode/Documents/GitHub/Ainor-Universe/dataconnect`
E0701 22:13:06.195949    1492 watch.go:116] watchAllDir unable to walk dir `/Volumes/mycode/Documents/GitHub/Ainor-Universe/dataconnect`: lstat /Volumes/mycode/Documents/GitHub/Ainor-Universe/dataconnect: no such file or directory
 {"metadata":{"emulator":{"name":"dataconnect"},"message":"E0701 22:13:06.195945    1492 watch.go:40] Failed to load config from \"/Volumes/mycode/Documents/GitHub/Ainor-Universe/dataconnect\": could not find dataconnect.yaml in `/Volumes/mycode/Documents/GitHub/Ainor-Universe/dataconnect`\nE0701 22:13:06.195949    1492 watch.go:116] watchAllDir unable to walk dir `/Volumes/mycode/Documents/GitHub/Ainor-Universe/dataconnect`: lstat /Volumes/mycode/Documents/GitHub/Ainor-Universe/dataconnect: no such file or directory\n"}}
[debug] [2026-07-01T16:43:16.197Z] E0701 22:13:16.196974    1492 watch.go:40] Failed to load config from "/Volumes/mycode/Documents/GitHub/Ainor-Universe/dataconnect": could not find dataconnect.yaml in `/Volumes/mycode/Documents/GitHub/Ainor-Universe/dataconnect`
 {"metadata":{"emulator":{"name":"dataconnect"},"message":"E0701 22:13:16.196974    1492 watch.go:40] Failed to load config from \"/Volumes/mycode/Documents/GitHub/Ainor-Universe/dataconnect\": could not find dataconnect.yaml in `/Volumes/mycode/Documents/GitHub/Ainor-Universe/dataconnect`\n"}}
[debug] [2026-07-01T16:43:26.197Z] E0701 22:13:26.196930    1492 watch.go:40] Failed to load config from "/Volumes/mycode/Documents/GitHub/Ainor-Universe/dataconnect": could not find dataconnect.yaml in `/Volumes/mycode/Documents/GitHub/Ainor-Universe/dataconnect`
 {"metadata":{"emulator":{"name":"dataconnect"},"message":"E0701 22:13:26.196930    1492 watch.go:40] Failed to load config from \"/Volumes/mycode/Documents/GitHub/Ainor-Universe/dataconnect\": could not find dataconnect.yaml in `/Volumes/mycode/Documents/GitHub/Ainor-Universe/dataconnect`\n"}}
[debug] [2026-07-01T16:43:36.196Z] E0701 22:13:36.196029    1492 watch.go:40] Failed to load config from "/Volumes/mycode/Documents/GitHub/Ainor-Universe/dataconnect": could not find dataconnect.yaml in `/Volumes/mycode/Documents/GitHub/Ainor-Universe/dataconnect`
 {"metadata":{"emulator":{"name":"dataconnect"},"message":"E0701 22:13:36.196029    1492 watch.go:40] Failed to load config from \"/Volumes/mycode/Documents/GitHub/Ainor-Universe/dataconnect\": could not find dataconnect.yaml in `/Volumes/mycode/Documents/GitHub/Ainor-Universe/dataconnect`\n"}}
[debug] [2026-07-01T16:43:46.197Z] E0701 22:13:46.197090    1492 watch.go:40] Failed to load config from "/Volumes/mycode/Documents/GitHub/Ainor-Universe/dataconnect": could not find dataconnect.yaml in `/Volumes/mycode/Documents/GitHub/Ainor-Universe/dataconnect`
 {"metadata":{"emulator":{"name":"dataconnect"},"message":"E0701 22:13:46.197090    1492 watch.go:40] Failed to load config from \"/Volumes/mycode/Documents/GitHub/Ainor-Universe/dataconnect\": could not find dataconnect.yaml in `/Volumes/mycode/Documents/GitHub/Ainor-Universe/dataconnect`\n"}}
[debug] [2026-07-01T16:43:56.292Z] E0701 22:13:56.292559    1492 watch.go:40] Failed to load config from "/Volumes/mycode/Documents/GitHub/Ainor-Universe/dataconnect": could not find dataconnect.yaml in `/Volumes/mycode/Documents/GitHub/Ainor-Universe/dataconnect`
 {"metadata":{"emulator":{"name":"dataconnect"},"message":"E0701 22:13:56.292559    1492 watch.go:40] Failed to load config from \"/Volumes/mycode/Documents/GitHub/Ainor-Universe/dataconnect\": could not find dataconnect.yaml in `/Volumes/mycode/Documents/GitHub/Ainor-Universe/dataconnect`\n"}}
[debug] [2026-07-01T16:44:06.292Z] E0701 22:14:06.292573    1492 watch.go:40] Failed to load config from "/Volumes/mycode/Documents/GitHub/Ainor-Universe/dataconnect": could not find dataconnect.yaml in `/Volumes/mycode/Documents/GitHub/Ainor-Universe/dataconnect`
E0701 22:14:06.292529    1492 watch.go:116] watchAllDir unable to walk dir `/Volumes/mycode/Documents/GitHub/Ainor-Universe/dataconnect`: lstat /Volumes/mycode/Documents/GitHub/Ainor-Universe/dataconnect: no such file or directory
 {"metadata":{"emulator":{"name":"dataconnect"},"message":"E0701 22:14:06.292573    1492 watch.go:40] Failed to load config from \"/Volumes/mycode/Documents/GitHub/Ainor-Universe/dataconnect\": could not find dataconnect.yaml in `/Volumes/mycode/Documents/GitHub/Ainor-Universe/dataconnect`\nE0701 22:14:06.292529    1492 watch.go:116] watchAllDir unable to walk dir `/Volumes/mycode/Documents/GitHub/Ainor-Universe/dataconnect`: lstat /Volumes/mycode/Documents/GitHub/Ainor-Universe/dataconnect: no such file or directory\n"}}
[debug] [2026-07-01T16:44:16.293Z] E0701 22:14:16.293250    1492 watch.go:40] Failed to load config from "/Volumes/mycode/Documents/GitHub/Ainor-Universe/dataconnect": could not find dataconnect.yaml in `/Volumes/mycode/Documents/GitHub/Ainor-Universe/dataconnect`
 {"metadata":{"emulator":{"name":"dataconnect"},"message":"E0701 22:14:16.293250    1492 watch.go:40] Failed to load config from \"/Volumes/mycode/Documents/GitHub/Ainor-Universe/dataconnect\": could not find dataconnect.yaml in `/Volumes/mycode/Documents/GitHub/Ainor-Universe/dataconnect`\n"}}
[debug] [2026-07-01T16:44:26.293Z] E0701 22:14:26.292848    1492 watch.go:40] Failed to load config from "/Volumes/mycode/Documents/GitHub/Ainor-Universe/dataconnect": could not find dataconnect.yaml in `/Volumes/mycode/Documents/GitHub/Ainor-Universe/dataconnect`
 {"metadata":{"emulator":{"name":"dataconnect"},"message":"E0701 22:14:26.292848    1492 watch.go:40] Failed to load config from \"/Volumes/mycode/Documents/GitHub/Ainor-Universe/dataconnect\": could not find dataconnect.yaml in `/Volumes/mycode/Documents/GitHub/Ainor-Universe/dataconnect`\n"}}
[debug] [2026-07-01T16:44:36.293Z] E0701 22:14:36.292875    1492 watch.go:40] Failed to load config from "/Volumes/mycode/Documents/GitHub/Ainor-Universe/dataconnect": could not find dataconnect.yaml in `/Volumes/mycode/Documents/GitHub/Ainor-Universe/dataconnect`
 {"metadata":{"emulator":{"name":"dataconnect"},"message":"E0701 22:14:36.292875    1492 watch.go:40] Failed to load config from \"/Volumes/mycode/Documents/GitHub/Ainor-Universe/dataconnect\": could not find dataconnect.yaml in `/Volumes/mycode/Documents/GitHub/Ainor-Universe/dataconnect`\n"}}
[debug] [2026-07-01T16:44:46.293Z] E0701 22:14:46.292997    1492 watch.go:40] Failed to load config from "/Volumes/mycode/Documents/GitHub/Ainor-Universe/dataconnect": could not find dataconnect.yaml in `/Volumes/mycode/Documents/GitHub/Ainor-Universe/dataconnect`
 {"metadata":{"emulator":{"name":"dataconnect"},"message":"E0701 22:14:46.292997    1492 watch.go:40] Failed to load config from \"/Volumes/mycode/Documents/GitHub/Ainor-Universe/dataconnect\": could not find dataconnect.yaml in `/Volumes/mycode/Documents/GitHub/Ainor-Universe/dataconnect`\n"}}
[debug] [2026-07-01T16:44:56.293Z] E0701 22:14:56.293110    1492 watch.go:40] Failed to load config from "/Volumes/mycode/Documents/GitHub/Ainor-Universe/dataconnect": could not find dataconnect.yaml in `/Volumes/mycode/Documents/GitHub/Ainor-Universe/dataconnect`
 {"metadata":{"emulator":{"name":"dataconnect"},"message":"E0701 22:14:56.293110    1492 watch.go:40] Failed to load config from \"/Volumes/mycode/Documents/GitHub/Ainor-Universe/dataconnect\": could not find dataconnect.yaml in `/Volumes/mycode/Documents/GitHub/Ainor-Universe/dataconnect`\n"}}
[debug] [2026-07-01T16:45:06.293Z] E0701 22:15:06.293089    1492 watch.go:40] Failed to load config from "/Volumes/mycode/Documents/GitHub/Ainor-Universe/dataconnect": could not find dataconnect.yaml in `/Volumes/mycode/Documents/GitHub/Ainor-Universe/dataconnect`
E0701 22:15:06.293040    1492 watch.go:116] watchAllDir unable to walk dir `/Volumes/mycode/Documents/GitHub/Ainor-Universe/dataconnect`: lstat /Volumes/mycode/Documents/GitHub/Ainor-Universe/dataconnect: no such file or directory
 {"metadata":{"emulator":{"name":"dataconnect"},"message":"E0701 22:15:06.293089    1492 watch.go:40] Failed to load config from \"/Volumes/mycode/Documents/GitHub/Ainor-Universe/dataconnect\": could not find dataconnect.yaml in `/Volumes/mycode/Documents/GitHub/Ainor-Universe/dataconnect`\nE0701 22:15:06.293040    1492 watch.go:116] watchAllDir unable to walk dir `/Volumes/mycode/Documents/GitHub/Ainor-Universe/dataconnect`: lstat /Volumes/mycode/Documents/GitHub/Ainor-Universe/dataconnect: no such file or directory\n"}}
[debug] [2026-07-01T16:45:16.293Z] E0701 22:15:16.293229    1492 watch.go:40] Failed to load config from "/Volumes/mycode/Documents/GitHub/Ainor-Universe/dataconnect": could not find dataconnect.yaml in `/Volumes/mycode/Documents/GitHub/Ainor-Universe/dataconnect`
 {"metadata":{"emulator":{"name":"dataconnect"},"message":"E0701 22:15:16.293229    1492 watch.go:40] Failed to load config from \"/Volumes/mycode/Documents/GitHub/Ainor-Universe/dataconnect\": could not find dataconnect.yaml in `/Volumes/mycode/Documents/GitHub/Ainor-Universe/dataconnect`\n"}}
[debug] [2026-07-01T16:45:26.293Z] E0701 22:15:26.293289    1492 watch.go:40] Failed to load config from "/Volumes/mycode/Documents/GitHub/Ainor-Universe/dataconnect": could not find dataconnect.yaml in `/Volumes/mycode/Documents/GitHub/Ainor-Universe/dataconnect`
 {"metadata":{"emulator":{"name":"dataconnect"},"message":"E0701 22:15:26.293289    1492 watch.go:40] Failed to load config from \"/Volumes/mycode/Documents/GitHub/Ainor-Universe/dataconnect\": could not find dataconnect.yaml in `/Volumes/mycode/Documents/GitHub/Ainor-Universe/dataconnect`\n"}}
[debug] [2026-07-01T16:45:36.293Z] E0701 22:15:36.293367    1492 watch.go:40] Failed to load config from "/Volumes/mycode/Documents/GitHub/Ainor-Universe/dataconnect": could not find dataconnect.yaml in `/Volumes/mycode/Documents/GitHub/Ainor-Universe/dataconnect`
 {"metadata":{"emulator":{"name":"dataconnect"},"message":"E0701 22:15:36.293367    1492 watch.go:40] Failed to load config from \"/Volumes/mycode/Documents/GitHub/Ainor-Universe/dataconnect\": could not find dataconnect.yaml in `/Volumes/mycode/Documents/GitHub/Ainor-Universe/dataconnect`\n"}}
[debug] [2026-07-01T16:45:46.293Z] E0701 22:15:46.293527    1492 watch.go:40] Failed to load config from "/Volumes/mycode/Documents/GitHub/Ainor-Universe/dataconnect": could not find dataconnect.yaml in `/Volumes/mycode/Documents/GitHub/Ainor-Universe/dataconnect`
 {"metadata":{"emulator":{"name":"dataconnect"},"message":"E0701 22:15:46.293527    1492 watch.go:40] Failed to load config from \"/Volumes/mycode/Documents/GitHub/Ainor-Universe/dataconnect\": could not find dataconnect.yaml in `/Volumes/mycode/Documents/GitHub/Ainor-Universe/dataconnect`\n"}}
[debug] [2026-07-01T16:45:56.294Z] E0701 22:15:56.293673    1492 watch.go:40] Failed to load config from "/Volumes/mycode/Documents/GitHub/Ainor-Universe/dataconnect": could not find dataconnect.yaml in `/Volumes/mycode/Documents/GitHub/Ainor-Universe/dataconnect`
 {"metadata":{"emulator":{"name":"dataconnect"},"message":"E0701 22:15:56.293673    1492 watch.go:40] Failed to load config from \"/Volumes/mycode/Documents/GitHub/Ainor-Universe/dataconnect\": could not find dataconnect.yaml in `/Volumes/mycode/Documents/GitHub/Ainor-Universe/dataconnect`\n"}}
[debug] [2026-07-01T16:46:06.293Z] E0701 22:16:06.293583    1492 watch.go:40] Failed to load config from "/Volumes/mycode/Documents/GitHub/Ainor-Universe/dataconnect": could not find dataconnect.yaml in `/Volumes/mycode/Documents/GitHub/Ainor-Universe/dataconnect`
E0701 22:16:06.293532    1492 watch.go:116] watchAllDir unable to walk dir `/Volumes/mycode/Documents/GitHub/Ainor-Universe/dataconnect`: lstat /Volumes/mycode/Documents/GitHub/Ainor-Universe/dataconnect: no such file or directory
 {"metadata":{"emulator":{"name":"dataconnect"},"message":"E0701 22:16:06.293583    1492 watch.go:40] Failed to load config from \"/Volumes/mycode/Documents/GitHub/Ainor-Universe/dataconnect\": could not find dataconnect.yaml in `/Volumes/mycode/Documents/GitHub/Ainor-Universe/dataconnect`\nE0701 22:16:06.293532    1492 watch.go:116] watchAllDir unable to walk dir `/Volumes/mycode/Documents/GitHub/Ainor-Universe/dataconnect`: lstat /Volumes/mycode/Documents/GitHub/Ainor-Universe/dataconnect: no such file or directory\n"}}
[debug] [2026-07-01T16:46:16.294Z] E0701 22:16:16.293786    1492 watch.go:40] Failed to load config from "/Volumes/mycode/Documents/GitHub/Ainor-Universe/dataconnect": could not find dataconnect.yaml in `/Volumes/mycode/Documents/GitHub/Ainor-Universe/dataconnect`
 {"metadata":{"emulator":{"name":"dataconnect"},"message":"E0701 22:16:16.293786    1492 watch.go:40] Failed to load config from \"/Volumes/mycode/Documents/GitHub/Ainor-Universe/dataconnect\": could not find dataconnect.yaml in `/Volumes/mycode/Documents/GitHub/Ainor-Universe/dataconnect`\n"}}
[debug] [2026-07-01T16:46:26.293Z] E0701 22:16:26.293319    1492 watch.go:40] Failed to load config from "/Volumes/mycode/Documents/GitHub/Ainor-Universe/dataconnect": could not find dataconnect.yaml in `/Volumes/mycode/Documents/GitHub/Ainor-Universe/dataconnect`
 {"metadata":{"emulator":{"name":"dataconnect"},"message":"E0701 22:16:26.293319    1492 watch.go:40] Failed to load config from \"/Volumes/mycode/Documents/GitHub/Ainor-Universe/dataconnect\": could not find dataconnect.yaml in `/Volumes/mycode/Documents/GitHub/Ainor-Universe/dataconnect`\n"}}
[debug] [2026-07-01T16:46:36.294Z] E0701 22:16:36.293853    1492 watch.go:40] Failed to load config from "/Volumes/mycode/Documents/GitHub/Ainor-Universe/dataconnect": could not find dataconnect.yaml in `/Volumes/mycode/Documents/GitHub/Ainor-Universe/dataconnect`
 {"metadata":{"emulator":{"name":"dataconnect"},"message":"E0701 22:16:36.293853    1492 watch.go:40] Failed to load config from \"/Volumes/mycode/Documents/GitHub/Ainor-Universe/dataconnect\": could not find dataconnect.yaml in `/Volumes/mycode/Documents/GitHub/Ainor-Universe/dataconnect`\n"}}
[debug] [2026-07-01T16:46:46.293Z] E0701 22:16:46.293299    1492 watch.go:40] Failed to load config from "/Volumes/mycode/Documents/GitHub/Ainor-Universe/dataconnect": could not find dataconnect.yaml in `/Volumes/mycode/Documents/GitHub/Ainor-Universe/dataconnect`
 {"metadata":{"emulator":{"name":"dataconnect"},"message":"E0701 22:16:46.293299    1492 watch.go:40] Failed to load config from \"/Volumes/mycode/Documents/GitHub/Ainor-Universe/dataconnect\": could not find dataconnect.yaml in `/Volumes/mycode/Documents/GitHub/Ainor-Universe/dataconnect`\n"}}
[debug] [2026-07-01T16:46:56.294Z] E0701 22:16:56.294118    1492 watch.go:40] Failed to load config from "/Volumes/mycode/Documents/GitHub/Ainor-Universe/dataconnect": could not find dataconnect.yaml in `/Volumes/mycode/Documents/GitHub/Ainor-Universe/dataconnect`
 {"metadata":{"emulator":{"name":"dataconnect"},"message":"E0701 22:16:56.294118    1492 watch.go:40] Failed to load config from \"/Volumes/mycode/Documents/GitHub/Ainor-Universe/dataconnect\": could not find dataconnect.yaml in `/Volumes/mycode/Documents/GitHub/Ainor-Universe/dataconnect`\n"}}
[debug] [2026-07-01T16:47:06.294Z] E0701 22:17:06.294155    1492 watch.go:40] Failed to load config from "/Volumes/mycode/Documents/GitHub/Ainor-Universe/dataconnect": could not find dataconnect.yaml in `/Volumes/mycode/Documents/GitHub/Ainor-Universe/dataconnect`
E0701 22:17:06.294123    1492 watch.go:116] watchAllDir unable to walk dir `/Volumes/mycode/Documents/GitHub/Ainor-Universe/dataconnect`: lstat /Volumes/mycode/Documents/GitHub/Ainor-Universe/dataconnect: no such file or directory
 {"metadata":{"emulator":{"name":"dataconnect"},"message":"E0701 22:17:06.294155    1492 watch.go:40] Failed to load config from \"/Volumes/mycode/Documents/GitHub/Ainor-Universe/dataconnect\": could not find dataconnect.yaml in `/Volumes/mycode/Documents/GitHub/Ainor-Universe/dataconnect`\nE0701 22:17:06.294123    1492 watch.go:116] watchAllDir unable to walk dir `/Volumes/mycode/Documents/GitHub/Ainor-Universe/dataconnect`: lstat /Volumes/mycode/Documents/GitHub/Ainor-Universe/dataconnect: no such file or directory\n"}}
[debug] [2026-07-01T16:47:16.294Z] E0701 22:17:16.294314    1492 watch.go:40] Failed to load config from "/Volumes/mycode/Documents/GitHub/Ainor-Universe/dataconnect": could not find dataconnect.yaml in `/Volumes/mycode/Documents/GitHub/Ainor-Universe/dataconnect`
 {"metadata":{"emulator":{"name":"dataconnect"},"message":"E0701 22:17:16.294314    1492 watch.go:40] Failed to load config from \"/Volumes/mycode/Documents/GitHub/Ainor-Universe/dataconnect\": could not find dataconnect.yaml in `/Volumes/mycode/Documents/GitHub/Ainor-Universe/dataconnect`\n"}}
[debug] [2026-07-01T16:47:26.294Z] E0701 22:17:26.294403    1492 watch.go:40] Failed to load config from "/Volumes/mycode/Documents/GitHub/Ainor-Universe/dataconnect": could not find dataconnect.yaml in `/Volumes/mycode/Documents/GitHub/Ainor-Universe/dataconnect`
 {"metadata":{"emulator":{"name":"dataconnect"},"message":"E0701 22:17:26.294403    1492 watch.go:40] Failed to load config from \"/Volumes/mycode/Documents/GitHub/Ainor-Universe/dataconnect\": could not find dataconnect.yaml in `/Volumes/mycode/Documents/GitHub/Ainor-Universe/dataconnect`\n"}}
[debug] [2026-07-01T16:47:36.294Z] E0701 22:17:36.293824    1492 watch.go:40] Failed to load config from "/Volumes/mycode/Documents/GitHub/Ainor-Universe/dataconnect": could not find dataconnect.yaml in `/Volumes/mycode/Documents/GitHub/Ainor-Universe/dataconnect`
 {"metadata":{"emulator":{"name":"dataconnect"},"message":"E0701 22:17:36.293824    1492 watch.go:40] Failed to load config from \"/Volumes/mycode/Documents/GitHub/Ainor-Universe/dataconnect\": could not find dataconnect.yaml in `/Volumes/mycode/Documents/GitHub/Ainor-Universe/dataconnect`\n"}}
[debug] [2026-07-01T16:47:46.294Z] E0701 22:17:46.294556    1492 watch.go:40] Failed to load config from "/Volumes/mycode/Documents/GitHub/Ainor-Universe/dataconnect": could not find dataconnect.yaml in `/Volumes/mycode/Documents/GitHub/Ainor-Universe/dataconnect`
 {"metadata":{"emulator":{"name":"dataconnect"},"message":"E0701 22:17:46.294556    1492 watch.go:40] Failed to load config from \"/Volumes/mycode/Documents/GitHub/Ainor-Universe/dataconnect\": could not find dataconnect.yaml in `/Volumes/mycode/Documents/GitHub/Ainor-Universe/dataconnect`\n"}}
[debug] [2026-07-01T16:47:56.294Z] E0701 22:17:56.294681    1492 watch.go:40] Failed to load config from "/Volumes/mycode/Documents/GitHub/Ainor-Universe/dataconnect": could not find dataconnect.yaml in `/Volumes/mycode/Documents/GitHub/Ainor-Universe/dataconnect`
 {"metadata":{"emulator":{"name":"dataconnect"},"message":"E0701 22:17:56.294681    1492 watch.go:40] Failed to load config from \"/Volumes/mycode/Documents/GitHub/Ainor-Universe/dataconnect\": could not find dataconnect.yaml in `/Volumes/mycode/Documents/GitHub/Ainor-Universe/dataconnect`\n"}}
[debug] [2026-07-01T16:48:06.294Z] E0701 22:18:06.294672    1492 watch.go:40] Failed to load config from "/Volumes/mycode/Documents/GitHub/Ainor-Universe/dataconnect": could not find dataconnect.yaml in `/Volumes/mycode/Documents/GitHub/Ainor-Universe/dataconnect`
E0701 22:18:06.294623    1492 watch.go:116] watchAllDir unable to walk dir `/Volumes/mycode/Documents/GitHub/Ainor-Universe/dataconnect`: lstat /Volumes/mycode/Documents/GitHub/Ainor-Universe/dataconnect: no such file or directory
 {"metadata":{"emulator":{"name":"dataconnect"},"message":"E0701 22:18:06.294672    1492 watch.go:40] Failed to load config from \"/Volumes/mycode/Documents/GitHub/Ainor-Universe/dataconnect\": could not find dataconnect.yaml in `/Volumes/mycode/Documents/GitHub/Ainor-Universe/dataconnect`\nE0701 22:18:06.294623    1492 watch.go:116] watchAllDir unable to walk dir `/Volumes/mycode/Documents/GitHub/Ainor-Universe/dataconnect`: lstat /Volumes/mycode/Documents/GitHub/Ainor-Universe/dataconnect: no such file or directory\n"}}
[debug] [2026-07-01T16:48:16.295Z] E0701 22:18:16.294827    1492 watch.go:40] Failed to load config from "/Volumes/mycode/Documents/GitHub/Ainor-Universe/dataconnect": could not find dataconnect.yaml in `/Volumes/mycode/Documents/GitHub/Ainor-Universe/dataconnect`
 {"metadata":{"emulator":{"name":"dataconnect"},"message":"E0701 22:18:16.294827    1492 watch.go:40] Failed to load config from \"/Volumes/mycode/Documents/GitHub/Ainor-Universe/dataconnect\": could not find dataconnect.yaml in `/Volumes/mycode/Documents/GitHub/Ainor-Universe/dataconnect`\n"}}
[debug] [2026-07-01T16:48:26.294Z] E0701 22:18:26.294310    1492 watch.go:40] Failed to load config from "/Volumes/mycode/Documents/GitHub/Ainor-Universe/dataconnect": could not find dataconnect.yaml in `/Volumes/mycode/Documents/GitHub/Ainor-Universe/dataconnect`
 {"metadata":{"emulator":{"name":"dataconnect"},"message":"E0701 22:18:26.294310    1492 watch.go:40] Failed to load config from \"/Volumes/mycode/Documents/GitHub/Ainor-Universe/dataconnect\": could not find dataconnect.yaml in `/Volumes/mycode/Documents/GitHub/Ainor-Universe/dataconnect`\n"}}
[debug] [2026-07-01T16:48:36.295Z] E0701 22:18:36.294927    1492 watch.go:40] Failed to load config from "/Volumes/mycode/Documents/GitHub/Ainor-Universe/dataconnect": could not find dataconnect.yaml in `/Volumes/mycode/Documents/GitHub/Ainor-Universe/dataconnect`
 {"metadata":{"emulator":{"name":"dataconnect"},"message":"E0701 22:18:36.294927    1492 watch.go:40] Failed to load config from \"/Volumes/mycode/Documents/GitHub/Ainor-Universe/dataconnect\": could not find dataconnect.yaml in `/Volumes/mycode/Documents/GitHub/Ainor-Universe/dataconnect`\n"}}
[debug] [2026-07-01T16:48:46.295Z] E0701 22:18:46.294984    1492 watch.go:40] Failed to load config from "/Volumes/mycode/Documents/GitHub/Ainor-Universe/dataconnect": could not find dataconnect.yaml in `/Volumes/mycode/Documents/GitHub/Ainor-Universe/dataconnect`
 {"metadata":{"emulator":{"name":"dataconnect"},"message":"E0701 22:18:46.294984    1492 watch.go:40] Failed to load config from \"/Volumes/mycode/Documents/GitHub/Ainor-Universe/dataconnect\": could not find dataconnect.yaml in `/Volumes/mycode/Documents/GitHub/Ainor-Universe/dataconnect`\n"}}
[debug] [2026-07-01T16:48:56.295Z] E0701 22:18:56.295159    1492 watch.go:40] Failed to load config from "/Volumes/mycode/Documents/GitHub/Ainor-Universe/dataconnect": could not find dataconnect.yaml in `/Volumes/mycode/Documents/GitHub/Ainor-Universe/dataconnect`
 {"metadata":{"emulator":{"name":"dataconnect"},"message":"E0701 22:18:56.295159    1492 watch.go:40] Failed to load config from \"/Volumes/mycode/Documents/GitHub/Ainor-Universe/dataconnect\": could not find dataconnect.yaml in `/Volumes/mycode/Documents/GitHub/Ainor-Universe/dataconnect`\n"}}
[debug] [2026-07-01T16:49:06.295Z] E0701 22:19:06.295127    1492 watch.go:116] watchAllDir unable to walk dir `/Volumes/mycode/Documents/GitHub/Ainor-Universe/dataconnect`: lstat /Volumes/mycode/Documents/GitHub/Ainor-Universe/dataconnect: no such file or directory
E0701 22:19:06.295142    1492 watch.go:40] Failed to load config from "/Volumes/mycode/Documents/GitHub/Ainor-Universe/dataconnect": could not find dataconnect.yaml in `/Volumes/mycode/Documents/GitHub/Ainor-Universe/dataconnect`
 {"metadata":{"emulator":{"name":"dataconnect"},"message":"E0701 22:19:06.295127    1492 watch.go:116] watchAllDir unable to walk dir `/Volumes/mycode/Documents/GitHub/Ainor-Universe/dataconnect`: lstat /Volumes/mycode/Documents/GitHub/Ainor-Universe/dataconnect: no such file or directory\nE0701 22:19:06.295142    1492 watch.go:40] Failed to load config from \"/Volumes/mycode/Documents/GitHub/Ainor-Universe/dataconnect\": could not find dataconnect.yaml in `/Volumes/mycode/Documents/GitHub/Ainor-Universe/dataconnect`\n"}}
[debug] [2026-07-01T16:49:16.295Z] E0701 22:19:16.295295    1492 watch.go:40] Failed to load config from "/Volumes/mycode/Documents/GitHub/Ainor-Universe/dataconnect": could not find dataconnect.yaml in `/Volumes/mycode/Documents/GitHub/Ainor-Universe/dataconnect`
 {"metadata":{"emulator":{"name":"dataconnect"},"message":"E0701 22:19:16.295295    1492 watch.go:40] Failed to load config from \"/Volumes/mycode/Documents/GitHub/Ainor-Universe/dataconnect\": could not find dataconnect.yaml in `/Volumes/mycode/Documents/GitHub/Ainor-Universe/dataconnect`\n"}}
[debug] [2026-07-01T16:49:26.295Z] E0701 22:19:26.295421    1492 watch.go:40] Failed to load config from "/Volumes/mycode/Documents/GitHub/Ainor-Universe/dataconnect": could not find dataconnect.yaml in `/Volumes/mycode/Documents/GitHub/Ainor-Universe/dataconnect`
 {"metadata":{"emulator":{"name":"dataconnect"},"message":"E0701 22:19:26.295421    1492 watch.go:40] Failed to load config from \"/Volumes/mycode/Documents/GitHub/Ainor-Universe/dataconnect\": could not find dataconnect.yaml in `/Volumes/mycode/Documents/GitHub/Ainor-Universe/dataconnect`\n"}}
[debug] [2026-07-01T16:49:36.295Z] E0701 22:19:36.295529    1492 watch.go:40] Failed to load config from "/Volumes/mycode/Documents/GitHub/Ainor-Universe/dataconnect": could not find dataconnect.yaml in `/Volumes/mycode/Documents/GitHub/Ainor-Universe/dataconnect`
 {"metadata":{"emulator":{"name":"dataconnect"},"message":"E0701 22:19:36.295529    1492 watch.go:40] Failed to load config from \"/Volumes/mycode/Documents/GitHub/Ainor-Universe/dataconnect\": could not find dataconnect.yaml in `/Volumes/mycode/Documents/GitHub/Ainor-Universe/dataconnect`\n"}}
[debug] [2026-07-01T16:49:46.295Z] E0701 22:19:46.295544    1492 watch.go:40] Failed to load config from "/Volumes/mycode/Documents/GitHub/Ainor-Universe/dataconnect": could not find dataconnect.yaml in `/Volumes/mycode/Documents/GitHub/Ainor-Universe/dataconnect`
 {"metadata":{"emulator":{"name":"dataconnect"},"message":"E0701 22:19:46.295544    1492 watch.go:40] Failed to load config from \"/Volumes/mycode/Documents/GitHub/Ainor-Universe/dataconnect\": could not find dataconnect.yaml in `/Volumes/mycode/Documents/GitHub/Ainor-Universe/dataconnect`\n"}}
[debug] [2026-07-01T16:49:56.295Z] E0701 22:19:56.295193    1492 watch.go:40] Failed to load config from "/Volumes/mycode/Documents/GitHub/Ainor-Universe/dataconnect": could not find dataconnect.yaml in `/Volumes/mycode/Documents/GitHub/Ainor-Universe/dataconnect`
 {"metadata":{"emulator":{"name":"dataconnect"},"message":"E0701 22:19:56.295193    1492 watch.go:40] Failed to load config from \"/Volumes/mycode/Documents/GitHub/Ainor-Universe/dataconnect\": could not find dataconnect.yaml in `/Volumes/mycode/Documents/GitHub/Ainor-Universe/dataconnect`\n"}}
[debug] [2026-07-01T16:50:06.295Z] E0701 22:20:06.295660    1492 watch.go:40] Failed to load config from "/Volumes/mycode/Documents/GitHub/Ainor-Universe/dataconnect": could not find dataconnect.yaml in `/Volumes/mycode/Documents/GitHub/Ainor-Universe/dataconnect`
E0701 22:20:06.295609    1492 watch.go:116] watchAllDir unable to walk dir `/Volumes/mycode/Documents/GitHub/Ainor-Universe/dataconnect`: lstat /Volumes/mycode/Documents/GitHub/Ainor-Universe/dataconnect: no such file or directory
 {"metadata":{"emulator":{"name":"dataconnect"},"message":"E0701 22:20:06.295660    1492 watch.go:40] Failed to load config from \"/Volumes/mycode/Documents/GitHub/Ainor-Universe/dataconnect\": could not find dataconnect.yaml in `/Volumes/mycode/Documents/GitHub/Ainor-Universe/dataconnect`\nE0701 22:20:06.295609    1492 watch.go:116] watchAllDir unable to walk dir `/Volumes/mycode/Documents/GitHub/Ainor-Universe/dataconnect`: lstat /Volumes/mycode/Documents/GitHub/Ainor-Universe/dataconnect: no such file or directory\n"}}
[debug] [2026-07-01T16:50:16.296Z] E0701 22:20:16.295767    1492 watch.go:40] Failed to load config from "/Volumes/mycode/Documents/GitHub/Ainor-Universe/dataconnect": could not find dataconnect.yaml in `/Volumes/mycode/Documents/GitHub/Ainor-Universe/dataconnect`
 {"metadata":{"emulator":{"name":"dataconnect"},"message":"E0701 22:20:16.295767    1492 watch.go:40] Failed to load config from \"/Volumes/mycode/Documents/GitHub/Ainor-Universe/dataconnect\": could not find dataconnect.yaml in `/Volumes/mycode/Documents/GitHub/Ainor-Universe/dataconnect`\n"}}
[debug] [2026-07-01T16:50:26.296Z] E0701 22:20:26.295987    1492 watch.go:40] Failed to load config from "/Volumes/mycode/Documents/GitHub/Ainor-Universe/dataconnect": could not find dataconnect.yaml in `/Volumes/mycode/Documents/GitHub/Ainor-Universe/dataconnect`
 {"metadata":{"emulator":{"name":"dataconnect"},"message":"E0701 22:20:26.295987    1492 watch.go:40] Failed to load config from \"/Volumes/mycode/Documents/GitHub/Ainor-Universe/dataconnect\": could not find dataconnect.yaml in `/Volumes/mycode/Documents/GitHub/Ainor-Universe/dataconnect`\n"}}
[debug] [2026-07-01T16:50:36.296Z] E0701 22:20:36.296280    1492 watch.go:40] Failed to load config from "/Volumes/mycode/Documents/GitHub/Ainor-Universe/dataconnect": could not find dataconnect.yaml in `/Volumes/mycode/Documents/GitHub/Ainor-Universe/dataconnect`
 {"metadata":{"emulator":{"name":"dataconnect"},"message":"E0701 22:20:36.296280    1492 watch.go:40] Failed to load config from \"/Volumes/mycode/Documents/GitHub/Ainor-Universe/dataconnect\": could not find dataconnect.yaml in `/Volumes/mycode/Documents/GitHub/Ainor-Universe/dataconnect`\n"}}
[debug] [2026-07-01T16:50:46.296Z] E0701 22:20:46.296193    1492 watch.go:40] Failed to load config from "/Volumes/mycode/Documents/GitHub/Ainor-Universe/dataconnect": could not find dataconnect.yaml in `/Volumes/mycode/Documents/GitHub/Ainor-Universe/dataconnect`
 {"metadata":{"emulator":{"name":"dataconnect"},"message":"E0701 22:20:46.296193    1492 watch.go:40] Failed to load config from \"/Volumes/mycode/Documents/GitHub/Ainor-Universe/dataconnect\": could not find dataconnect.yaml in `/Volumes/mycode/Documents/GitHub/Ainor-Universe/dataconnect`\n"}}
[debug] [2026-07-01T16:50:56.296Z] E0701 22:20:56.296188    1492 watch.go:40] Failed to load config from "/Volumes/mycode/Documents/GitHub/Ainor-Universe/dataconnect": could not find dataconnect.yaml in `/Volumes/mycode/Documents/GitHub/Ainor-Universe/dataconnect`
 {"metadata":{"emulator":{"name":"dataconnect"},"message":"E0701 22:20:56.296188    1492 watch.go:40] Failed to load config from \"/Volumes/mycode/Documents/GitHub/Ainor-Universe/dataconnect\": could not find dataconnect.yaml in `/Volumes/mycode/Documents/GitHub/Ainor-Universe/dataconnect`\n"}}
[debug] [2026-07-01T16:51:06.296Z] E0701 22:21:06.296208    1492 watch.go:40] Failed to load config from "/Volumes/mycode/Documents/GitHub/Ainor-Universe/dataconnect": could not find dataconnect.yaml in `/Volumes/mycode/Documents/GitHub/Ainor-Universe/dataconnect`
E0701 22:21:06.296156    1492 watch.go:116] watchAllDir unable to walk dir `/Volumes/mycode/Documents/GitHub/Ainor-Universe/dataconnect`: lstat /Volumes/mycode/Documents/GitHub/Ainor-Universe/dataconnect: no such file or directory
 {"metadata":{"emulator":{"name":"dataconnect"},"message":"E0701 22:21:06.296208    1492 watch.go:40] Failed to load config from \"/Volumes/mycode/Documents/GitHub/Ainor-Universe/dataconnect\": could not find dataconnect.yaml in `/Volumes/mycode/Documents/GitHub/Ainor-Universe/dataconnect`\nE0701 22:21:06.296156    1492 watch.go:116] watchAllDir unable to walk dir `/Volumes/mycode/Documents/GitHub/Ainor-Universe/dataconnect`: lstat /Volumes/mycode/Documents/GitHub/Ainor-Universe/dataconnect: no such file or directory\n"}}
[debug] [2026-07-01T16:51:16.296Z] E0701 22:21:16.296264    1492 watch.go:40] Failed to load config from "/Volumes/mycode/Documents/GitHub/Ainor-Universe/dataconnect": could not find dataconnect.yaml in `/Volumes/mycode/Documents/GitHub/Ainor-Universe/dataconnect`
 {"metadata":{"emulator":{"name":"dataconnect"},"message":"E0701 22:21:16.296264    1492 watch.go:40] Failed to load config from \"/Volumes/mycode/Documents/GitHub/Ainor-Universe/dataconnect\": could not find dataconnect.yaml in `/Volumes/mycode/Documents/GitHub/Ainor-Universe/dataconnect`\n"}}
[debug] [2026-07-01T16:51:26.295Z] E0701 22:21:26.295738    1492 watch.go:40] Failed to load config from "/Volumes/mycode/Documents/GitHub/Ainor-Universe/dataconnect": could not find dataconnect.yaml in `/Volumes/mycode/Documents/GitHub/Ainor-Universe/dataconnect`
 {"metadata":{"emulator":{"name":"dataconnect"},"message":"E0701 22:21:26.295738    1492 watch.go:40] Failed to load config from \"/Volumes/mycode/Documents/GitHub/Ainor-Universe/dataconnect\": could not find dataconnect.yaml in `/Volumes/mycode/Documents/GitHub/Ainor-Universe/dataconnect`\n"}}
[debug] [2026-07-01T16:51:36.296Z] E0701 22:21:36.296421    1492 watch.go:40] Failed to load config from "/Volumes/mycode/Documents/GitHub/Ainor-Universe/dataconnect": could not find dataconnect.yaml in `/Volumes/mycode/Documents/GitHub/Ainor-Universe/dataconnect`
 {"metadata":{"emulator":{"name":"dataconnect"},"message":"E0701 22:21:36.296421    1492 watch.go:40] Failed to load config from \"/Volumes/mycode/Documents/GitHub/Ainor-Universe/dataconnect\": could not find dataconnect.yaml in `/Volumes/mycode/Documents/GitHub/Ainor-Universe/dataconnect`\n"}}
[debug] [2026-07-01T16:51:46.296Z] E0701 22:21:46.296557    1492 watch.go:40] Failed to load config from "/Volumes/mycode/Documents/GitHub/Ainor-Universe/dataconnect": could not find dataconnect.yaml in `/Volumes/mycode/Documents/GitHub/Ainor-Universe/dataconnect`
 {"metadata":{"emulator":{"name":"dataconnect"},"message":"E0701 22:21:46.296557    1492 watch.go:40] Failed to load config from \"/Volumes/mycode/Documents/GitHub/Ainor-Universe/dataconnect\": could not find dataconnect.yaml in `/Volumes/mycode/Documents/GitHub/Ainor-Universe/dataconnect`\n"}}
[debug] [2026-07-01T16:51:56.296Z] E0701 22:21:56.296704    1492 watch.go:40] Failed to load config from "/Volumes/mycode/Documents/GitHub/Ainor-Universe/dataconnect": could not find dataconnect.yaml in `/Volumes/mycode/Documents/GitHub/Ainor-Universe/dataconnect`
 {"metadata":{"emulator":{"name":"dataconnect"},"message":"E0701 22:21:56.296704    1492 watch.go:40] Failed to load config from \"/Volumes/mycode/Documents/GitHub/Ainor-Universe/dataconnect\": could not find dataconnect.yaml in `/Volumes/mycode/Documents/GitHub/Ainor-Universe/dataconnect`\n"}}
[debug] [2026-07-01T16:52:06.296Z] E0701 22:22:06.296400    1492 watch.go:116] watchAllDir unable to walk dir `/Volumes/mycode/Documents/GitHub/Ainor-Universe/dataconnect`: lstat /Volumes/mycode/Documents/GitHub/Ainor-Universe/dataconnect: no such file or directory
E0701 22:22:06.296435    1492 watch.go:40] Failed to load config from "/Volumes/mycode/Documents/GitHub/Ainor-Universe/dataconnect": could not find dataconnect.yaml in `/Volumes/mycode/Documents/GitHub/Ainor-Universe/dataconnect`
 {"metadata":{"emulator":{"name":"dataconnect"},"message":"E0701 22:22:06.296400    1492 watch.go:116] watchAllDir unable to walk dir `/Volumes/mycode/Documents/GitHub/Ainor-Universe/dataconnect`: lstat /Volumes/mycode/Documents/GitHub/Ainor-Universe/dataconnect: no such file or directory\nE0701 22:22:06.296435    1492 watch.go:40] Failed to load config from \"/Volumes/mycode/Documents/GitHub/Ainor-Universe/dataconnect\": could not find dataconnect.yaml in `/Volumes/mycode/Documents/GitHub/Ainor-Universe/dataconnect`\n"}}
[debug] [2026-07-01T16:52:16.296Z] E0701 22:22:16.296772    1492 watch.go:40] Failed to load config from "/Volumes/mycode/Documents/GitHub/Ainor-Universe/dataconnect": could not find dataconnect.yaml in `/Volumes/mycode/Documents/GitHub/Ainor-Universe/dataconnect`
 {"metadata":{"emulator":{"name":"dataconnect"},"message":"E0701 22:22:16.296772    1492 watch.go:40] Failed to load config from \"/Volumes/mycode/Documents/GitHub/Ainor-Universe/dataconnect\": could not find dataconnect.yaml in `/Volumes/mycode/Documents/GitHub/Ainor-Universe/dataconnect`\n"}}
[debug] [2026-07-01T16:52:26.297Z] E0701 22:22:26.296900    1492 watch.go:40] Failed to load config from "/Volumes/mycode/Documents/GitHub/Ainor-Universe/dataconnect": could not find dataconnect.yaml in `/Volumes/mycode/Documents/GitHub/Ainor-Universe/dataconnect`
 {"metadata":{"emulator":{"name":"dataconnect"},"message":"E0701 22:22:26.296900    1492 watch.go:40] Failed to load config from \"/Volumes/mycode/Documents/GitHub/Ainor-Universe/dataconnect\": could not find dataconnect.yaml in `/Volumes/mycode/Documents/GitHub/Ainor-Universe/dataconnect`\n"}}
[debug] [2026-07-01T16:52:36.297Z] E0701 22:22:36.296928    1492 watch.go:40] Failed to load config from "/Volumes/mycode/Documents/GitHub/Ainor-Universe/dataconnect": could not find dataconnect.yaml in `/Volumes/mycode/Documents/GitHub/Ainor-Universe/dataconnect`
 {"metadata":{"emulator":{"name":"dataconnect"},"message":"E0701 22:22:36.296928    1492 watch.go:40] Failed to load config from \"/Volumes/mycode/Documents/GitHub/Ainor-Universe/dataconnect\": could not find dataconnect.yaml in `/Volumes/mycode/Documents/GitHub/Ainor-Universe/dataconnect`\n"}}
[debug] [2026-07-01T16:52:46.297Z] E0701 22:22:46.297208    1492 watch.go:40] Failed to load config from "/Volumes/mycode/Documents/GitHub/Ainor-Universe/dataconnect": could not find dataconnect.yaml in `/Volumes/mycode/Documents/GitHub/Ainor-Universe/dataconnect`
 {"metadata":{"emulator":{"name":"dataconnect"},"message":"E0701 22:22:46.297208    1492 watch.go:40] Failed to load config from \"/Volumes/mycode/Documents/GitHub/Ainor-Universe/dataconnect\": could not find dataconnect.yaml in `/Volumes/mycode/Documents/GitHub/Ainor-Universe/dataconnect`\n"}}
[debug] [2026-07-01T16:52:56.297Z] E0701 22:22:56.297120    1492 watch.go:40] Failed to load config from "/Volumes/mycode/Documents/GitHub/Ainor-Universe/dataconnect": could not find dataconnect.yaml in `/Volumes/mycode/Documents/GitHub/Ainor-Universe/dataconnect`
 {"metadata":{"emulator":{"name":"dataconnect"},"message":"E0701 22:22:56.297120    1492 watch.go:40] Failed to load config from \"/Volumes/mycode/Documents/GitHub/Ainor-Universe/dataconnect\": could not find dataconnect.yaml in `/Volumes/mycode/Documents/GitHub/Ainor-Universe/dataconnect`\n"}}
[debug] [2026-07-01T16:53:06.297Z] E0701 22:23:06.297233    1492 watch.go:40] Failed to load config from "/Volumes/mycode/Documents/GitHub/Ainor-Universe/dataconnect": could not find dataconnect.yaml in `/Volumes/mycode/Documents/GitHub/Ainor-Universe/dataconnect`
E0701 22:23:06.297171    1492 watch.go:116] watchAllDir unable to walk dir `/Volumes/mycode/Documents/GitHub/Ainor-Universe/dataconnect`: lstat /Volumes/mycode/Documents/GitHub/Ainor-Universe/dataconnect: no such file or directory
 {"metadata":{"emulator":{"name":"dataconnect"},"message":"E0701 22:23:06.297233    1492 watch.go:40] Failed to load config from \"/Volumes/mycode/Documents/GitHub/Ainor-Universe/dataconnect\": could not find dataconnect.yaml in `/Volumes/mycode/Documents/GitHub/Ainor-Universe/dataconnect`\nE0701 22:23:06.297171    1492 watch.go:116] watchAllDir unable to walk dir `/Volumes/mycode/Documents/GitHub/Ainor-Universe/dataconnect`: lstat /Volumes/mycode/Documents/GitHub/Ainor-Universe/dataconnect: no such file or directory\n"}}
[debug] [2026-07-01T16:53:16.297Z] E0701 22:23:16.297374    1492 watch.go:40] Failed to load config from "/Volumes/mycode/Documents/GitHub/Ainor-Universe/dataconnect": could not find dataconnect.yaml in `/Volumes/mycode/Documents/GitHub/Ainor-Universe/dataconnect`
 {"metadata":{"emulator":{"name":"dataconnect"},"message":"E0701 22:23:16.297374    1492 watch.go:40] Failed to load config from \"/Volumes/mycode/Documents/GitHub/Ainor-Universe/dataconnect\": could not find dataconnect.yaml in `/Volumes/mycode/Documents/GitHub/Ainor-Universe/dataconnect`\n"}}
[debug] [2026-07-01T16:53:26.297Z] E0701 22:23:26.297445    1492 watch.go:40] Failed to load config from "/Volumes/mycode/Documents/GitHub/Ainor-Universe/dataconnect": could not find dataconnect.yaml in `/Volumes/mycode/Documents/GitHub/Ainor-Universe/dataconnect`
 {"metadata":{"emulator":{"name":"dataconnect"},"message":"E0701 22:23:26.297445    1492 watch.go:40] Failed to load config from \"/Volumes/mycode/Documents/GitHub/Ainor-Universe/dataconnect\": could not find dataconnect.yaml in `/Volumes/mycode/Documents/GitHub/Ainor-Universe/dataconnect`\n"}}
[debug] [2026-07-01T16:53:36.297Z] E0701 22:23:36.297540    1492 watch.go:40] Failed to load config from "/Volumes/mycode/Documents/GitHub/Ainor-Universe/dataconnect": could not find dataconnect.yaml in `/Volumes/mycode/Documents/GitHub/Ainor-Universe/dataconnect`
 {"metadata":{"emulator":{"name":"dataconnect"},"message":"E0701 22:23:36.297540    1492 watch.go:40] Failed to load config from \"/Volumes/mycode/Documents/GitHub/Ainor-Universe/dataconnect\": could not find dataconnect.yaml in `/Volumes/mycode/Documents/GitHub/Ainor-Universe/dataconnect`\n"}}
[debug] [2026-07-01T16:53:46.297Z] E0701 22:23:46.297561    1492 watch.go:40] Failed to load config from "/Volumes/mycode/Documents/GitHub/Ainor-Universe/dataconnect": could not find dataconnect.yaml in `/Volumes/mycode/Documents/GitHub/Ainor-Universe/dataconnect`
 {"metadata":{"emulator":{"name":"dataconnect"},"message":"E0701 22:23:46.297561    1492 watch.go:40] Failed to load config from \"/Volumes/mycode/Documents/GitHub/Ainor-Universe/dataconnect\": could not find dataconnect.yaml in `/Volumes/mycode/Documents/GitHub/Ainor-Universe/dataconnect`\n"}}
[debug] [2026-07-01T16:53:56.297Z] E0701 22:23:56.297614    1492 watch.go:40] Failed to load config from "/Volumes/mycode/Documents/GitHub/Ainor-Universe/dataconnect": could not find dataconnect.yaml in `/Volumes/mycode/Documents/GitHub/Ainor-Universe/dataconnect`
 {"metadata":{"emulator":{"name":"dataconnect"},"message":"E0701 22:23:56.297614    1492 watch.go:40] Failed to load config from \"/Volumes/mycode/Documents/GitHub/Ainor-Universe/dataconnect\": could not find dataconnect.yaml in `/Volumes/mycode/Documents/GitHub/Ainor-Universe/dataconnect`\n"}}
[debug] [2026-07-01T16:54:06.297Z] E0701 22:24:06.297723    1492 watch.go:40] Failed to load config from "/Volumes/mycode/Documents/GitHub/Ainor-Universe/dataconnect": could not find dataconnect.yaml in `/Volumes/mycode/Documents/GitHub/Ainor-Universe/dataconnect`
E0701 22:24:06.297678    1492 watch.go:116] watchAllDir unable to walk dir `/Volumes/mycode/Documents/GitHub/Ainor-Universe/dataconnect`: lstat /Volumes/mycode/Documents/GitHub/Ainor-Universe/dataconnect: no such file or directory
 {"metadata":{"emulator":{"name":"dataconnect"},"message":"E0701 22:24:06.297723    1492 watch.go:40] Failed to load config from \"/Volumes/mycode/Documents/GitHub/Ainor-Universe/dataconnect\": could not find dataconnect.yaml in `/Volumes/mycode/Documents/GitHub/Ainor-Universe/dataconnect`\nE0701 22:24:06.297678    1492 watch.go:116] watchAllDir unable to walk dir `/Volumes/mycode/Documents/GitHub/Ainor-Universe/dataconnect`: lstat /Volumes/mycode/Documents/GitHub/Ainor-Universe/dataconnect: no such file or directory\n"}}
[debug] [2026-07-01T16:54:16.297Z] E0701 22:24:16.297799    1492 watch.go:40] Failed to load config from "/Volumes/mycode/Documents/GitHub/Ainor-Universe/dataconnect": could not find dataconnect.yaml in `/Volumes/mycode/Documents/GitHub/Ainor-Universe/dataconnect`
 {"metadata":{"emulator":{"name":"dataconnect"},"message":"E0701 22:24:16.297799    1492 watch.go:40] Failed to load config from \"/Volumes/mycode/Documents/GitHub/Ainor-Universe/dataconnect\": could not find dataconnect.yaml in `/Volumes/mycode/Documents/GitHub/Ainor-Universe/dataconnect`\n"}}
[debug] [2026-07-01T16:54:26.298Z] E0701 22:24:26.297960    1492 watch.go:40] Failed to load config from "/Volumes/mycode/Documents/GitHub/Ainor-Universe/dataconnect": could not find dataconnect.yaml in `/Volumes/mycode/Documents/GitHub/Ainor-Universe/dataconnect`
 {"metadata":{"emulator":{"name":"dataconnect"},"message":"E0701 22:24:26.297960    1492 watch.go:40] Failed to load config from \"/Volumes/mycode/Documents/GitHub/Ainor-Universe/dataconnect\": could not find dataconnect.yaml in `/Volumes/mycode/Documents/GitHub/Ainor-Universe/dataconnect`\n"}}
[debug] [2026-07-01T16:54:36.298Z] E0701 22:24:36.298120    1492 watch.go:40] Failed to load config from "/Volumes/mycode/Documents/GitHub/Ainor-Universe/dataconnect": could not find dataconnect.yaml in `/Volumes/mycode/Documents/GitHub/Ainor-Universe/dataconnect`
 {"metadata":{"emulator":{"name":"dataconnect"},"message":"E0701 22:24:36.298120    1492 watch.go:40] Failed to load config from \"/Volumes/mycode/Documents/GitHub/Ainor-Universe/dataconnect\": could not find dataconnect.yaml in `/Volumes/mycode/Documents/GitHub/Ainor-Universe/dataconnect`\n"}}
[debug] [2026-07-01T16:54:46.298Z] E0701 22:24:46.298085    1492 watch.go:40] Failed to load config from "/Volumes/mycode/Documents/GitHub/Ainor-Universe/dataconnect": could not find dataconnect.yaml in `/Volumes/mycode/Documents/GitHub/Ainor-Universe/dataconnect`
 {"metadata":{"emulator":{"name":"dataconnect"},"message":"E0701 22:24:46.298085    1492 watch.go:40] Failed to load config from \"/Volumes/mycode/Documents/GitHub/Ainor-Universe/dataconnect\": could not find dataconnect.yaml in `/Volumes/mycode/Documents/GitHub/Ainor-Universe/dataconnect`\n"}}
[debug] [2026-07-01T16:54:56.298Z] E0701 22:24:56.297940    1492 watch.go:40] Failed to load config from "/Volumes/mycode/Documents/GitHub/Ainor-Universe/dataconnect": could not find dataconnect.yaml in `/Volumes/mycode/Documents/GitHub/Ainor-Universe/dataconnect`
 {"metadata":{"emulator":{"name":"dataconnect"},"message":"E0701 22:24:56.297940    1492 watch.go:40] Failed to load config from \"/Volumes/mycode/Documents/GitHub/Ainor-Universe/dataconnect\": could not find dataconnect.yaml in `/Volumes/mycode/Documents/GitHub/Ainor-Universe/dataconnect`\n"}}
[debug] [2026-07-01T16:55:06.297Z] E0701 22:25:06.297265    1492 watch.go:40] Failed to load config from "/Volumes/mycode/Documents/GitHub/Ainor-Universe/dataconnect": could not find dataconnect.yaml in `/Volumes/mycode/Documents/GitHub/Ainor-Universe/dataconnect`
E0701 22:25:06.297237    1492 watch.go:116] watchAllDir unable to walk dir `/Volumes/mycode/Documents/GitHub/Ainor-Universe/dataconnect`: lstat /Volumes/mycode/Documents/GitHub/Ainor-Universe/dataconnect: no such file or directory
 {"metadata":{"emulator":{"name":"dataconnect"},"message":"E0701 22:25:06.297265    1492 watch.go:40] Failed to load config from \"/Volumes/mycode/Documents/GitHub/Ainor-Universe/dataconnect\": could not find dataconnect.yaml in `/Volumes/mycode/Documents/GitHub/Ainor-Universe/dataconnect`\nE0701 22:25:06.297237    1492 watch.go:116] watchAllDir unable to walk dir `/Volumes/mycode/Documents/GitHub/Ainor-Universe/dataconnect`: lstat /Volumes/mycode/Documents/GitHub/Ainor-Universe/dataconnect: no such file or directory\n"}}
[debug] [2026-07-01T16:55:16.298Z] E0701 22:25:16.298309    1492 watch.go:40] Failed to load config from "/Volumes/mycode/Documents/GitHub/Ainor-Universe/dataconnect": could not find dataconnect.yaml in `/Volumes/mycode/Documents/GitHub/Ainor-Universe/dataconnect`
 {"metadata":{"emulator":{"name":"dataconnect"},"message":"E0701 22:25:16.298309    1492 watch.go:40] Failed to load config from \"/Volumes/mycode/Documents/GitHub/Ainor-Universe/dataconnect\": could not find dataconnect.yaml in `/Volumes/mycode/Documents/GitHub/Ainor-Universe/dataconnect`\n"}}
[debug] [2026-07-01T16:55:26.298Z] E0701 22:25:26.298436    1492 watch.go:40] Failed to load config from "/Volumes/mycode/Documents/GitHub/Ainor-Universe/dataconnect": could not find dataconnect.yaml in `/Volumes/mycode/Documents/GitHub/Ainor-Universe/dataconnect`
 {"metadata":{"emulator":{"name":"dataconnect"},"message":"E0701 22:25:26.298436    1492 watch.go:40] Failed to load config from \"/Volumes/mycode/Documents/GitHub/Ainor-Universe/dataconnect\": could not find dataconnect.yaml in `/Volumes/mycode/Documents/GitHub/Ainor-Universe/dataconnect`\n"}}
[debug] [2026-07-01T16:55:36.298Z] E0701 22:25:36.298476    1492 watch.go:40] Failed to load config from "/Volumes/mycode/Documents/GitHub/Ainor-Universe/dataconnect": could not find dataconnect.yaml in `/Volumes/mycode/Documents/GitHub/Ainor-Universe/dataconnect`
 {"metadata":{"emulator":{"name":"dataconnect"},"message":"E0701 22:25:36.298476    1492 watch.go:40] Failed to load config from \"/Volumes/mycode/Documents/GitHub/Ainor-Universe/dataconnect\": could not find dataconnect.yaml in `/Volumes/mycode/Documents/GitHub/Ainor-Universe/dataconnect`\n"}}
[debug] [2026-07-01T16:55:46.298Z] E0701 22:25:46.298590    1492 watch.go:40] Failed to load config from "/Volumes/mycode/Documents/GitHub/Ainor-Universe/dataconnect": could not find dataconnect.yaml in `/Volumes/mycode/Documents/GitHub/Ainor-Universe/dataconnect`
 {"metadata":{"emulator":{"name":"dataconnect"},"message":"E0701 22:25:46.298590    1492 watch.go:40] Failed to load config from \"/Volumes/mycode/Documents/GitHub/Ainor-Universe/dataconnect\": could not find dataconnect.yaml in `/Volumes/mycode/Documents/GitHub/Ainor-Universe/dataconnect`\n"}}
[debug] [2026-07-01T16:55:56.299Z] E0701 22:25:56.298810    1492 watch.go:40] Failed to load config from "/Volumes/mycode/Documents/GitHub/Ainor-Universe/dataconnect": could not find dataconnect.yaml in `/Volumes/mycode/Documents/GitHub/Ainor-Universe/dataconnect`
 {"metadata":{"emulator":{"name":"dataconnect"},"message":"E0701 22:25:56.298810    1492 watch.go:40] Failed to load config from \"/Volumes/mycode/Documents/GitHub/Ainor-Universe/dataconnect\": could not find dataconnect.yaml in `/Volumes/mycode/Documents/GitHub/Ainor-Universe/dataconnect`\n"}}
[debug] [2026-07-01T16:56:06.298Z] E0701 22:26:06.298699    1492 watch.go:116] watchAllDir unable to walk dir `/Volumes/mycode/Documents/GitHub/Ainor-Universe/dataconnect`: lstat /Volumes/mycode/Documents/GitHub/Ainor-Universe/dataconnect: no such file or directory
E0701 22:26:06.298739    1492 watch.go:40] Failed to load config from "/Volumes/mycode/Documents/GitHub/Ainor-Universe/dataconnect": could not find dataconnect.yaml in `/Volumes/mycode/Documents/GitHub/Ainor-Universe/dataconnect`
 {"metadata":{"emulator":{"name":"dataconnect"},"message":"E0701 22:26:06.298699    1492 watch.go:116] watchAllDir unable to walk dir `/Volumes/mycode/Documents/GitHub/Ainor-Universe/dataconnect`: lstat /Volumes/mycode/Documents/GitHub/Ainor-Universe/dataconnect: no such file or directory\nE0701 22:26:06.298739    1492 watch.go:40] Failed to load config from \"/Volumes/mycode/Documents/GitHub/Ainor-Universe/dataconnect\": could not find dataconnect.yaml in `/Volumes/mycode/Documents/GitHub/Ainor-Universe/dataconnect`\n"}}
[debug] [2026-07-01T16:56:16.299Z] E0701 22:26:16.298972    1492 watch.go:40] Failed to load config from "/Volumes/mycode/Documents/GitHub/Ainor-Universe/dataconnect": could not find dataconnect.yaml in `/Volumes/mycode/Documents/GitHub/Ainor-Universe/dataconnect`
 {"metadata":{"emulator":{"name":"dataconnect"},"message":"E0701 22:26:16.298972    1492 watch.go:40] Failed to load config from \"/Volumes/mycode/Documents/GitHub/Ainor-Universe/dataconnect\": could not find dataconnect.yaml in `/Volumes/mycode/Documents/GitHub/Ainor-Universe/dataconnect`\n"}}
[debug] [2026-07-01T16:56:26.299Z] E0701 22:26:26.298976    1492 watch.go:40] Failed to load config from "/Volumes/mycode/Documents/GitHub/Ainor-Universe/dataconnect": could not find dataconnect.yaml in `/Volumes/mycode/Documents/GitHub/Ainor-Universe/dataconnect`
 {"metadata":{"emulator":{"name":"dataconnect"},"message":"E0701 22:26:26.298976    1492 watch.go:40] Failed to load config from \"/Volumes/mycode/Documents/GitHub/Ainor-Universe/dataconnect\": could not find dataconnect.yaml in `/Volumes/mycode/Documents/GitHub/Ainor-Universe/dataconnect`\n"}}
[debug] [2026-07-01T16:56:36.299Z] E0701 22:26:36.299039    1492 watch.go:40] Failed to load config from "/Volumes/mycode/Documents/GitHub/Ainor-Universe/dataconnect": could not find dataconnect.yaml in `/Volumes/mycode/Documents/GitHub/Ainor-Universe/dataconnect`
 {"metadata":{"emulator":{"name":"dataconnect"},"message":"E0701 22:26:36.299039    1492 watch.go:40] Failed to load config from \"/Volumes/mycode/Documents/GitHub/Ainor-Universe/dataconnect\": could not find dataconnect.yaml in `/Volumes/mycode/Documents/GitHub/Ainor-Universe/dataconnect`\n"}}
[debug] [2026-07-01T16:56:46.299Z] E0701 22:26:46.299205    1492 watch.go:40] Failed to load config from "/Volumes/mycode/Documents/GitHub/Ainor-Universe/dataconnect": could not find dataconnect.yaml in `/Volumes/mycode/Documents/GitHub/Ainor-Universe/dataconnect`
 {"metadata":{"emulator":{"name":"dataconnect"},"message":"E0701 22:26:46.299205    1492 watch.go:40] Failed to load config from \"/Volumes/mycode/Documents/GitHub/Ainor-Universe/dataconnect\": could not find dataconnect.yaml in `/Volumes/mycode/Documents/GitHub/Ainor-Universe/dataconnect`\n"}}
[debug] [2026-07-01T16:56:56.299Z] E0701 22:26:56.299206    1492 watch.go:40] Failed to load config from "/Volumes/mycode/Documents/GitHub/Ainor-Universe/dataconnect": could not find dataconnect.yaml in `/Volumes/mycode/Documents/GitHub/Ainor-Universe/dataconnect`
 {"metadata":{"emulator":{"name":"dataconnect"},"message":"E0701 22:26:56.299206    1492 watch.go:40] Failed to load config from \"/Volumes/mycode/Documents/GitHub/Ainor-Universe/dataconnect\": could not find dataconnect.yaml in `/Volumes/mycode/Documents/GitHub/Ainor-Universe/dataconnect`\n"}}
[debug] [2026-07-01T16:57:06.299Z] E0701 22:27:06.299309    1492 watch.go:40] Failed to load config from "/Volumes/mycode/Documents/GitHub/Ainor-Universe/dataconnect": could not find dataconnect.yaml in `/Volumes/mycode/Documents/GitHub/Ainor-Universe/dataconnect`
E0701 22:27:06.299293    1492 watch.go:116] watchAllDir unable to walk dir `/Volumes/mycode/Documents/GitHub/Ainor-Universe/dataconnect`: lstat /Volumes/mycode/Documents/GitHub/Ainor-Universe/dataconnect: no such file or directory
 {"metadata":{"emulator":{"name":"dataconnect"},"message":"E0701 22:27:06.299309    1492 watch.go:40] Failed to load config from \"/Volumes/mycode/Documents/GitHub/Ainor-Universe/dataconnect\": could not find dataconnect.yaml in `/Volumes/mycode/Documents/GitHub/Ainor-Universe/dataconnect`\nE0701 22:27:06.299293    1492 watch.go:116] watchAllDir unable to walk dir `/Volumes/mycode/Documents/GitHub/Ainor-Universe/dataconnect`: lstat /Volumes/mycode/Documents/GitHub/Ainor-Universe/dataconnect: no such file or directory\n"}}
[debug] [2026-07-01T16:57:16.299Z] E0701 22:27:16.299477    1492 watch.go:40] Failed to load config from "/Volumes/mycode/Documents/GitHub/Ainor-Universe/dataconnect": could not find dataconnect.yaml in `/Volumes/mycode/Documents/GitHub/Ainor-Universe/dataconnect`
 {"metadata":{"emulator":{"name":"dataconnect"},"message":"E0701 22:27:16.299477    1492 watch.go:40] Failed to load config from \"/Volumes/mycode/Documents/GitHub/Ainor-Universe/dataconnect\": could not find dataconnect.yaml in `/Volumes/mycode/Documents/GitHub/Ainor-Universe/dataconnect`\n"}}
[debug] [2026-07-01T16:57:26.299Z] E0701 22:27:26.299548    1492 watch.go:40] Failed to load config from "/Volumes/mycode/Documents/GitHub/Ainor-Universe/dataconnect": could not find dataconnect.yaml in `/Volumes/mycode/Documents/GitHub/Ainor-Universe/dataconnect`
 {"metadata":{"emulator":{"name":"dataconnect"},"message":"E0701 22:27:26.299548    1492 watch.go:40] Failed to load config from \"/Volumes/mycode/Documents/GitHub/Ainor-Universe/dataconnect\": could not find dataconnect.yaml in `/Volumes/mycode/Documents/GitHub/Ainor-Universe/dataconnect`\n"}}
[debug] [2026-07-01T16:57:36.299Z] E0701 22:27:36.299569    1492 watch.go:40] Failed to load config from "/Volumes/mycode/Documents/GitHub/Ainor-Universe/dataconnect": could not find dataconnect.yaml in `/Volumes/mycode/Documents/GitHub/Ainor-Universe/dataconnect`
 {"metadata":{"emulator":{"name":"dataconnect"},"message":"E0701 22:27:36.299569    1492 watch.go:40] Failed to load config from \"/Volumes/mycode/Documents/GitHub/Ainor-Universe/dataconnect\": could not find dataconnect.yaml in `/Volumes/mycode/Documents/GitHub/Ainor-Universe/dataconnect`\n"}}
[debug] [2026-07-01T16:57:46.300Z] E0701 22:27:46.299759    1492 watch.go:40] Failed to load config from "/Volumes/mycode/Documents/GitHub/Ainor-Universe/dataconnect": could not find dataconnect.yaml in `/Volumes/mycode/Documents/GitHub/Ainor-Universe/dataconnect`
 {"metadata":{"emulator":{"name":"dataconnect"},"message":"E0701 22:27:46.299759    1492 watch.go:40] Failed to load config from \"/Volumes/mycode/Documents/GitHub/Ainor-Universe/dataconnect\": could not find dataconnect.yaml in `/Volumes/mycode/Documents/GitHub/Ainor-Universe/dataconnect`\n"}}
[debug] [2026-07-01T16:57:56.299Z] E0701 22:27:56.299512    1492 watch.go:40] Failed to load config from "/Volumes/mycode/Documents/GitHub/Ainor-Universe/dataconnect": could not find dataconnect.yaml in `/Volumes/mycode/Documents/GitHub/Ainor-Universe/dataconnect`
 {"metadata":{"emulator":{"name":"dataconnect"},"message":"E0701 22:27:56.299512    1492 watch.go:40] Failed to load config from \"/Volumes/mycode/Documents/GitHub/Ainor-Universe/dataconnect\": could not find dataconnect.yaml in `/Volumes/mycode/Documents/GitHub/Ainor-Universe/dataconnect`\n"}}
[debug] [2026-07-01T16:58:06.299Z] E0701 22:28:06.299479    1492 watch.go:40] Failed to load config from "/Volumes/mycode/Documents/GitHub/Ainor-Universe/dataconnect": could not find dataconnect.yaml in `/Volumes/mycode/Documents/GitHub/Ainor-Universe/dataconnect`
E0701 22:28:06.299455    1492 watch.go:116] watchAllDir unable to walk dir `/Volumes/mycode/Documents/GitHub/Ainor-Universe/dataconnect`: lstat /Volumes/mycode/Documents/GitHub/Ainor-Universe/dataconnect: no such file or directory
 {"metadata":{"emulator":{"name":"dataconnect"},"message":"E0701 22:28:06.299479    1492 watch.go:40] Failed to load config from \"/Volumes/mycode/Documents/GitHub/Ainor-Universe/dataconnect\": could not find dataconnect.yaml in `/Volumes/mycode/Documents/GitHub/Ainor-Universe/dataconnect`\nE0701 22:28:06.299455    1492 watch.go:116] watchAllDir unable to walk dir `/Volumes/mycode/Documents/GitHub/Ainor-Universe/dataconnect`: lstat /Volumes/mycode/Documents/GitHub/Ainor-Universe/dataconnect: no such file or directory\n"}}
[debug] [2026-07-01T16:58:16.300Z] E0701 22:28:16.299981    1492 watch.go:40] Failed to load config from "/Volumes/mycode/Documents/GitHub/Ainor-Universe/dataconnect": could not find dataconnect.yaml in `/Volumes/mycode/Documents/GitHub/Ainor-Universe/dataconnect`
 {"metadata":{"emulator":{"name":"dataconnect"},"message":"E0701 22:28:16.299981    1492 watch.go:40] Failed to load config from \"/Volumes/mycode/Documents/GitHub/Ainor-Universe/dataconnect\": could not find dataconnect.yaml in `/Volumes/mycode/Documents/GitHub/Ainor-Universe/dataconnect`\n"}}
[debug] [2026-07-01T16:58:26.300Z] E0701 22:28:26.300018    1492 watch.go:40] Failed to load config from "/Volumes/mycode/Documents/GitHub/Ainor-Universe/dataconnect": could not find dataconnect.yaml in `/Volumes/mycode/Documents/GitHub/Ainor-Universe/dataconnect`
 {"metadata":{"emulator":{"name":"dataconnect"},"message":"E0701 22:28:26.300018    1492 watch.go:40] Failed to load config from \"/Volumes/mycode/Documents/GitHub/Ainor-Universe/dataconnect\": could not find dataconnect.yaml in `/Volumes/mycode/Documents/GitHub/Ainor-Universe/dataconnect`\n"}}
[debug] [2026-07-01T16:58:36.300Z] E0701 22:28:36.300157    1492 watch.go:40] Failed to load config from "/Volumes/mycode/Documents/GitHub/Ainor-Universe/dataconnect": could not find dataconnect.yaml in `/Volumes/mycode/Documents/GitHub/Ainor-Universe/dataconnect`
 {"metadata":{"emulator":{"name":"dataconnect"},"message":"E0701 22:28:36.300157    1492 watch.go:40] Failed to load config from \"/Volumes/mycode/Documents/GitHub/Ainor-Universe/dataconnect\": could not find dataconnect.yaml in `/Volumes/mycode/Documents/GitHub/Ainor-Universe/dataconnect`\n"}}
[debug] [2026-07-01T16:58:46.300Z] E0701 22:28:46.300146    1492 watch.go:40] Failed to load config from "/Volumes/mycode/Documents/GitHub/Ainor-Universe/dataconnect": could not find dataconnect.yaml in `/Volumes/mycode/Documents/GitHub/Ainor-Universe/dataconnect`
 {"metadata":{"emulator":{"name":"dataconnect"},"message":"E0701 22:28:46.300146    1492 watch.go:40] Failed to load config from \"/Volumes/mycode/Documents/GitHub/Ainor-Universe/dataconnect\": could not find dataconnect.yaml in `/Volumes/mycode/Documents/GitHub/Ainor-Universe/dataconnect`\n"}}
[debug] [2026-07-01T16:58:56.300Z] E0701 22:28:56.300258    1492 watch.go:40] Failed to load config from "/Volumes/mycode/Documents/GitHub/Ainor-Universe/dataconnect": could not find dataconnect.yaml in `/Volumes/mycode/Documents/GitHub/Ainor-Universe/dataconnect`
 {"metadata":{"emulator":{"name":"dataconnect"},"message":"E0701 22:28:56.300258    1492 watch.go:40] Failed to load config from \"/Volumes/mycode/Documents/GitHub/Ainor-Universe/dataconnect\": could not find dataconnect.yaml in `/Volumes/mycode/Documents/GitHub/Ainor-Universe/dataconnect`\n"}}
[debug] [2026-07-01T16:59:06.300Z] E0701 22:29:06.300339    1492 watch.go:40] Failed to load config from "/Volumes/mycode/Documents/GitHub/Ainor-Universe/dataconnect": could not find dataconnect.yaml in `/Volumes/mycode/Documents/GitHub/Ainor-Universe/dataconnect`
E0701 22:29:06.300279    1492 watch.go:116] watchAllDir unable to walk dir `/Volumes/mycode/Documents/GitHub/Ainor-Universe/dataconnect`: lstat /Volumes/mycode/Documents/GitHub/Ainor-Universe/dataconnect: no such file or directory
 {"metadata":{"emulator":{"name":"dataconnect"},"message":"E0701 22:29:06.300339    1492 watch.go:40] Failed to load config from \"/Volumes/mycode/Documents/GitHub/Ainor-Universe/dataconnect\": could not find dataconnect.yaml in `/Volumes/mycode/Documents/GitHub/Ainor-Universe/dataconnect`\nE0701 22:29:06.300279    1492 watch.go:116] watchAllDir unable to walk dir `/Volumes/mycode/Documents/GitHub/Ainor-Universe/dataconnect`: lstat /Volumes/mycode/Documents/GitHub/Ainor-Universe/dataconnect: no such file or directory\n"}}
[debug] [2026-07-01T16:59:16.300Z] E0701 22:29:16.300495    1492 watch.go:40] Failed to load config from "/Volumes/mycode/Documents/GitHub/Ainor-Universe/dataconnect": could not find dataconnect.yaml in `/Volumes/mycode/Documents/GitHub/Ainor-Universe/dataconnect`
 {"metadata":{"emulator":{"name":"dataconnect"},"message":"E0701 22:29:16.300495    1492 watch.go:40] Failed to load config from \"/Volumes/mycode/Documents/GitHub/Ainor-Universe/dataconnect\": could not find dataconnect.yaml in `/Volumes/mycode/Documents/GitHub/Ainor-Universe/dataconnect`\n"}}
[debug] [2026-07-01T16:59:26.300Z] E0701 22:29:26.300528    1492 watch.go:40] Failed to load config from "/Volumes/mycode/Documents/GitHub/Ainor-Universe/dataconnect": could not find dataconnect.yaml in `/Volumes/mycode/Documents/GitHub/Ainor-Universe/dataconnect`
 {"metadata":{"emulator":{"name":"dataconnect"},"message":"E0701 22:29:26.300528    1492 watch.go:40] Failed to load config from \"/Volumes/mycode/Documents/GitHub/Ainor-Universe/dataconnect\": could not find dataconnect.yaml in `/Volumes/mycode/Documents/GitHub/Ainor-Universe/dataconnect`\n"}}
[debug] [2026-07-01T16:59:36.300Z] E0701 22:29:36.300575    1492 watch.go:40] Failed to load config from "/Volumes/mycode/Documents/GitHub/Ainor-Universe/dataconnect": could not find dataconnect.yaml in `/Volumes/mycode/Documents/GitHub/Ainor-Universe/dataconnect`
 {"metadata":{"emulator":{"name":"dataconnect"},"message":"E0701 22:29:36.300575    1492 watch.go:40] Failed to load config from \"/Volumes/mycode/Documents/GitHub/Ainor-Universe/dataconnect\": could not find dataconnect.yaml in `/Volumes/mycode/Documents/GitHub/Ainor-Universe/dataconnect`\n"}}
[debug] [2026-07-01T16:59:46.301Z] E0701 22:29:46.300697    1492 watch.go:40] Failed to load config from "/Volumes/mycode/Documents/GitHub/Ainor-Universe/dataconnect": could not find dataconnect.yaml in `/Volumes/mycode/Documents/GitHub/Ainor-Universe/dataconnect`
 {"metadata":{"emulator":{"name":"dataconnect"},"message":"E0701 22:29:46.300697    1492 watch.go:40] Failed to load config from \"/Volumes/mycode/Documents/GitHub/Ainor-Universe/dataconnect\": could not find dataconnect.yaml in `/Volumes/mycode/Documents/GitHub/Ainor-Universe/dataconnect`\n"}}
[debug] [2026-07-01T16:59:56.305Z] E0701 22:29:56.304876    1492 watch.go:40] Failed to load config from "/Volumes/mycode/Documents/GitHub/Ainor-Universe/dataconnect": could not find dataconnect.yaml in `/Volumes/mycode/Documents/GitHub/Ainor-Universe/dataconnect`
 {"metadata":{"emulator":{"name":"dataconnect"},"message":"E0701 22:29:56.304876    1492 watch.go:40] Failed to load config from \"/Volumes/mycode/Documents/GitHub/Ainor-Universe/dataconnect\": could not find dataconnect.yaml in `/Volumes/mycode/Documents/GitHub/Ainor-Universe/dataconnect`\n"}}
[debug] [2026-07-01T17:00:06.308Z] E0701 22:30:06.308278    1492 watch.go:116] watchAllDir unable to walk dir `/Volumes/mycode/Documents/GitHub/Ainor-Universe/dataconnect`: lstat /Volumes/mycode/Documents/GitHub/Ainor-Universe/dataconnect: no such file or directory
E0701 22:30:06.308327    1492 watch.go:40] Failed to load config from "/Volumes/mycode/Documents/GitHub/Ainor-Universe/dataconnect": could not find dataconnect.yaml in `/Volumes/mycode/Documents/GitHub/Ainor-Universe/dataconnect`
 {"metadata":{"emulator":{"name":"dataconnect"},"message":"E0701 22:30:06.308278    1492 watch.go:116] watchAllDir unable to walk dir `/Volumes/mycode/Documents/GitHub/Ainor-Universe/dataconnect`: lstat /Volumes/mycode/Documents/GitHub/Ainor-Universe/dataconnect: no such file or directory\nE0701 22:30:06.308327    1492 watch.go:40] Failed to load config from \"/Volumes/mycode/Documents/GitHub/Ainor-Universe/dataconnect\": could not find dataconnect.yaml in `/Volumes/mycode/Documents/GitHub/Ainor-Universe/dataconnect`\n"}}
[debug] [2026-07-01T17:00:16.310Z] E0701 22:30:16.310249    1492 watch.go:40] Failed to load config from "/Volumes/mycode/Documents/GitHub/Ainor-Universe/dataconnect": could not find dataconnect.yaml in `/Volumes/mycode/Documents/GitHub/Ainor-Universe/dataconnect`
 {"metadata":{"emulator":{"name":"dataconnect"},"message":"E0701 22:30:16.310249    1492 watch.go:40] Failed to load config from \"/Volumes/mycode/Documents/GitHub/Ainor-Universe/dataconnect\": could not find dataconnect.yaml in `/Volumes/mycode/Documents/GitHub/Ainor-Universe/dataconnect`\n"}}
[debug] [2026-07-01T17:00:26.311Z] E0701 22:30:26.311178    1492 watch.go:40] Failed to load config from "/Volumes/mycode/Documents/GitHub/Ainor-Universe/dataconnect": could not find dataconnect.yaml in `/Volumes/mycode/Documents/GitHub/Ainor-Universe/dataconnect`
 {"metadata":{"emulator":{"name":"dataconnect"},"message":"E0701 22:30:26.311178    1492 watch.go:40] Failed to load config from \"/Volumes/mycode/Documents/GitHub/Ainor-Universe/dataconnect\": could not find dataconnect.yaml in `/Volumes/mycode/Documents/GitHub/Ainor-Universe/dataconnect`\n"}}
[debug] [2026-07-01T17:00:36.312Z] E0701 22:30:36.311792    1492 watch.go:40] Failed to load config from "/Volumes/mycode/Documents/GitHub/Ainor-Universe/dataconnect": could not find dataconnect.yaml in `/Volumes/mycode/Documents/GitHub/Ainor-Universe/dataconnect`
 {"metadata":{"emulator":{"name":"dataconnect"},"message":"E0701 22:30:36.311792    1492 watch.go:40] Failed to load config from \"/Volumes/mycode/Documents/GitHub/Ainor-Universe/dataconnect\": could not find dataconnect.yaml in `/Volumes/mycode/Documents/GitHub/Ainor-Universe/dataconnect`\n"}}
[debug] [2026-07-01T17:00:46.312Z] E0701 22:30:46.311705    1492 watch.go:40] Failed to load config from "/Volumes/mycode/Documents/GitHub/Ainor-Universe/dataconnect": could not find dataconnect.yaml in `/Volumes/mycode/Documents/GitHub/Ainor-Universe/dataconnect`
 {"metadata":{"emulator":{"name":"dataconnect"},"message":"E0701 22:30:46.311705    1492 watch.go:40] Failed to load config from \"/Volumes/mycode/Documents/GitHub/Ainor-Universe/dataconnect\": could not find dataconnect.yaml in `/Volumes/mycode/Documents/GitHub/Ainor-Universe/dataconnect`\n"}}
[debug] [2026-07-01T17:00:56.312Z] E0701 22:30:56.312362    1492 watch.go:40] Failed to load config from "/Volumes/mycode/Documents/GitHub/Ainor-Universe/dataconnect": could not find dataconnect.yaml in `/Volumes/mycode/Documents/GitHub/Ainor-Universe/dataconnect`
 {"metadata":{"emulator":{"name":"dataconnect"},"message":"E0701 22:30:56.312362    1492 watch.go:40] Failed to load config from \"/Volumes/mycode/Documents/GitHub/Ainor-Universe/dataconnect\": could not find dataconnect.yaml in `/Volumes/mycode/Documents/GitHub/Ainor-Universe/dataconnect`\n"}}
[debug] [2026-07-01T17:01:06.313Z] E0701 22:31:06.312756    1492 watch.go:116] watchAllDir unable to walk dir `/Volumes/mycode/Documents/GitHub/Ainor-Universe/dataconnect`: lstat /Volumes/mycode/Documents/GitHub/Ainor-Universe/dataconnect: no such file or directory
E0701 22:31:06.313006    1492 watch.go:40] Failed to load config from "/Volumes/mycode/Documents/GitHub/Ainor-Universe/dataconnect": could not find dataconnect.yaml in `/Volumes/mycode/Documents/GitHub/Ainor-Universe/dataconnect`
 {"metadata":{"emulator":{"name":"dataconnect"},"message":"E0701 22:31:06.312756    1492 watch.go:116] watchAllDir unable to walk dir `/Volumes/mycode/Documents/GitHub/Ainor-Universe/dataconnect`: lstat /Volumes/mycode/Documents/GitHub/Ainor-Universe/dataconnect: no such file or directory\nE0701 22:31:06.313006    1492 watch.go:40] Failed to load config from \"/Volumes/mycode/Documents/GitHub/Ainor-Universe/dataconnect\": could not find dataconnect.yaml in `/Volumes/mycode/Documents/GitHub/Ainor-Universe/dataconnect`\n"}}
[debug] [2026-07-01T17:01:16.313Z] E0701 22:31:16.312765    1492 watch.go:40] Failed to load config from "/Volumes/mycode/Documents/GitHub/Ainor-Universe/dataconnect": could not find dataconnect.yaml in `/Volumes/mycode/Documents/GitHub/Ainor-Universe/dataconnect`
 {"metadata":{"emulator":{"name":"dataconnect"},"message":"E0701 22:31:16.312765    1492 watch.go:40] Failed to load config from \"/Volumes/mycode/Documents/GitHub/Ainor-Universe/dataconnect\": could not find dataconnect.yaml in `/Volumes/mycode/Documents/GitHub/Ainor-Universe/dataconnect`\n"}}
[debug] [2026-07-01T17:01:26.312Z] E0701 22:31:26.312376    1492 watch.go:40] Failed to load config from "/Volumes/mycode/Documents/GitHub/Ainor-Universe/dataconnect": could not find dataconnect.yaml in `/Volumes/mycode/Documents/GitHub/Ainor-Universe/dataconnect`
 {"metadata":{"emulator":{"name":"dataconnect"},"message":"E0701 22:31:26.312376    1492 watch.go:40] Failed to load config from \"/Volumes/mycode/Documents/GitHub/Ainor-Universe/dataconnect\": could not find dataconnect.yaml in `/Volumes/mycode/Documents/GitHub/Ainor-Universe/dataconnect`\n"}}
[debug] [2026-07-01T17:01:36.312Z] E0701 22:31:36.312673    1492 watch.go:40] Failed to load config from "/Volumes/mycode/Documents/GitHub/Ainor-Universe/dataconnect": could not find dataconnect.yaml in `/Volumes/mycode/Documents/GitHub/Ainor-Universe/dataconnect`
 {"metadata":{"emulator":{"name":"dataconnect"},"message":"E0701 22:31:36.312673    1492 watch.go:40] Failed to load config from \"/Volumes/mycode/Documents/GitHub/Ainor-Universe/dataconnect\": could not find dataconnect.yaml in `/Volumes/mycode/Documents/GitHub/Ainor-Universe/dataconnect`\n"}}
[debug] [2026-07-01T17:01:46.312Z] E0701 22:31:46.312708    1492 watch.go:40] Failed to load config from "/Volumes/mycode/Documents/GitHub/Ainor-Universe/dataconnect": could not find dataconnect.yaml in `/Volumes/mycode/Documents/GitHub/Ainor-Universe/dataconnect`
 {"metadata":{"emulator":{"name":"dataconnect"},"message":"E0701 22:31:46.312708    1492 watch.go:40] Failed to load config from \"/Volumes/mycode/Documents/GitHub/Ainor-Universe/dataconnect\": could not find dataconnect.yaml in `/Volumes/mycode/Documents/GitHub/Ainor-Universe/dataconnect`\n"}}
[debug] [2026-07-01T17:01:56.313Z] E0701 22:31:56.313102    1492 watch.go:40] Failed to load config from "/Volumes/mycode/Documents/GitHub/Ainor-Universe/dataconnect": could not find dataconnect.yaml in `/Volumes/mycode/Documents/GitHub/Ainor-Universe/dataconnect`
 {"metadata":{"emulator":{"name":"dataconnect"},"message":"E0701 22:31:56.313102    1492 watch.go:40] Failed to load config from \"/Volumes/mycode/Documents/GitHub/Ainor-Universe/dataconnect\": could not find dataconnect.yaml in `/Volumes/mycode/Documents/GitHub/Ainor-Universe/dataconnect`\n"}}
[debug] [2026-07-01T17:02:06.313Z] E0701 22:32:06.313134    1492 watch.go:116] watchAllDir unable to walk dir `/Volumes/mycode/Documents/GitHub/Ainor-Universe/dataconnect`: lstat /Volumes/mycode/Documents/GitHub/Ainor-Universe/dataconnect: no such file or directory
E0701 22:32:06.313190    1492 watch.go:40] Failed to load config from "/Volumes/mycode/Documents/GitHub/Ainor-Universe/dataconnect": could not find dataconnect.yaml in `/Volumes/mycode/Documents/GitHub/Ainor-Universe/dataconnect`
 {"metadata":{"emulator":{"name":"dataconnect"},"message":"E0701 22:32:06.313134    1492 watch.go:116] watchAllDir unable to walk dir `/Volumes/mycode/Documents/GitHub/Ainor-Universe/dataconnect`: lstat /Volumes/mycode/Documents/GitHub/Ainor-Universe/dataconnect: no such file or directory\nE0701 22:32:06.313190    1492 watch.go:40] Failed to load config from \"/Volumes/mycode/Documents/GitHub/Ainor-Universe/dataconnect\": could not find dataconnect.yaml in `/Volumes/mycode/Documents/GitHub/Ainor-Universe/dataconnect`\n"}}
[debug] [2026-07-01T17:02:16.313Z] E0701 22:32:16.313339    1492 watch.go:40] Failed to load config from "/Volumes/mycode/Documents/GitHub/Ainor-Universe/dataconnect": could not find dataconnect.yaml in `/Volumes/mycode/Documents/GitHub/Ainor-Universe/dataconnect`
 {"metadata":{"emulator":{"name":"dataconnect"},"message":"E0701 22:32:16.313339    1492 watch.go:40] Failed to load config from \"/Volumes/mycode/Documents/GitHub/Ainor-Universe/dataconnect\": could not find dataconnect.yaml in `/Volumes/mycode/Documents/GitHub/Ainor-Universe/dataconnect`\n"}}
[debug] [2026-07-01T17:02:26.313Z] E0701 22:32:26.313505    1492 watch.go:40] Failed to load config from "/Volumes/mycode/Documents/GitHub/Ainor-Universe/dataconnect": could not find dataconnect.yaml in `/Volumes/mycode/Documents/GitHub/Ainor-Universe/dataconnect`
 {"metadata":{"emulator":{"name":"dataconnect"},"message":"E0701 22:32:26.313505    1492 watch.go:40] Failed to load config from \"/Volumes/mycode/Documents/GitHub/Ainor-Universe/dataconnect\": could not find dataconnect.yaml in `/Volumes/mycode/Documents/GitHub/Ainor-Universe/dataconnect`\n"}}
[debug] [2026-07-01T17:02:36.313Z] E0701 22:32:36.313580    1492 watch.go:40] Failed to load config from "/Volumes/mycode/Documents/GitHub/Ainor-Universe/dataconnect": could not find dataconnect.yaml in `/Volumes/mycode/Documents/GitHub/Ainor-Universe/dataconnect`
 {"metadata":{"emulator":{"name":"dataconnect"},"message":"E0701 22:32:36.313580    1492 watch.go:40] Failed to load config from \"/Volumes/mycode/Documents/GitHub/Ainor-Universe/dataconnect\": could not find dataconnect.yaml in `/Volumes/mycode/Documents/GitHub/Ainor-Universe/dataconnect`\n"}}
[debug] [2026-07-01T17:02:46.313Z] E0701 22:32:46.313556    1492 watch.go:40] Failed to load config from "/Volumes/mycode/Documents/GitHub/Ainor-Universe/dataconnect": could not find dataconnect.yaml in `/Volumes/mycode/Documents/GitHub/Ainor-Universe/dataconnect`
 {"metadata":{"emulator":{"name":"dataconnect"},"message":"E0701 22:32:46.313556    1492 watch.go:40] Failed to load config from \"/Volumes/mycode/Documents/GitHub/Ainor-Universe/dataconnect\": could not find dataconnect.yaml in `/Volumes/mycode/Documents/GitHub/Ainor-Universe/dataconnect`\n"}}
[debug] [2026-07-01T17:02:56.314Z] E0701 22:32:56.313695    1492 watch.go:40] Failed to load config from "/Volumes/mycode/Documents/GitHub/Ainor-Universe/dataconnect": could not find dataconnect.yaml in `/Volumes/mycode/Documents/GitHub/Ainor-Universe/dataconnect`
 {"metadata":{"emulator":{"name":"dataconnect"},"message":"E0701 22:32:56.313695    1492 watch.go:40] Failed to load config from \"/Volumes/mycode/Documents/GitHub/Ainor-Universe/dataconnect\": could not find dataconnect.yaml in `/Volumes/mycode/Documents/GitHub/Ainor-Universe/dataconnect`\n"}}
[debug] [2026-07-01T17:03:06.314Z] E0701 22:33:06.313799    1492 watch.go:116] watchAllDir unable to walk dir `/Volumes/mycode/Documents/GitHub/Ainor-Universe/dataconnect`: lstat /Volumes/mycode/Documents/GitHub/Ainor-Universe/dataconnect: no such file or directory
E0701 22:33:06.313843    1492 watch.go:40] Failed to load config from "/Volumes/mycode/Documents/GitHub/Ainor-Universe/dataconnect": could not find dataconnect.yaml in `/Volumes/mycode/Documents/GitHub/Ainor-Universe/dataconnect`
 {"metadata":{"emulator":{"name":"dataconnect"},"message":"E0701 22:33:06.313799    1492 watch.go:116] watchAllDir unable to walk dir `/Volumes/mycode/Documents/GitHub/Ainor-Universe/dataconnect`: lstat /Volumes/mycode/Documents/GitHub/Ainor-Universe/dataconnect: no such file or directory\nE0701 22:33:06.313843    1492 watch.go:40] Failed to load config from \"/Volumes/mycode/Documents/GitHub/Ainor-Universe/dataconnect\": could not find dataconnect.yaml in `/Volumes/mycode/Documents/GitHub/Ainor-Universe/dataconnect`\n"}}
[debug] [2026-07-01T17:03:16.313Z] E0701 22:33:16.313134    1492 watch.go:40] Failed to load config from "/Volumes/mycode/Documents/GitHub/Ainor-Universe/dataconnect": could not find dataconnect.yaml in `/Volumes/mycode/Documents/GitHub/Ainor-Universe/dataconnect`
 {"metadata":{"emulator":{"name":"dataconnect"},"message":"E0701 22:33:16.313134    1492 watch.go:40] Failed to load config from \"/Volumes/mycode/Documents/GitHub/Ainor-Universe/dataconnect\": could not find dataconnect.yaml in `/Volumes/mycode/Documents/GitHub/Ainor-Universe/dataconnect`\n"}}
[debug] [2026-07-01T17:03:26.314Z] E0701 22:33:26.313946    1492 watch.go:40] Failed to load config from "/Volumes/mycode/Documents/GitHub/Ainor-Universe/dataconnect": could not find dataconnect.yaml in `/Volumes/mycode/Documents/GitHub/Ainor-Universe/dataconnect`
 {"metadata":{"emulator":{"name":"dataconnect"},"message":"E0701 22:33:26.313946    1492 watch.go:40] Failed to load config from \"/Volumes/mycode/Documents/GitHub/Ainor-Universe/dataconnect\": could not find dataconnect.yaml in `/Volumes/mycode/Documents/GitHub/Ainor-Universe/dataconnect`\n"}}
[debug] [2026-07-01T17:03:36.314Z] E0701 22:33:36.314116    1492 watch.go:40] Failed to load config from "/Volumes/mycode/Documents/GitHub/Ainor-Universe/dataconnect": could not find dataconnect.yaml in `/Volumes/mycode/Documents/GitHub/Ainor-Universe/dataconnect`
 {"metadata":{"emulator":{"name":"dataconnect"},"message":"E0701 22:33:36.314116    1492 watch.go:40] Failed to load config from \"/Volumes/mycode/Documents/GitHub/Ainor-Universe/dataconnect\": could not find dataconnect.yaml in `/Volumes/mycode/Documents/GitHub/Ainor-Universe/dataconnect`\n"}}
[debug] [2026-07-01T17:03:46.314Z] E0701 22:33:46.314204    1492 watch.go:40] Failed to load config from "/Volumes/mycode/Documents/GitHub/Ainor-Universe/dataconnect": could not find dataconnect.yaml in `/Volumes/mycode/Documents/GitHub/Ainor-Universe/dataconnect`
 {"metadata":{"emulator":{"name":"dataconnect"},"message":"E0701 22:33:46.314204    1492 watch.go:40] Failed to load config from \"/Volumes/mycode/Documents/GitHub/Ainor-Universe/dataconnect\": could not find dataconnect.yaml in `/Volumes/mycode/Documents/GitHub/Ainor-Universe/dataconnect`\n"}}
[debug] [2026-07-01T17:03:56.314Z] E0701 22:33:56.314308    1492 watch.go:40] Failed to load config from "/Volumes/mycode/Documents/GitHub/Ainor-Universe/dataconnect": could not find dataconnect.yaml in `/Volumes/mycode/Documents/GitHub/Ainor-Universe/dataconnect`
 {"metadata":{"emulator":{"name":"dataconnect"},"message":"E0701 22:33:56.314308    1492 watch.go:40] Failed to load config from \"/Volumes/mycode/Documents/GitHub/Ainor-Universe/dataconnect\": could not find dataconnect.yaml in `/Volumes/mycode/Documents/GitHub/Ainor-Universe/dataconnect`\n"}}
[debug] [2026-07-01T17:04:06.313Z] E0701 22:34:06.313480    1492 watch.go:116] watchAllDir unable to walk dir `/Volumes/mycode/Documents/GitHub/Ainor-Universe/dataconnect`: lstat /Volumes/mycode/Documents/GitHub/Ainor-Universe/dataconnect: no such file or directory
E0701 22:34:06.313517    1492 watch.go:40] Failed to load config from "/Volumes/mycode/Documents/GitHub/Ainor-Universe/dataconnect": could not find dataconnect.yaml in `/Volumes/mycode/Documents/GitHub/Ainor-Universe/dataconnect`
 {"metadata":{"emulator":{"name":"dataconnect"},"message":"E0701 22:34:06.313480    1492 watch.go:116] watchAllDir unable to walk dir `/Volumes/mycode/Documents/GitHub/Ainor-Universe/dataconnect`: lstat /Volumes/mycode/Documents/GitHub/Ainor-Universe/dataconnect: no such file or directory\nE0701 22:34:06.313517    1492 watch.go:40] Failed to load config from \"/Volumes/mycode/Documents/GitHub/Ainor-Universe/dataconnect\": could not find dataconnect.yaml in `/Volumes/mycode/Documents/GitHub/Ainor-Universe/dataconnect`\n"}}
[debug] [2026-07-01T17:04:16.314Z] E0701 22:34:16.314447    1492 watch.go:40] Failed to load config from "/Volumes/mycode/Documents/GitHub/Ainor-Universe/dataconnect": could not find dataconnect.yaml in `/Volumes/mycode/Documents/GitHub/Ainor-Universe/dataconnect`
 {"metadata":{"emulator":{"name":"dataconnect"},"message":"E0701 22:34:16.314447    1492 watch.go:40] Failed to load config from \"/Volumes/mycode/Documents/GitHub/Ainor-Universe/dataconnect\": could not find dataconnect.yaml in `/Volumes/mycode/Documents/GitHub/Ainor-Universe/dataconnect`\n"}}
[debug] [2026-07-01T17:04:26.315Z] E0701 22:34:26.314690    1492 watch.go:40] Failed to load config from "/Volumes/mycode/Documents/GitHub/Ainor-Universe/dataconnect": could not find dataconnect.yaml in `/Volumes/mycode/Documents/GitHub/Ainor-Universe/dataconnect`
 {"metadata":{"emulator":{"name":"dataconnect"},"message":"E0701 22:34:26.314690    1492 watch.go:40] Failed to load config from \"/Volumes/mycode/Documents/GitHub/Ainor-Universe/dataconnect\": could not find dataconnect.yaml in `/Volumes/mycode/Documents/GitHub/Ainor-Universe/dataconnect`\n"}}
[debug] [2026-07-01T17:04:36.314Z] E0701 22:34:36.314520    1492 watch.go:40] Failed to load config from "/Volumes/mycode/Documents/GitHub/Ainor-Universe/dataconnect": could not find dataconnect.yaml in `/Volumes/mycode/Documents/GitHub/Ainor-Universe/dataconnect`
 {"metadata":{"emulator":{"name":"dataconnect"},"message":"E0701 22:34:36.314520    1492 watch.go:40] Failed to load config from \"/Volumes/mycode/Documents/GitHub/Ainor-Universe/dataconnect\": could not find dataconnect.yaml in `/Volumes/mycode/Documents/GitHub/Ainor-Universe/dataconnect`\n"}}
[debug] [2026-07-01T17:04:46.315Z] E0701 22:34:46.314866    1492 watch.go:40] Failed to load config from "/Volumes/mycode/Documents/GitHub/Ainor-Universe/dataconnect": could not find dataconnect.yaml in `/Volumes/mycode/Documents/GitHub/Ainor-Universe/dataconnect`
 {"metadata":{"emulator":{"name":"dataconnect"},"message":"E0701 22:34:46.314866    1492 watch.go:40] Failed to load config from \"/Volumes/mycode/Documents/GitHub/Ainor-Universe/dataconnect\": could not find dataconnect.yaml in `/Volumes/mycode/Documents/GitHub/Ainor-Universe/dataconnect`\n"}}
[debug] [2026-07-01T17:04:56.315Z] E0701 22:34:56.314882    1492 watch.go:40] Failed to load config from "/Volumes/mycode/Documents/GitHub/Ainor-Universe/dataconnect": could not find dataconnect.yaml in `/Volumes/mycode/Documents/GitHub/Ainor-Universe/dataconnect`
 {"metadata":{"emulator":{"name":"dataconnect"},"message":"E0701 22:34:56.314882    1492 watch.go:40] Failed to load config from \"/Volumes/mycode/Documents/GitHub/Ainor-Universe/dataconnect\": could not find dataconnect.yaml in `/Volumes/mycode/Documents/GitHub/Ainor-Universe/dataconnect`\n"}}
[debug] [2026-07-01T17:05:06.315Z] E0701 22:35:06.314797    1492 watch.go:116] watchAllDir unable to walk dir `/Volumes/mycode/Documents/GitHub/Ainor-Universe/dataconnect`: lstat /Volumes/mycode/Documents/GitHub/Ainor-Universe/dataconnect: no such file or directory
E0701 22:35:06.314820    1492 watch.go:40] Failed to load config from "/Volumes/mycode/Documents/GitHub/Ainor-Universe/dataconnect": could not find dataconnect.yaml in `/Volumes/mycode/Documents/GitHub/Ainor-Universe/dataconnect`
 {"metadata":{"emulator":{"name":"dataconnect"},"message":"E0701 22:35:06.314797    1492 watch.go:116] watchAllDir unable to walk dir `/Volumes/mycode/Documents/GitHub/Ainor-Universe/dataconnect`: lstat /Volumes/mycode/Documents/GitHub/Ainor-Universe/dataconnect: no such file or directory\nE0701 22:35:06.314820    1492 watch.go:40] Failed to load config from \"/Volumes/mycode/Documents/GitHub/Ainor-Universe/dataconnect\": could not find dataconnect.yaml in `/Volumes/mycode/Documents/GitHub/Ainor-Universe/dataconnect`\n"}}
[debug] [2026-07-01T17:05:16.314Z] E0701 22:35:16.314658    1492 watch.go:40] Failed to load config from "/Volumes/mycode/Documents/GitHub/Ainor-Universe/dataconnect": could not find dataconnect.yaml in `/Volumes/mycode/Documents/GitHub/Ainor-Universe/dataconnect`
 {"metadata":{"emulator":{"name":"dataconnect"},"message":"E0701 22:35:16.314658    1492 watch.go:40] Failed to load config from \"/Volumes/mycode/Documents/GitHub/Ainor-Universe/dataconnect\": could not find dataconnect.yaml in `/Volumes/mycode/Documents/GitHub/Ainor-Universe/dataconnect`\n"}}
[debug] [2026-07-01T17:05:26.315Z] E0701 22:35:26.315533    1492 watch.go:40] Failed to load config from "/Volumes/mycode/Documents/GitHub/Ainor-Universe/dataconnect": could not find dataconnect.yaml in `/Volumes/mycode/Documents/GitHub/Ainor-Universe/dataconnect`
 {"metadata":{"emulator":{"name":"dataconnect"},"message":"E0701 22:35:26.315533    1492 watch.go:40] Failed to load config from \"/Volumes/mycode/Documents/GitHub/Ainor-Universe/dataconnect\": could not find dataconnect.yaml in `/Volumes/mycode/Documents/GitHub/Ainor-Universe/dataconnect`\n"}}
[debug] [2026-07-01T17:05:36.315Z] E0701 22:35:36.315164    1492 watch.go:40] Failed to load config from "/Volumes/mycode/Documents/GitHub/Ainor-Universe/dataconnect": could not find dataconnect.yaml in `/Volumes/mycode/Documents/GitHub/Ainor-Universe/dataconnect`
 {"metadata":{"emulator":{"name":"dataconnect"},"message":"E0701 22:35:36.315164    1492 watch.go:40] Failed to load config from \"/Volumes/mycode/Documents/GitHub/Ainor-Universe/dataconnect\": could not find dataconnect.yaml in `/Volumes/mycode/Documents/GitHub/Ainor-Universe/dataconnect`\n"}}
[debug] [2026-07-01T17:05:46.315Z] E0701 22:35:46.314946    1492 watch.go:40] Failed to load config from "/Volumes/mycode/Documents/GitHub/Ainor-Universe/dataconnect": could not find dataconnect.yaml in `/Volumes/mycode/Documents/GitHub/Ainor-Universe/dataconnect`
 {"metadata":{"emulator":{"name":"dataconnect"},"message":"E0701 22:35:46.314946    1492 watch.go:40] Failed to load config from \"/Volumes/mycode/Documents/GitHub/Ainor-Universe/dataconnect\": could not find dataconnect.yaml in `/Volumes/mycode/Documents/GitHub/Ainor-Universe/dataconnect`\n"}}
[debug] [2026-07-01T17:05:56.315Z] E0701 22:35:56.315404    1492 watch.go:40] Failed to load config from "/Volumes/mycode/Documents/GitHub/Ainor-Universe/dataconnect": could not find dataconnect.yaml in `/Volumes/mycode/Documents/GitHub/Ainor-Universe/dataconnect`
 {"metadata":{"emulator":{"name":"dataconnect"},"message":"E0701 22:35:56.315404    1492 watch.go:40] Failed to load config from \"/Volumes/mycode/Documents/GitHub/Ainor-Universe/dataconnect\": could not find dataconnect.yaml in `/Volumes/mycode/Documents/GitHub/Ainor-Universe/dataconnect`\n"}}
[debug] [2026-07-01T17:06:06.315Z] E0701 22:36:06.315429    1492 watch.go:40] Failed to load config from "/Volumes/mycode/Documents/GitHub/Ainor-Universe/dataconnect": could not find dataconnect.yaml in `/Volumes/mycode/Documents/GitHub/Ainor-Universe/dataconnect`
E0701 22:36:06.315404    1492 watch.go:116] watchAllDir unable to walk dir `/Volumes/mycode/Documents/GitHub/Ainor-Universe/dataconnect`: lstat /Volumes/mycode/Documents/GitHub/Ainor-Universe/dataconnect: no such file or directory
 {"metadata":{"emulator":{"name":"dataconnect"},"message":"E0701 22:36:06.315429    1492 watch.go:40] Failed to load config from \"/Volumes/mycode/Documents/GitHub/Ainor-Universe/dataconnect\": could not find dataconnect.yaml in `/Volumes/mycode/Documents/GitHub/Ainor-Universe/dataconnect`\nE0701 22:36:06.315404    1492 watch.go:116] watchAllDir unable to walk dir `/Volumes/mycode/Documents/GitHub/Ainor-Universe/dataconnect`: lstat /Volumes/mycode/Documents/GitHub/Ainor-Universe/dataconnect: no such file or directory\n"}}
[debug] [2026-07-01T17:06:16.315Z] E0701 22:36:16.315557    1492 watch.go:40] Failed to load config from "/Volumes/mycode/Documents/GitHub/Ainor-Universe/dataconnect": could not find dataconnect.yaml in `/Volumes/mycode/Documents/GitHub/Ainor-Universe/dataconnect`
 {"metadata":{"emulator":{"name":"dataconnect"},"message":"E0701 22:36:16.315557    1492 watch.go:40] Failed to load config from \"/Volumes/mycode/Documents/GitHub/Ainor-Universe/dataconnect\": could not find dataconnect.yaml in `/Volumes/mycode/Documents/GitHub/Ainor-Universe/dataconnect`\n"}}
[debug] [2026-07-01T17:06:26.315Z] E0701 22:36:26.315668    1492 watch.go:40] Failed to load config from "/Volumes/mycode/Documents/GitHub/Ainor-Universe/dataconnect": could not find dataconnect.yaml in `/Volumes/mycode/Documents/GitHub/Ainor-Universe/dataconnect`
 {"metadata":{"emulator":{"name":"dataconnect"},"message":"E0701 22:36:26.315668    1492 watch.go:40] Failed to load config from \"/Volumes/mycode/Documents/GitHub/Ainor-Universe/dataconnect\": could not find dataconnect.yaml in `/Volumes/mycode/Documents/GitHub/Ainor-Universe/dataconnect`\n"}}
[debug] [2026-07-01T17:06:36.315Z] E0701 22:36:36.315705    1492 watch.go:40] Failed to load config from "/Volumes/mycode/Documents/GitHub/Ainor-Universe/dataconnect": could not find dataconnect.yaml in `/Volumes/mycode/Documents/GitHub/Ainor-Universe/dataconnect`
 {"metadata":{"emulator":{"name":"dataconnect"},"message":"E0701 22:36:36.315705    1492 watch.go:40] Failed to load config from \"/Volumes/mycode/Documents/GitHub/Ainor-Universe/dataconnect\": could not find dataconnect.yaml in `/Volumes/mycode/Documents/GitHub/Ainor-Universe/dataconnect`\n"}}
[debug] [2026-07-01T17:06:46.316Z] E0701 22:36:46.315908    1492 watch.go:40] Failed to load config from "/Volumes/mycode/Documents/GitHub/Ainor-Universe/dataconnect": could not find dataconnect.yaml in `/Volumes/mycode/Documents/GitHub/Ainor-Universe/dataconnect`
 {"metadata":{"emulator":{"name":"dataconnect"},"message":"E0701 22:36:46.315908    1492 watch.go:40] Failed to load config from \"/Volumes/mycode/Documents/GitHub/Ainor-Universe/dataconnect\": could not find dataconnect.yaml in `/Volumes/mycode/Documents/GitHub/Ainor-Universe/dataconnect`\n"}}
[debug] [2026-07-01T17:06:56.316Z] E0701 22:36:56.316026    1492 watch.go:40] Failed to load config from "/Volumes/mycode/Documents/GitHub/Ainor-Universe/dataconnect": could not find dataconnect.yaml in `/Volumes/mycode/Documents/GitHub/Ainor-Universe/dataconnect`
 {"metadata":{"emulator":{"name":"dataconnect"},"message":"E0701 22:36:56.316026    1492 watch.go:40] Failed to load config from \"/Volumes/mycode/Documents/GitHub/Ainor-Universe/dataconnect\": could not find dataconnect.yaml in `/Volumes/mycode/Documents/GitHub/Ainor-Universe/dataconnect`\n"}}
[debug] [2026-07-01T17:07:06.316Z] E0701 22:37:06.316015    1492 watch.go:116] watchAllDir unable to walk dir `/Volumes/mycode/Documents/GitHub/Ainor-Universe/dataconnect`: lstat /Volumes/mycode/Documents/GitHub/Ainor-Universe/dataconnect: no such file or directory
E0701 22:37:06.316081    1492 watch.go:40] Failed to load config from "/Volumes/mycode/Documents/GitHub/Ainor-Universe/dataconnect": could not find dataconnect.yaml in `/Volumes/mycode/Documents/GitHub/Ainor-Universe/dataconnect`
 {"metadata":{"emulator":{"name":"dataconnect"},"message":"E0701 22:37:06.316015    1492 watch.go:116] watchAllDir unable to walk dir `/Volumes/mycode/Documents/GitHub/Ainor-Universe/dataconnect`: lstat /Volumes/mycode/Documents/GitHub/Ainor-Universe/dataconnect: no such file or directory\nE0701 22:37:06.316081    1492 watch.go:40] Failed to load config from \"/Volumes/mycode/Documents/GitHub/Ainor-Universe/dataconnect\": could not find dataconnect.yaml in `/Volumes/mycode/Documents/GitHub/Ainor-Universe/dataconnect`\n"}}
[debug] [2026-07-01T17:07:16.315Z] E0701 22:37:16.315621    1492 watch.go:40] Failed to load config from "/Volumes/mycode/Documents/GitHub/Ainor-Universe/dataconnect": could not find dataconnect.yaml in `/Volumes/mycode/Documents/GitHub/Ainor-Universe/dataconnect`
 {"metadata":{"emulator":{"name":"dataconnect"},"message":"E0701 22:37:16.315621    1492 watch.go:40] Failed to load config from \"/Volumes/mycode/Documents/GitHub/Ainor-Universe/dataconnect\": could not find dataconnect.yaml in `/Volumes/mycode/Documents/GitHub/Ainor-Universe/dataconnect`\n"}}
[debug] [2026-07-01T17:07:26.316Z] E0701 22:37:26.316307    1492 watch.go:40] Failed to load config from "/Volumes/mycode/Documents/GitHub/Ainor-Universe/dataconnect": could not find dataconnect.yaml in `/Volumes/mycode/Documents/GitHub/Ainor-Universe/dataconnect`
 {"metadata":{"emulator":{"name":"dataconnect"},"message":"E0701 22:37:26.316307    1492 watch.go:40] Failed to load config from \"/Volumes/mycode/Documents/GitHub/Ainor-Universe/dataconnect\": could not find dataconnect.yaml in `/Volumes/mycode/Documents/GitHub/Ainor-Universe/dataconnect`\n"}}
[debug] [2026-07-01T17:07:36.316Z] E0701 22:37:36.316363    1492 watch.go:40] Failed to load config from "/Volumes/mycode/Documents/GitHub/Ainor-Universe/dataconnect": could not find dataconnect.yaml in `/Volumes/mycode/Documents/GitHub/Ainor-Universe/dataconnect`
 {"metadata":{"emulator":{"name":"dataconnect"},"message":"E0701 22:37:36.316363    1492 watch.go:40] Failed to load config from \"/Volumes/mycode/Documents/GitHub/Ainor-Universe/dataconnect\": could not find dataconnect.yaml in `/Volumes/mycode/Documents/GitHub/Ainor-Universe/dataconnect`\n"}}
[debug] [2026-07-01T17:07:46.316Z] E0701 22:37:46.316542    1492 watch.go:40] Failed to load config from "/Volumes/mycode/Documents/GitHub/Ainor-Universe/dataconnect": could not find dataconnect.yaml in `/Volumes/mycode/Documents/GitHub/Ainor-Universe/dataconnect`
 {"metadata":{"emulator":{"name":"dataconnect"},"message":"E0701 22:37:46.316542    1492 watch.go:40] Failed to load config from \"/Volumes/mycode/Documents/GitHub/Ainor-Universe/dataconnect\": could not find dataconnect.yaml in `/Volumes/mycode/Documents/GitHub/Ainor-Universe/dataconnect`\n"}}
[debug] [2026-07-01T17:07:56.316Z] E0701 22:37:56.316552    1492 watch.go:40] Failed to load config from "/Volumes/mycode/Documents/GitHub/Ainor-Universe/dataconnect": could not find dataconnect.yaml in `/Volumes/mycode/Documents/GitHub/Ainor-Universe/dataconnect`
 {"metadata":{"emulator":{"name":"dataconnect"},"message":"E0701 22:37:56.316552    1492 watch.go:40] Failed to load config from \"/Volumes/mycode/Documents/GitHub/Ainor-Universe/dataconnect\": could not find dataconnect.yaml in `/Volumes/mycode/Documents/GitHub/Ainor-Universe/dataconnect`\n"}}
[debug] [2026-07-01T17:08:06.316Z] E0701 22:38:06.316577    1492 watch.go:116] watchAllDir unable to walk dir `/Volumes/mycode/Documents/GitHub/Ainor-Universe/dataconnect`: lstat /Volumes/mycode/Documents/GitHub/Ainor-Universe/dataconnect: no such file or directory
E0701 22:38:06.316633    1492 watch.go:40] Failed to load config from "/Volumes/mycode/Documents/GitHub/Ainor-Universe/dataconnect": could not find dataconnect.yaml in `/Volumes/mycode/Documents/GitHub/Ainor-Universe/dataconnect`
 {"metadata":{"emulator":{"name":"dataconnect"},"message":"E0701 22:38:06.316577    1492 watch.go:116] watchAllDir unable to walk dir `/Volumes/mycode/Documents/GitHub/Ainor-Universe/dataconnect`: lstat /Volumes/mycode/Documents/GitHub/Ainor-Universe/dataconnect: no such file or directory\nE0701 22:38:06.316633    1492 watch.go:40] Failed to load config from \"/Volumes/mycode/Documents/GitHub/Ainor-Universe/dataconnect\": could not find dataconnect.yaml in `/Volumes/mycode/Documents/GitHub/Ainor-Universe/dataconnect`\n"}}
[debug] [2026-07-01T17:08:16.316Z] E0701 22:38:16.316701    1492 watch.go:40] Failed to load config from "/Volumes/mycode/Documents/GitHub/Ainor-Universe/dataconnect": could not find dataconnect.yaml in `/Volumes/mycode/Documents/GitHub/Ainor-Universe/dataconnect`
 {"metadata":{"emulator":{"name":"dataconnect"},"message":"E0701 22:38:16.316701    1492 watch.go:40] Failed to load config from \"/Volumes/mycode/Documents/GitHub/Ainor-Universe/dataconnect\": could not find dataconnect.yaml in `/Volumes/mycode/Documents/GitHub/Ainor-Universe/dataconnect`\n"}}
[debug] [2026-07-01T17:08:26.317Z] E0701 22:38:26.316876    1492 watch.go:40] Failed to load config from "/Volumes/mycode/Documents/GitHub/Ainor-Universe/dataconnect": could not find dataconnect.yaml in `/Volumes/mycode/Documents/GitHub/Ainor-Universe/dataconnect`
 {"metadata":{"emulator":{"name":"dataconnect"},"message":"E0701 22:38:26.316876    1492 watch.go:40] Failed to load config from \"/Volumes/mycode/Documents/GitHub/Ainor-Universe/dataconnect\": could not find dataconnect.yaml in `/Volumes/mycode/Documents/GitHub/Ainor-Universe/dataconnect`\n"}}
[debug] [2026-07-01T17:08:36.316Z] E0701 22:38:36.316341    1492 watch.go:40] Failed to load config from "/Volumes/mycode/Documents/GitHub/Ainor-Universe/dataconnect": could not find dataconnect.yaml in `/Volumes/mycode/Documents/GitHub/Ainor-Universe/dataconnect`
 {"metadata":{"emulator":{"name":"dataconnect"},"message":"E0701 22:38:36.316341    1492 watch.go:40] Failed to load config from \"/Volumes/mycode/Documents/GitHub/Ainor-Universe/dataconnect\": could not find dataconnect.yaml in `/Volumes/mycode/Documents/GitHub/Ainor-Universe/dataconnect`\n"}}
[debug] [2026-07-01T17:08:46.318Z] E0701 22:38:46.318559    1492 watch.go:40] Failed to load config from "/Volumes/mycode/Documents/GitHub/Ainor-Universe/dataconnect": could not find dataconnect.yaml in `/Volumes/mycode/Documents/GitHub/Ainor-Universe/dataconnect`
 {"metadata":{"emulator":{"name":"dataconnect"},"message":"E0701 22:38:46.318559    1492 watch.go:40] Failed to load config from \"/Volumes/mycode/Documents/GitHub/Ainor-Universe/dataconnect\": could not find dataconnect.yaml in `/Volumes/mycode/Documents/GitHub/Ainor-Universe/dataconnect`\n"}}
[debug] [2026-07-01T17:08:56.317Z] E0701 22:38:56.317101    1492 watch.go:40] Failed to load config from "/Volumes/mycode/Documents/GitHub/Ainor-Universe/dataconnect": could not find dataconnect.yaml in `/Volumes/mycode/Documents/GitHub/Ainor-Universe/dataconnect`
 {"metadata":{"emulator":{"name":"dataconnect"},"message":"E0701 22:38:56.317101    1492 watch.go:40] Failed to load config from \"/Volumes/mycode/Documents/GitHub/Ainor-Universe/dataconnect\": could not find dataconnect.yaml in `/Volumes/mycode/Documents/GitHub/Ainor-Universe/dataconnect`\n"}}
[debug] [2026-07-01T17:09:06.317Z] E0701 22:39:06.317189    1492 watch.go:40] Failed to load config from "/Volumes/mycode/Documents/GitHub/Ainor-Universe/dataconnect": could not find dataconnect.yaml in `/Volumes/mycode/Documents/GitHub/Ainor-Universe/dataconnect`
E0701 22:39:06.317148    1492 watch.go:116] watchAllDir unable to walk dir `/Volumes/mycode/Documents/GitHub/Ainor-Universe/dataconnect`: lstat /Volumes/mycode/Documents/GitHub/Ainor-Universe/dataconnect: no such file or directory
 {"metadata":{"emulator":{"name":"dataconnect"},"message":"E0701 22:39:06.317189    1492 watch.go:40] Failed to load config from \"/Volumes/mycode/Documents/GitHub/Ainor-Universe/dataconnect\": could not find dataconnect.yaml in `/Volumes/mycode/Documents/GitHub/Ainor-Universe/dataconnect`\nE0701 22:39:06.317148    1492 watch.go:116] watchAllDir unable to walk dir `/Volumes/mycode/Documents/GitHub/Ainor-Universe/dataconnect`: lstat /Volumes/mycode/Documents/GitHub/Ainor-Universe/dataconnect: no such file or directory\n"}}
[debug] [2026-07-01T17:09:16.317Z] E0701 22:39:16.317407    1492 watch.go:40] Failed to load config from "/Volumes/mycode/Documents/GitHub/Ainor-Universe/dataconnect": could not find dataconnect.yaml in `/Volumes/mycode/Documents/GitHub/Ainor-Universe/dataconnect`
 {"metadata":{"emulator":{"name":"dataconnect"},"message":"E0701 22:39:16.317407    1492 watch.go:40] Failed to load config from \"/Volumes/mycode/Documents/GitHub/Ainor-Universe/dataconnect\": could not find dataconnect.yaml in `/Volumes/mycode/Documents/GitHub/Ainor-Universe/dataconnect`\n"}}
[debug] [2026-07-01T17:09:26.317Z] E0701 22:39:26.317434    1492 watch.go:40] Failed to load config from "/Volumes/mycode/Documents/GitHub/Ainor-Universe/dataconnect": could not find dataconnect.yaml in `/Volumes/mycode/Documents/GitHub/Ainor-Universe/dataconnect`
 {"metadata":{"emulator":{"name":"dataconnect"},"message":"E0701 22:39:26.317434    1492 watch.go:40] Failed to load config from \"/Volumes/mycode/Documents/GitHub/Ainor-Universe/dataconnect\": could not find dataconnect.yaml in `/Volumes/mycode/Documents/GitHub/Ainor-Universe/dataconnect`\n"}}
[debug] [2026-07-01T17:09:36.318Z] E0701 22:39:36.317775    1492 watch.go:40] Failed to load config from "/Volumes/mycode/Documents/GitHub/Ainor-Universe/dataconnect": could not find dataconnect.yaml in `/Volumes/mycode/Documents/GitHub/Ainor-Universe/dataconnect`
 {"metadata":{"emulator":{"name":"dataconnect"},"message":"E0701 22:39:36.317775    1492 watch.go:40] Failed to load config from \"/Volumes/mycode/Documents/GitHub/Ainor-Universe/dataconnect\": could not find dataconnect.yaml in `/Volumes/mycode/Documents/GitHub/Ainor-Universe/dataconnect`\n"}}
[debug] [2026-07-01T17:09:46.318Z] E0701 22:39:46.317698    1492 watch.go:40] Failed to load config from "/Volumes/mycode/Documents/GitHub/Ainor-Universe/dataconnect": could not find dataconnect.yaml in `/Volumes/mycode/Documents/GitHub/Ainor-Universe/dataconnect`
 {"metadata":{"emulator":{"name":"dataconnect"},"message":"E0701 22:39:46.317698    1492 watch.go:40] Failed to load config from \"/Volumes/mycode/Documents/GitHub/Ainor-Universe/dataconnect\": could not find dataconnect.yaml in `/Volumes/mycode/Documents/GitHub/Ainor-Universe/dataconnect`\n"}}
[debug] [2026-07-01T17:09:56.318Z] E0701 22:39:56.317830    1492 watch.go:40] Failed to load config from "/Volumes/mycode/Documents/GitHub/Ainor-Universe/dataconnect": could not find dataconnect.yaml in `/Volumes/mycode/Documents/GitHub/Ainor-Universe/dataconnect`
 {"metadata":{"emulator":{"name":"dataconnect"},"message":"E0701 22:39:56.317830    1492 watch.go:40] Failed to load config from \"/Volumes/mycode/Documents/GitHub/Ainor-Universe/dataconnect\": could not find dataconnect.yaml in `/Volumes/mycode/Documents/GitHub/Ainor-Universe/dataconnect`\n"}}
[debug] [2026-07-01T17:10:06.317Z] E0701 22:40:06.317730    1492 watch.go:40] Failed to load config from "/Volumes/mycode/Documents/GitHub/Ainor-Universe/dataconnect": could not find dataconnect.yaml in `/Volumes/mycode/Documents/GitHub/Ainor-Universe/dataconnect`
E0701 22:40:06.317697    1492 watch.go:116] watchAllDir unable to walk dir `/Volumes/mycode/Documents/GitHub/Ainor-Universe/dataconnect`: lstat /Volumes/mycode/Documents/GitHub/Ainor-Universe/dataconnect: no such file or directory
 {"metadata":{"emulator":{"name":"dataconnect"},"message":"E0701 22:40:06.317730    1492 watch.go:40] Failed to load config from \"/Volumes/mycode/Documents/GitHub/Ainor-Universe/dataconnect\": could not find dataconnect.yaml in `/Volumes/mycode/Documents/GitHub/Ainor-Universe/dataconnect`\nE0701 22:40:06.317697    1492 watch.go:116] watchAllDir unable to walk dir `/Volumes/mycode/Documents/GitHub/Ainor-Universe/dataconnect`: lstat /Volumes/mycode/Documents/GitHub/Ainor-Universe/dataconnect: no such file or directory\n"}}
[debug] [2026-07-01T17:10:16.317Z] E0701 22:40:16.317041    1492 watch.go:40] Failed to load config from "/Volumes/mycode/Documents/GitHub/Ainor-Universe/dataconnect": could not find dataconnect.yaml in `/Volumes/mycode/Documents/GitHub/Ainor-Universe/dataconnect`
 {"metadata":{"emulator":{"name":"dataconnect"},"message":"E0701 22:40:16.317041    1492 watch.go:40] Failed to load config from \"/Volumes/mycode/Documents/GitHub/Ainor-Universe/dataconnect\": could not find dataconnect.yaml in `/Volumes/mycode/Documents/GitHub/Ainor-Universe/dataconnect`\n"}}
[debug] [2026-07-01T17:10:26.318Z] E0701 22:40:26.318027    1492 watch.go:40] Failed to load config from "/Volumes/mycode/Documents/GitHub/Ainor-Universe/dataconnect": could not find dataconnect.yaml in `/Volumes/mycode/Documents/GitHub/Ainor-Universe/dataconnect`
 {"metadata":{"emulator":{"name":"dataconnect"},"message":"E0701 22:40:26.318027    1492 watch.go:40] Failed to load config from \"/Volumes/mycode/Documents/GitHub/Ainor-Universe/dataconnect\": could not find dataconnect.yaml in `/Volumes/mycode/Documents/GitHub/Ainor-Universe/dataconnect`\n"}}
[debug] [2026-07-01T17:10:36.318Z] E0701 22:40:36.318132    1492 watch.go:40] Failed to load config from "/Volumes/mycode/Documents/GitHub/Ainor-Universe/dataconnect": could not find dataconnect.yaml in `/Volumes/mycode/Documents/GitHub/Ainor-Universe/dataconnect`
 {"metadata":{"emulator":{"name":"dataconnect"},"message":"E0701 22:40:36.318132    1492 watch.go:40] Failed to load config from \"/Volumes/mycode/Documents/GitHub/Ainor-Universe/dataconnect\": could not find dataconnect.yaml in `/Volumes/mycode/Documents/GitHub/Ainor-Universe/dataconnect`\n"}}
[debug] [2026-07-01T17:10:46.318Z] E0701 22:40:46.318084    1492 watch.go:40] Failed to load config from "/Volumes/mycode/Documents/GitHub/Ainor-Universe/dataconnect": could not find dataconnect.yaml in `/Volumes/mycode/Documents/GitHub/Ainor-Universe/dataconnect`
 {"metadata":{"emulator":{"name":"dataconnect"},"message":"E0701 22:40:46.318084    1492 watch.go:40] Failed to load config from \"/Volumes/mycode/Documents/GitHub/Ainor-Universe/dataconnect\": could not find dataconnect.yaml in `/Volumes/mycode/Documents/GitHub/Ainor-Universe/dataconnect`\n"}}
[debug] [2026-07-01T17:10:56.318Z] E0701 22:40:56.318269    1492 watch.go:40] Failed to load config from "/Volumes/mycode/Documents/GitHub/Ainor-Universe/dataconnect": could not find dataconnect.yaml in `/Volumes/mycode/Documents/GitHub/Ainor-Universe/dataconnect`
 {"metadata":{"emulator":{"name":"dataconnect"},"message":"E0701 22:40:56.318269    1492 watch.go:40] Failed to load config from \"/Volumes/mycode/Documents/GitHub/Ainor-Universe/dataconnect\": could not find dataconnect.yaml in `/Volumes/mycode/Documents/GitHub/Ainor-Universe/dataconnect`\n"}}
[debug] [2026-07-01T17:11:06.318Z] E0701 22:41:06.318318    1492 watch.go:116] watchAllDir unable to walk dir `/Volumes/mycode/Documents/GitHub/Ainor-Universe/dataconnect`: lstat /Volumes/mycode/Documents/GitHub/Ainor-Universe/dataconnect: no such file or directory
E0701 22:41:06.318391    1492 watch.go:40] Failed to load config from "/Volumes/mycode/Documents/GitHub/Ainor-Universe/dataconnect": could not find dataconnect.yaml in `/Volumes/mycode/Documents/GitHub/Ainor-Universe/dataconnect`
 {"metadata":{"emulator":{"name":"dataconnect"},"message":"E0701 22:41:06.318318    1492 watch.go:116] watchAllDir unable to walk dir `/Volumes/mycode/Documents/GitHub/Ainor-Universe/dataconnect`: lstat /Volumes/mycode/Documents/GitHub/Ainor-Universe/dataconnect: no such file or directory\nE0701 22:41:06.318391    1492 watch.go:40] Failed to load config from \"/Volumes/mycode/Documents/GitHub/Ainor-Universe/dataconnect\": could not find dataconnect.yaml in `/Volumes/mycode/Documents/GitHub/Ainor-Universe/dataconnect`\n"}}
[debug] [2026-07-01T17:11:16.318Z] E0701 22:41:16.318328    1492 watch.go:40] Failed to load config from "/Volumes/mycode/Documents/GitHub/Ainor-Universe/dataconnect": could not find dataconnect.yaml in `/Volumes/mycode/Documents/GitHub/Ainor-Universe/dataconnect`
 {"metadata":{"emulator":{"name":"dataconnect"},"message":"E0701 22:41:16.318328    1492 watch.go:40] Failed to load config from \"/Volumes/mycode/Documents/GitHub/Ainor-Universe/dataconnect\": could not find dataconnect.yaml in `/Volumes/mycode/Documents/GitHub/Ainor-Universe/dataconnect`\n"}}
[debug] [2026-07-01T17:11:26.318Z] E0701 22:41:26.318567    1492 watch.go:40] Failed to load config from "/Volumes/mycode/Documents/GitHub/Ainor-Universe/dataconnect": could not find dataconnect.yaml in `/Volumes/mycode/Documents/GitHub/Ainor-Universe/dataconnect`
 {"metadata":{"emulator":{"name":"dataconnect"},"message":"E0701 22:41:26.318567    1492 watch.go:40] Failed to load config from \"/Volumes/mycode/Documents/GitHub/Ainor-Universe/dataconnect\": could not find dataconnect.yaml in `/Volumes/mycode/Documents/GitHub/Ainor-Universe/dataconnect`\n"}}
[debug] [2026-07-01T17:11:36.318Z] E0701 22:41:36.318611    1492 watch.go:40] Failed to load config from "/Volumes/mycode/Documents/GitHub/Ainor-Universe/dataconnect": could not find dataconnect.yaml in `/Volumes/mycode/Documents/GitHub/Ainor-Universe/dataconnect`
 {"metadata":{"emulator":{"name":"dataconnect"},"message":"E0701 22:41:36.318611    1492 watch.go:40] Failed to load config from \"/Volumes/mycode/Documents/GitHub/Ainor-Universe/dataconnect\": could not find dataconnect.yaml in `/Volumes/mycode/Documents/GitHub/Ainor-Universe/dataconnect`\n"}}
[debug] [2026-07-01T17:11:46.318Z] E0701 22:41:46.318829    1492 watch.go:40] Failed to load config from "/Volumes/mycode/Documents/GitHub/Ainor-Universe/dataconnect": could not find dataconnect.yaml in `/Volumes/mycode/Documents/GitHub/Ainor-Universe/dataconnect`
 {"metadata":{"emulator":{"name":"dataconnect"},"message":"E0701 22:41:46.318829    1492 watch.go:40] Failed to load config from \"/Volumes/mycode/Documents/GitHub/Ainor-Universe/dataconnect\": could not find dataconnect.yaml in `/Volumes/mycode/Documents/GitHub/Ainor-Universe/dataconnect`\n"}}
[debug] [2026-07-01T17:11:56.319Z] E0701 22:41:56.318943    1492 watch.go:40] Failed to load config from "/Volumes/mycode/Documents/GitHub/Ainor-Universe/dataconnect": could not find dataconnect.yaml in `/Volumes/mycode/Documents/GitHub/Ainor-Universe/dataconnect`
 {"metadata":{"emulator":{"name":"dataconnect"},"message":"E0701 22:41:56.318943    1492 watch.go:40] Failed to load config from \"/Volumes/mycode/Documents/GitHub/Ainor-Universe/dataconnect\": could not find dataconnect.yaml in `/Volumes/mycode/Documents/GitHub/Ainor-Universe/dataconnect`\n"}}
[debug] [2026-07-01T17:12:06.319Z] E0701 22:42:06.318889    1492 watch.go:40] Failed to load config from "/Volumes/mycode/Documents/GitHub/Ainor-Universe/dataconnect": could not find dataconnect.yaml in `/Volumes/mycode/Documents/GitHub/Ainor-Universe/dataconnect`
E0701 22:42:06.318835    1492 watch.go:116] watchAllDir unable to walk dir `/Volumes/mycode/Documents/GitHub/Ainor-Universe/dataconnect`: lstat /Volumes/mycode/Documents/GitHub/Ainor-Universe/dataconnect: no such file or directory
 {"metadata":{"emulator":{"name":"dataconnect"},"message":"E0701 22:42:06.318889    1492 watch.go:40] Failed to load config from \"/Volumes/mycode/Documents/GitHub/Ainor-Universe/dataconnect\": could not find dataconnect.yaml in `/Volumes/mycode/Documents/GitHub/Ainor-Universe/dataconnect`\nE0701 22:42:06.318835    1492 watch.go:116] watchAllDir unable to walk dir `/Volumes/mycode/Documents/GitHub/Ainor-Universe/dataconnect`: lstat /Volumes/mycode/Documents/GitHub/Ainor-Universe/dataconnect: no such file or directory\n"}}
[debug] [2026-07-01T17:12:16.319Z] E0701 22:42:16.319005    1492 watch.go:40] Failed to load config from "/Volumes/mycode/Documents/GitHub/Ainor-Universe/dataconnect": could not find dataconnect.yaml in `/Volumes/mycode/Documents/GitHub/Ainor-Universe/dataconnect`
 {"metadata":{"emulator":{"name":"dataconnect"},"message":"E0701 22:42:16.319005    1492 watch.go:40] Failed to load config from \"/Volumes/mycode/Documents/GitHub/Ainor-Universe/dataconnect\": could not find dataconnect.yaml in `/Volumes/mycode/Documents/GitHub/Ainor-Universe/dataconnect`\n"}}
[debug] [2026-07-01T17:12:26.319Z] E0701 22:42:26.319125    1492 watch.go:40] Failed to load config from "/Volumes/mycode/Documents/GitHub/Ainor-Universe/dataconnect": could not find dataconnect.yaml in `/Volumes/mycode/Documents/GitHub/Ainor-Universe/dataconnect`
 {"metadata":{"emulator":{"name":"dataconnect"},"message":"E0701 22:42:26.319125    1492 watch.go:40] Failed to load config from \"/Volumes/mycode/Documents/GitHub/Ainor-Universe/dataconnect\": could not find dataconnect.yaml in `/Volumes/mycode/Documents/GitHub/Ainor-Universe/dataconnect`\n"}}
[debug] [2026-07-01T17:12:36.319Z] E0701 22:42:36.319262    1492 watch.go:40] Failed to load config from "/Volumes/mycode/Documents/GitHub/Ainor-Universe/dataconnect": could not find dataconnect.yaml in `/Volumes/mycode/Documents/GitHub/Ainor-Universe/dataconnect`
 {"metadata":{"emulator":{"name":"dataconnect"},"message":"E0701 22:42:36.319262    1492 watch.go:40] Failed to load config from \"/Volumes/mycode/Documents/GitHub/Ainor-Universe/dataconnect\": could not find dataconnect.yaml in `/Volumes/mycode/Documents/GitHub/Ainor-Universe/dataconnect`\n"}}
[debug] [2026-07-01T17:12:46.320Z] E0701 22:42:46.320196    1492 watch.go:40] Failed to load config from "/Volumes/mycode/Documents/GitHub/Ainor-Universe/dataconnect": could not find dataconnect.yaml in `/Volumes/mycode/Documents/GitHub/Ainor-Universe/dataconnect`
 {"metadata":{"emulator":{"name":"dataconnect"},"message":"E0701 22:42:46.320196    1492 watch.go:40] Failed to load config from \"/Volumes/mycode/Documents/GitHub/Ainor-Universe/dataconnect\": could not find dataconnect.yaml in `/Volumes/mycode/Documents/GitHub/Ainor-Universe/dataconnect`\n"}}
[debug] [2026-07-01T17:12:56.319Z] E0701 22:42:56.319492    1492 watch.go:40] Failed to load config from "/Volumes/mycode/Documents/GitHub/Ainor-Universe/dataconnect": could not find dataconnect.yaml in `/Volumes/mycode/Documents/GitHub/Ainor-Universe/dataconnect`
 {"metadata":{"emulator":{"name":"dataconnect"},"message":"E0701 22:42:56.319492    1492 watch.go:40] Failed to load config from \"/Volumes/mycode/Documents/GitHub/Ainor-Universe/dataconnect\": could not find dataconnect.yaml in `/Volumes/mycode/Documents/GitHub/Ainor-Universe/dataconnect`\n"}}
[debug] [2026-07-01T17:13:06.319Z] E0701 22:43:06.319418    1492 watch.go:40] Failed to load config from "/Volumes/mycode/Documents/GitHub/Ainor-Universe/dataconnect": could not find dataconnect.yaml in `/Volumes/mycode/Documents/GitHub/Ainor-Universe/dataconnect`
E0701 22:43:06.319403    1492 watch.go:116] watchAllDir unable to walk dir `/Volumes/mycode/Documents/GitHub/Ainor-Universe/dataconnect`: lstat /Volumes/mycode/Documents/GitHub/Ainor-Universe/dataconnect: no such file or directory
 {"metadata":{"emulator":{"name":"dataconnect"},"message":"E0701 22:43:06.319418    1492 watch.go:40] Failed to load config from \"/Volumes/mycode/Documents/GitHub/Ainor-Universe/dataconnect\": could not find dataconnect.yaml in `/Volumes/mycode/Documents/GitHub/Ainor-Universe/dataconnect`\nE0701 22:43:06.319403    1492 watch.go:116] watchAllDir unable to walk dir `/Volumes/mycode/Documents/GitHub/Ainor-Universe/dataconnect`: lstat /Volumes/mycode/Documents/GitHub/Ainor-Universe/dataconnect: no such file or directory\n"}}
[debug] [2026-07-01T17:13:16.319Z] E0701 22:43:16.319666    1492 watch.go:40] Failed to load config from "/Volumes/mycode/Documents/GitHub/Ainor-Universe/dataconnect": could not find dataconnect.yaml in `/Volumes/mycode/Documents/GitHub/Ainor-Universe/dataconnect`
 {"metadata":{"emulator":{"name":"dataconnect"},"message":"E0701 22:43:16.319666    1492 watch.go:40] Failed to load config from \"/Volumes/mycode/Documents/GitHub/Ainor-Universe/dataconnect\": could not find dataconnect.yaml in `/Volumes/mycode/Documents/GitHub/Ainor-Universe/dataconnect`\n"}}
[debug] [2026-07-01T17:13:26.319Z] E0701 22:43:26.319681    1492 watch.go:40] Failed to load config from "/Volumes/mycode/Documents/GitHub/Ainor-Universe/dataconnect": could not find dataconnect.yaml in `/Volumes/mycode/Documents/GitHub/Ainor-Universe/dataconnect`
 {"metadata":{"emulator":{"name":"dataconnect"},"message":"E0701 22:43:26.319681    1492 watch.go:40] Failed to load config from \"/Volumes/mycode/Documents/GitHub/Ainor-Universe/dataconnect\": could not find dataconnect.yaml in `/Volumes/mycode/Documents/GitHub/Ainor-Universe/dataconnect`\n"}}
[debug] [2026-07-01T17:13:36.320Z] E0701 22:43:36.319977    1492 watch.go:40] Failed to load config from "/Volumes/mycode/Documents/GitHub/Ainor-Universe/dataconnect": could not find dataconnect.yaml in `/Volumes/mycode/Documents/GitHub/Ainor-Universe/dataconnect`
 {"metadata":{"emulator":{"name":"dataconnect"},"message":"E0701 22:43:36.319977    1492 watch.go:40] Failed to load config from \"/Volumes/mycode/Documents/GitHub/Ainor-Universe/dataconnect\": could not find dataconnect.yaml in `/Volumes/mycode/Documents/GitHub/Ainor-Universe/dataconnect`\n"}}
[debug] [2026-07-01T17:13:46.319Z] E0701 22:43:46.319548    1492 watch.go:40] Failed to load config from "/Volumes/mycode/Documents/GitHub/Ainor-Universe/dataconnect": could not find dataconnect.yaml in `/Volumes/mycode/Documents/GitHub/Ainor-Universe/dataconnect`
 {"metadata":{"emulator":{"name":"dataconnect"},"message":"E0701 22:43:46.319548    1492 watch.go:40] Failed to load config from \"/Volumes/mycode/Documents/GitHub/Ainor-Universe/dataconnect\": could not find dataconnect.yaml in `/Volumes/mycode/Documents/GitHub/Ainor-Universe/dataconnect`\n"}}
[debug] [2026-07-01T17:13:56.321Z] E0701 22:43:56.320903    1492 watch.go:40] Failed to load config from "/Volumes/mycode/Documents/GitHub/Ainor-Universe/dataconnect": could not find dataconnect.yaml in `/Volumes/mycode/Documents/GitHub/Ainor-Universe/dataconnect`
 {"metadata":{"emulator":{"name":"dataconnect"},"message":"E0701 22:43:56.320903    1492 watch.go:40] Failed to load config from \"/Volumes/mycode/Documents/GitHub/Ainor-Universe/dataconnect\": could not find dataconnect.yaml in `/Volumes/mycode/Documents/GitHub/Ainor-Universe/dataconnect`\n"}}
[debug] [2026-07-01T17:14:06.320Z] E0701 22:44:06.320143    1492 watch.go:40] Failed to load config from "/Volumes/mycode/Documents/GitHub/Ainor-Universe/dataconnect": could not find dataconnect.yaml in `/Volumes/mycode/Documents/GitHub/Ainor-Universe/dataconnect`
E0701 22:44:06.320069    1492 watch.go:116] watchAllDir unable to walk dir `/Volumes/mycode/Documents/GitHub/Ainor-Universe/dataconnect`: lstat /Volumes/mycode/Documents/GitHub/Ainor-Universe/dataconnect: no such file or directory
 {"metadata":{"emulator":{"name":"dataconnect"},"message":"E0701 22:44:06.320143    1492 watch.go:40] Failed to load config from \"/Volumes/mycode/Documents/GitHub/Ainor-Universe/dataconnect\": could not find dataconnect.yaml in `/Volumes/mycode/Documents/GitHub/Ainor-Universe/dataconnect`\nE0701 22:44:06.320069    1492 watch.go:116] watchAllDir unable to walk dir `/Volumes/mycode/Documents/GitHub/Ainor-Universe/dataconnect`: lstat /Volumes/mycode/Documents/GitHub/Ainor-Universe/dataconnect: no such file or directory\n"}}
[debug] [2026-07-01T17:14:16.320Z] E0701 22:44:16.320186    1492 watch.go:40] Failed to load config from "/Volumes/mycode/Documents/GitHub/Ainor-Universe/dataconnect": could not find dataconnect.yaml in `/Volumes/mycode/Documents/GitHub/Ainor-Universe/dataconnect`
 {"metadata":{"emulator":{"name":"dataconnect"},"message":"E0701 22:44:16.320186    1492 watch.go:40] Failed to load config from \"/Volumes/mycode/Documents/GitHub/Ainor-Universe/dataconnect\": could not find dataconnect.yaml in `/Volumes/mycode/Documents/GitHub/Ainor-Universe/dataconnect`\n"}}
[debug] [2026-07-01T17:14:26.320Z] E0701 22:44:26.320225    1492 watch.go:40] Failed to load config from "/Volumes/mycode/Documents/GitHub/Ainor-Universe/dataconnect": could not find dataconnect.yaml in `/Volumes/mycode/Documents/GitHub/Ainor-Universe/dataconnect`
 {"metadata":{"emulator":{"name":"dataconnect"},"message":"E0701 22:44:26.320225    1492 watch.go:40] Failed to load config from \"/Volumes/mycode/Documents/GitHub/Ainor-Universe/dataconnect\": could not find dataconnect.yaml in `/Volumes/mycode/Documents/GitHub/Ainor-Universe/dataconnect`\n"}}
[debug] [2026-07-01T17:14:36.320Z] E0701 22:44:36.320300    1492 watch.go:40] Failed to load config from "/Volumes/mycode/Documents/GitHub/Ainor-Universe/dataconnect": could not find dataconnect.yaml in `/Volumes/mycode/Documents/GitHub/Ainor-Universe/dataconnect`
 {"metadata":{"emulator":{"name":"dataconnect"},"message":"E0701 22:44:36.320300    1492 watch.go:40] Failed to load config from \"/Volumes/mycode/Documents/GitHub/Ainor-Universe/dataconnect\": could not find dataconnect.yaml in `/Volumes/mycode/Documents/GitHub/Ainor-Universe/dataconnect`\n"}}
[debug] [2026-07-01T17:14:46.320Z] E0701 22:44:46.320445    1492 watch.go:40] Failed to load config from "/Volumes/mycode/Documents/GitHub/Ainor-Universe/dataconnect": could not find dataconnect.yaml in `/Volumes/mycode/Documents/GitHub/Ainor-Universe/dataconnect`
 {"metadata":{"emulator":{"name":"dataconnect"},"message":"E0701 22:44:46.320445    1492 watch.go:40] Failed to load config from \"/Volumes/mycode/Documents/GitHub/Ainor-Universe/dataconnect\": could not find dataconnect.yaml in `/Volumes/mycode/Documents/GitHub/Ainor-Universe/dataconnect`\n"}}
[debug] [2026-07-01T17:14:56.321Z] E0701 22:44:56.320857    1492 watch.go:40] Failed to load config from "/Volumes/mycode/Documents/GitHub/Ainor-Universe/dataconnect": could not find dataconnect.yaml in `/Volumes/mycode/Documents/GitHub/Ainor-Universe/dataconnect`
 {"metadata":{"emulator":{"name":"dataconnect"},"message":"E0701 22:44:56.320857    1492 watch.go:40] Failed to load config from \"/Volumes/mycode/Documents/GitHub/Ainor-Universe/dataconnect\": could not find dataconnect.yaml in `/Volumes/mycode/Documents/GitHub/Ainor-Universe/dataconnect`\n"}}
[debug] [2026-07-01T17:15:06.320Z] E0701 22:45:06.320654    1492 watch.go:116] watchAllDir unable to walk dir `/Volumes/mycode/Documents/GitHub/Ainor-Universe/dataconnect`: lstat /Volumes/mycode/Documents/GitHub/Ainor-Universe/dataconnect: no such file or directory
E0701 22:45:06.320703    1492 watch.go:40] Failed to load config from "/Volumes/mycode/Documents/GitHub/Ainor-Universe/dataconnect": could not find dataconnect.yaml in `/Volumes/mycode/Documents/GitHub/Ainor-Universe/dataconnect`
 {"metadata":{"emulator":{"name":"dataconnect"},"message":"E0701 22:45:06.320654    1492 watch.go:116] watchAllDir unable to walk dir `/Volumes/mycode/Documents/GitHub/Ainor-Universe/dataconnect`: lstat /Volumes/mycode/Documents/GitHub/Ainor-Universe/dataconnect: no such file or directory\nE0701 22:45:06.320703    1492 watch.go:40] Failed to load config from \"/Volumes/mycode/Documents/GitHub/Ainor-Universe/dataconnect\": could not find dataconnect.yaml in `/Volumes/mycode/Documents/GitHub/Ainor-Universe/dataconnect`\n"}}
[debug] [2026-07-01T17:15:16.320Z] E0701 22:45:16.319965    1492 watch.go:40] Failed to load config from "/Volumes/mycode/Documents/GitHub/Ainor-Universe/dataconnect": could not find dataconnect.yaml in `/Volumes/mycode/Documents/GitHub/Ainor-Universe/dataconnect`
 {"metadata":{"emulator":{"name":"dataconnect"},"message":"E0701 22:45:16.319965    1492 watch.go:40] Failed to load config from \"/Volumes/mycode/Documents/GitHub/Ainor-Universe/dataconnect\": could not find dataconnect.yaml in `/Volumes/mycode/Documents/GitHub/Ainor-Universe/dataconnect`\n"}}
[debug] [2026-07-01T17:15:26.321Z] E0701 22:45:26.320956    1492 watch.go:40] Failed to load config from "/Volumes/mycode/Documents/GitHub/Ainor-Universe/dataconnect": could not find dataconnect.yaml in `/Volumes/mycode/Documents/GitHub/Ainor-Universe/dataconnect`
 {"metadata":{"emulator":{"name":"dataconnect"},"message":"E0701 22:45:26.320956    1492 watch.go:40] Failed to load config from \"/Volumes/mycode/Documents/GitHub/Ainor-Universe/dataconnect\": could not find dataconnect.yaml in `/Volumes/mycode/Documents/GitHub/Ainor-Universe/dataconnect`\n"}}
[debug] [2026-07-01T17:15:36.321Z] E0701 22:45:36.321123    1492 watch.go:40] Failed to load config from "/Volumes/mycode/Documents/GitHub/Ainor-Universe/dataconnect": could not find dataconnect.yaml in `/Volumes/mycode/Documents/GitHub/Ainor-Universe/dataconnect`
 {"metadata":{"emulator":{"name":"dataconnect"},"message":"E0701 22:45:36.321123    1492 watch.go:40] Failed to load config from \"/Volumes/mycode/Documents/GitHub/Ainor-Universe/dataconnect\": could not find dataconnect.yaml in `/Volumes/mycode/Documents/GitHub/Ainor-Universe/dataconnect`\n"}}
[debug] [2026-07-01T17:15:46.321Z] E0701 22:45:46.321077    1492 watch.go:40] Failed to load config from "/Volumes/mycode/Documents/GitHub/Ainor-Universe/dataconnect": could not find dataconnect.yaml in `/Volumes/mycode/Documents/GitHub/Ainor-Universe/dataconnect`
 {"metadata":{"emulator":{"name":"dataconnect"},"message":"E0701 22:45:46.321077    1492 watch.go:40] Failed to load config from \"/Volumes/mycode/Documents/GitHub/Ainor-Universe/dataconnect\": could not find dataconnect.yaml in `/Volumes/mycode/Documents/GitHub/Ainor-Universe/dataconnect`\n"}}
[debug] [2026-07-01T17:15:56.322Z] E0701 22:45:56.322093    1492 watch.go:40] Failed to load config from "/Volumes/mycode/Documents/GitHub/Ainor-Universe/dataconnect": could not find dataconnect.yaml in `/Volumes/mycode/Documents/GitHub/Ainor-Universe/dataconnect`
 {"metadata":{"emulator":{"name":"dataconnect"},"message":"E0701 22:45:56.322093    1492 watch.go:40] Failed to load config from \"/Volumes/mycode/Documents/GitHub/Ainor-Universe/dataconnect\": could not find dataconnect.yaml in `/Volumes/mycode/Documents/GitHub/Ainor-Universe/dataconnect`\n"}}
[debug] [2026-07-01T17:16:06.323Z] E0701 22:46:06.323020    1492 watch.go:40] Failed to load config from "/Volumes/mycode/Documents/GitHub/Ainor-Universe/dataconnect": could not find dataconnect.yaml in `/Volumes/mycode/Documents/GitHub/Ainor-Universe/dataconnect`
E0701 22:46:06.322954    1492 watch.go:116] watchAllDir unable to walk dir `/Volumes/mycode/Documents/GitHub/Ainor-Universe/dataconnect`: lstat /Volumes/mycode/Documents/GitHub/Ainor-Universe/dataconnect: no such file or directory
 {"metadata":{"emulator":{"name":"dataconnect"},"message":"E0701 22:46:06.323020    1492 watch.go:40] Failed to load config from \"/Volumes/mycode/Documents/GitHub/Ainor-Universe/dataconnect\": could not find dataconnect.yaml in `/Volumes/mycode/Documents/GitHub/Ainor-Universe/dataconnect`\nE0701 22:46:06.322954    1492 watch.go:116] watchAllDir unable to walk dir `/Volumes/mycode/Documents/GitHub/Ainor-Universe/dataconnect`: lstat /Volumes/mycode/Documents/GitHub/Ainor-Universe/dataconnect: no such file or directory\n"}}
[debug] [2026-07-01T17:16:16.323Z] E0701 22:46:16.323351    1492 watch.go:40] Failed to load config from "/Volumes/mycode/Documents/GitHub/Ainor-Universe/dataconnect": could not find dataconnect.yaml in `/Volumes/mycode/Documents/GitHub/Ainor-Universe/dataconnect`
 {"metadata":{"emulator":{"name":"dataconnect"},"message":"E0701 22:46:16.323351    1492 watch.go:40] Failed to load config from \"/Volumes/mycode/Documents/GitHub/Ainor-Universe/dataconnect\": could not find dataconnect.yaml in `/Volumes/mycode/Documents/GitHub/Ainor-Universe/dataconnect`\n"}}
[debug] [2026-07-01T17:16:26.323Z] E0701 22:46:26.323788    1492 watch.go:40] Failed to load config from "/Volumes/mycode/Documents/GitHub/Ainor-Universe/dataconnect": could not find dataconnect.yaml in `/Volumes/mycode/Documents/GitHub/Ainor-Universe/dataconnect`
 {"metadata":{"emulator":{"name":"dataconnect"},"message":"E0701 22:46:26.323788    1492 watch.go:40] Failed to load config from \"/Volumes/mycode/Documents/GitHub/Ainor-Universe/dataconnect\": could not find dataconnect.yaml in `/Volumes/mycode/Documents/GitHub/Ainor-Universe/dataconnect`\n"}}
[debug] [2026-07-01T17:16:36.324Z] E0701 22:46:36.323984    1492 watch.go:40] Failed to load config from "/Volumes/mycode/Documents/GitHub/Ainor-Universe/dataconnect": could not find dataconnect.yaml in `/Volumes/mycode/Documents/GitHub/Ainor-Universe/dataconnect`
 {"metadata":{"emulator":{"name":"dataconnect"},"message":"E0701 22:46:36.323984    1492 watch.go:40] Failed to load config from \"/Volumes/mycode/Documents/GitHub/Ainor-Universe/dataconnect\": could not find dataconnect.yaml in `/Volumes/mycode/Documents/GitHub/Ainor-Universe/dataconnect`\n"}}
[debug] [2026-07-01T17:16:46.324Z] E0701 22:46:46.324090    1492 watch.go:40] Failed to load config from "/Volumes/mycode/Documents/GitHub/Ainor-Universe/dataconnect": could not find dataconnect.yaml in `/Volumes/mycode/Documents/GitHub/Ainor-Universe/dataconnect`
 {"metadata":{"emulator":{"name":"dataconnect"},"message":"E0701 22:46:46.324090    1492 watch.go:40] Failed to load config from \"/Volumes/mycode/Documents/GitHub/Ainor-Universe/dataconnect\": could not find dataconnect.yaml in `/Volumes/mycode/Documents/GitHub/Ainor-Universe/dataconnect`\n"}}
[debug] [2026-07-01T17:16:56.324Z] E0701 22:46:56.324240    1492 watch.go:40] Failed to load config from "/Volumes/mycode/Documents/GitHub/Ainor-Universe/dataconnect": could not find dataconnect.yaml in `/Volumes/mycode/Documents/GitHub/Ainor-Universe/dataconnect`
 {"metadata":{"emulator":{"name":"dataconnect"},"message":"E0701 22:46:56.324240    1492 watch.go:40] Failed to load config from \"/Volumes/mycode/Documents/GitHub/Ainor-Universe/dataconnect\": could not find dataconnect.yaml in `/Volumes/mycode/Documents/GitHub/Ainor-Universe/dataconnect`\n"}}
[debug] [2026-07-01T17:17:06.324Z] E0701 22:47:06.324349    1492 watch.go:116] watchAllDir unable to walk dir `/Volumes/mycode/Documents/GitHub/Ainor-Universe/dataconnect`: lstat /Volumes/mycode/Documents/GitHub/Ainor-Universe/dataconnect: no such file or directory
E0701 22:47:06.324389    1492 watch.go:40] Failed to load config from "/Volumes/mycode/Documents/GitHub/Ainor-Universe/dataconnect": could not find dataconnect.yaml in `/Volumes/mycode/Documents/GitHub/Ainor-Universe/dataconnect`
 {"metadata":{"emulator":{"name":"dataconnect"},"message":"E0701 22:47:06.324349    1492 watch.go:116] watchAllDir unable to walk dir `/Volumes/mycode/Documents/GitHub/Ainor-Universe/dataconnect`: lstat /Volumes/mycode/Documents/GitHub/Ainor-Universe/dataconnect: no such file or directory\nE0701 22:47:06.324389    1492 watch.go:40] Failed to load config from \"/Volumes/mycode/Documents/GitHub/Ainor-Universe/dataconnect\": could not find dataconnect.yaml in `/Volumes/mycode/Documents/GitHub/Ainor-Universe/dataconnect`\n"}}
[debug] [2026-07-01T17:17:16.324Z] E0701 22:47:16.324481    1492 watch.go:40] Failed to load config from "/Volumes/mycode/Documents/GitHub/Ainor-Universe/dataconnect": could not find dataconnect.yaml in `/Volumes/mycode/Documents/GitHub/Ainor-Universe/dataconnect`
 {"metadata":{"emulator":{"name":"dataconnect"},"message":"E0701 22:47:16.324481    1492 watch.go:40] Failed to load config from \"/Volumes/mycode/Documents/GitHub/Ainor-Universe/dataconnect\": could not find dataconnect.yaml in `/Volumes/mycode/Documents/GitHub/Ainor-Universe/dataconnect`\n"}}
[debug] [2026-07-01T17:17:26.323Z] E0701 22:47:26.323776    1492 watch.go:40] Failed to load config from "/Volumes/mycode/Documents/GitHub/Ainor-Universe/dataconnect": could not find dataconnect.yaml in `/Volumes/mycode/Documents/GitHub/Ainor-Universe/dataconnect`
 {"metadata":{"emulator":{"name":"dataconnect"},"message":"E0701 22:47:26.323776    1492 watch.go:40] Failed to load config from \"/Volumes/mycode/Documents/GitHub/Ainor-Universe/dataconnect\": could not find dataconnect.yaml in `/Volumes/mycode/Documents/GitHub/Ainor-Universe/dataconnect`\n"}}
[debug] [2026-07-01T17:17:36.324Z] E0701 22:47:36.324661    1492 watch.go:40] Failed to load config from "/Volumes/mycode/Documents/GitHub/Ainor-Universe/dataconnect": could not find dataconnect.yaml in `/Volumes/mycode/Documents/GitHub/Ainor-Universe/dataconnect`
 {"metadata":{"emulator":{"name":"dataconnect"},"message":"E0701 22:47:36.324661    1492 watch.go:40] Failed to load config from \"/Volumes/mycode/Documents/GitHub/Ainor-Universe/dataconnect\": could not find dataconnect.yaml in `/Volumes/mycode/Documents/GitHub/Ainor-Universe/dataconnect`\n"}}
[debug] [2026-07-01T17:17:46.324Z] E0701 22:47:46.324107    1492 watch.go:40] Failed to load config from "/Volumes/mycode/Documents/GitHub/Ainor-Universe/dataconnect": could not find dataconnect.yaml in `/Volumes/mycode/Documents/GitHub/Ainor-Universe/dataconnect`
 {"metadata":{"emulator":{"name":"dataconnect"},"message":"E0701 22:47:46.324107    1492 watch.go:40] Failed to load config from \"/Volumes/mycode/Documents/GitHub/Ainor-Universe/dataconnect\": could not find dataconnect.yaml in `/Volumes/mycode/Documents/GitHub/Ainor-Universe/dataconnect`\n"}}
[debug] [2026-07-01T17:17:56.325Z] E0701 22:47:56.324949    1492 watch.go:40] Failed to load config from "/Volumes/mycode/Documents/GitHub/Ainor-Universe/dataconnect": could not find dataconnect.yaml in `/Volumes/mycode/Documents/GitHub/Ainor-Universe/dataconnect`
 {"metadata":{"emulator":{"name":"dataconnect"},"message":"E0701 22:47:56.324949    1492 watch.go:40] Failed to load config from \"/Volumes/mycode/Documents/GitHub/Ainor-Universe/dataconnect\": could not find dataconnect.yaml in `/Volumes/mycode/Documents/GitHub/Ainor-Universe/dataconnect`\n"}}
[debug] [2026-07-01T17:18:06.325Z] E0701 22:48:06.325451    1492 watch.go:116] watchAllDir unable to walk dir `/Volumes/mycode/Documents/GitHub/Ainor-Universe/dataconnect`: lstat /Volumes/mycode/Documents/GitHub/Ainor-Universe/dataconnect: no such file or directory
E0701 22:48:06.325541    1492 watch.go:40] Failed to load config from "/Volumes/mycode/Documents/GitHub/Ainor-Universe/dataconnect": could not find dataconnect.yaml in `/Volumes/mycode/Documents/GitHub/Ainor-Universe/dataconnect`
 {"metadata":{"emulator":{"name":"dataconnect"},"message":"E0701 22:48:06.325451    1492 watch.go:116] watchAllDir unable to walk dir `/Volumes/mycode/Documents/GitHub/Ainor-Universe/dataconnect`: lstat /Volumes/mycode/Documents/GitHub/Ainor-Universe/dataconnect: no such file or directory\nE0701 22:48:06.325541    1492 watch.go:40] Failed to load config from \"/Volumes/mycode/Documents/GitHub/Ainor-Universe/dataconnect\": could not find dataconnect.yaml in `/Volumes/mycode/Documents/GitHub/Ainor-Universe/dataconnect`\n"}}
[debug] [2026-07-01T17:18:16.326Z] E0701 22:48:16.325760    1492 watch.go:40] Failed to load config from "/Volumes/mycode/Documents/GitHub/Ainor-Universe/dataconnect": could not find dataconnect.yaml in `/Volumes/mycode/Documents/GitHub/Ainor-Universe/dataconnect`
 {"metadata":{"emulator":{"name":"dataconnect"},"message":"E0701 22:48:16.325760    1492 watch.go:40] Failed to load config from \"/Volumes/mycode/Documents/GitHub/Ainor-Universe/dataconnect\": could not find dataconnect.yaml in `/Volumes/mycode/Documents/GitHub/Ainor-Universe/dataconnect`\n"}}
[debug] [2026-07-01T17:18:26.325Z] E0701 22:48:26.325326    1492 watch.go:40] Failed to load config from "/Volumes/mycode/Documents/GitHub/Ainor-Universe/dataconnect": could not find dataconnect.yaml in `/Volumes/mycode/Documents/GitHub/Ainor-Universe/dataconnect`
 {"metadata":{"emulator":{"name":"dataconnect"},"message":"E0701 22:48:26.325326    1492 watch.go:40] Failed to load config from \"/Volumes/mycode/Documents/GitHub/Ainor-Universe/dataconnect\": could not find dataconnect.yaml in `/Volumes/mycode/Documents/GitHub/Ainor-Universe/dataconnect`\n"}}
[debug] [2026-07-01T17:18:36.325Z] E0701 22:48:36.325227    1492 watch.go:40] Failed to load config from "/Volumes/mycode/Documents/GitHub/Ainor-Universe/dataconnect": could not find dataconnect.yaml in `/Volumes/mycode/Documents/GitHub/Ainor-Universe/dataconnect`
 {"metadata":{"emulator":{"name":"dataconnect"},"message":"E0701 22:48:36.325227    1492 watch.go:40] Failed to load config from \"/Volumes/mycode/Documents/GitHub/Ainor-Universe/dataconnect\": could not find dataconnect.yaml in `/Volumes/mycode/Documents/GitHub/Ainor-Universe/dataconnect`\n"}}
[debug] [2026-07-01T17:18:46.325Z] E0701 22:48:46.325518    1492 watch.go:40] Failed to load config from "/Volumes/mycode/Documents/GitHub/Ainor-Universe/dataconnect": could not find dataconnect.yaml in `/Volumes/mycode/Documents/GitHub/Ainor-Universe/dataconnect`
 {"metadata":{"emulator":{"name":"dataconnect"},"message":"E0701 22:48:46.325518    1492 watch.go:40] Failed to load config from \"/Volumes/mycode/Documents/GitHub/Ainor-Universe/dataconnect\": could not find dataconnect.yaml in `/Volumes/mycode/Documents/GitHub/Ainor-Universe/dataconnect`\n"}}
[debug] [2026-07-01T17:18:56.325Z] E0701 22:48:56.325523    1492 watch.go:40] Failed to load config from "/Volumes/mycode/Documents/GitHub/Ainor-Universe/dataconnect": could not find dataconnect.yaml in `/Volumes/mycode/Documents/GitHub/Ainor-Universe/dataconnect`
 {"metadata":{"emulator":{"name":"dataconnect"},"message":"E0701 22:48:56.325523    1492 watch.go:40] Failed to load config from \"/Volumes/mycode/Documents/GitHub/Ainor-Universe/dataconnect\": could not find dataconnect.yaml in `/Volumes/mycode/Documents/GitHub/Ainor-Universe/dataconnect`\n"}}
[debug] [2026-07-01T17:19:06.326Z] E0701 22:49:06.325644    1492 watch.go:40] Failed to load config from "/Volumes/mycode/Documents/GitHub/Ainor-Universe/dataconnect": could not find dataconnect.yaml in `/Volumes/mycode/Documents/GitHub/Ainor-Universe/dataconnect`
 {"metadata":{"emulator":{"name":"dataconnect"},"message":"E0701 22:49:06.325644    1492 watch.go:40] Failed to load config from \"/Volumes/mycode/Documents/GitHub/Ainor-Universe/dataconnect\": could not find dataconnect.yaml in `/Volumes/mycode/Documents/GitHub/Ainor-Universe/dataconnect`\n"}}
[debug] [2026-07-01T17:19:06.327Z] E0701 22:49:06.325716    1492 watch.go:116] watchAllDir unable to walk dir `/Volumes/mycode/Documents/GitHub/Ainor-Universe/dataconnect`: lstat /Volumes/mycode/Documents/GitHub/Ainor-Universe/dataconnect: no such file or directory
 {"metadata":{"emulator":{"name":"dataconnect"},"message":"E0701 22:49:06.325716    1492 watch.go:116] watchAllDir unable to walk dir `/Volumes/mycode/Documents/GitHub/Ainor-Universe/dataconnect`: lstat /Volumes/mycode/Documents/GitHub/Ainor-Universe/dataconnect: no such file or directory\n"}}
[debug] [2026-07-01T17:19:16.326Z] E0701 22:49:16.325795    1492 watch.go:40] Failed to load config from "/Volumes/mycode/Documents/GitHub/Ainor-Universe/dataconnect": could not find dataconnect.yaml in `/Volumes/mycode/Documents/GitHub/Ainor-Universe/dataconnect`
 {"metadata":{"emulator":{"name":"dataconnect"},"message":"E0701 22:49:16.325795    1492 watch.go:40] Failed to load config from \"/Volumes/mycode/Documents/GitHub/Ainor-Universe/dataconnect\": could not find dataconnect.yaml in `/Volumes/mycode/Documents/GitHub/Ainor-Universe/dataconnect`\n"}}
[debug] [2026-07-01T17:19:26.326Z] E0701 22:49:26.325897    1492 watch.go:40] Failed to load config from "/Volumes/mycode/Documents/GitHub/Ainor-Universe/dataconnect": could not find dataconnect.yaml in `/Volumes/mycode/Documents/GitHub/Ainor-Universe/dataconnect`
 {"metadata":{"emulator":{"name":"dataconnect"},"message":"E0701 22:49:26.325897    1492 watch.go:40] Failed to load config from \"/Volumes/mycode/Documents/GitHub/Ainor-Universe/dataconnect\": could not find dataconnect.yaml in `/Volumes/mycode/Documents/GitHub/Ainor-Universe/dataconnect`\n"}}
[debug] [2026-07-01T17:19:36.326Z] E0701 22:49:36.325958    1492 watch.go:40] Failed to load config from "/Volumes/mycode/Documents/GitHub/Ainor-Universe/dataconnect": could not find dataconnect.yaml in `/Volumes/mycode/Documents/GitHub/Ainor-Universe/dataconnect`
 {"metadata":{"emulator":{"name":"dataconnect"},"message":"E0701 22:49:36.325958    1492 watch.go:40] Failed to load config from \"/Volumes/mycode/Documents/GitHub/Ainor-Universe/dataconnect\": could not find dataconnect.yaml in `/Volumes/mycode/Documents/GitHub/Ainor-Universe/dataconnect`\n"}}
[debug] [2026-07-01T17:19:46.326Z] E0701 22:49:46.326047    1492 watch.go:40] Failed to load config from "/Volumes/mycode/Documents/GitHub/Ainor-Universe/dataconnect": could not find dataconnect.yaml in `/Volumes/mycode/Documents/GitHub/Ainor-Universe/dataconnect`
 {"metadata":{"emulator":{"name":"dataconnect"},"message":"E0701 22:49:46.326047    1492 watch.go:40] Failed to load config from \"/Volumes/mycode/Documents/GitHub/Ainor-Universe/dataconnect\": could not find dataconnect.yaml in `/Volumes/mycode/Documents/GitHub/Ainor-Universe/dataconnect`\n"}}
[debug] [2026-07-01T17:19:56.326Z] E0701 22:49:56.326121    1492 watch.go:40] Failed to load config from "/Volumes/mycode/Documents/GitHub/Ainor-Universe/dataconnect": could not find dataconnect.yaml in `/Volumes/mycode/Documents/GitHub/Ainor-Universe/dataconnect`
 {"metadata":{"emulator":{"name":"dataconnect"},"message":"E0701 22:49:56.326121    1492 watch.go:40] Failed to load config from \"/Volumes/mycode/Documents/GitHub/Ainor-Universe/dataconnect\": could not find dataconnect.yaml in `/Volumes/mycode/Documents/GitHub/Ainor-Universe/dataconnect`\n"}}
[debug] [2026-07-01T17:20:06.326Z] E0701 22:50:06.326237    1492 watch.go:116] watchAllDir unable to walk dir `/Volumes/mycode/Documents/GitHub/Ainor-Universe/dataconnect`: lstat /Volumes/mycode/Documents/GitHub/Ainor-Universe/dataconnect: no such file or directory
E0701 22:50:06.326276    1492 watch.go:40] Failed to load config from "/Volumes/mycode/Documents/GitHub/Ainor-Universe/dataconnect": could not find dataconnect.yaml in `/Volumes/mycode/Documents/GitHub/Ainor-Universe/dataconnect`
 {"metadata":{"emulator":{"name":"dataconnect"},"message":"E0701 22:50:06.326237    1492 watch.go:116] watchAllDir unable to walk dir `/Volumes/mycode/Documents/GitHub/Ainor-Universe/dataconnect`: lstat /Volumes/mycode/Documents/GitHub/Ainor-Universe/dataconnect: no such file or directory\nE0701 22:50:06.326276    1492 watch.go:40] Failed to load config from \"/Volumes/mycode/Documents/GitHub/Ainor-Universe/dataconnect\": could not find dataconnect.yaml in `/Volumes/mycode/Documents/GitHub/Ainor-Universe/dataconnect`\n"}}
[debug] [2026-07-01T17:20:16.327Z] E0701 22:50:16.326302    1492 watch.go:40] Failed to load config from "/Volumes/mycode/Documents/GitHub/Ainor-Universe/dataconnect": could not find dataconnect.yaml in `/Volumes/mycode/Documents/GitHub/Ainor-Universe/dataconnect`
 {"metadata":{"emulator":{"name":"dataconnect"},"message":"E0701 22:50:16.326302    1492 watch.go:40] Failed to load config from \"/Volumes/mycode/Documents/GitHub/Ainor-Universe/dataconnect\": could not find dataconnect.yaml in `/Volumes/mycode/Documents/GitHub/Ainor-Universe/dataconnect`\n"}}
[debug] [2026-07-01T17:20:26.326Z] E0701 22:50:26.326492    1492 watch.go:40] Failed to load config from "/Volumes/mycode/Documents/GitHub/Ainor-Universe/dataconnect": could not find dataconnect.yaml in `/Volumes/mycode/Documents/GitHub/Ainor-Universe/dataconnect`
 {"metadata":{"emulator":{"name":"dataconnect"},"message":"E0701 22:50:26.326492    1492 watch.go:40] Failed to load config from \"/Volumes/mycode/Documents/GitHub/Ainor-Universe/dataconnect\": could not find dataconnect.yaml in `/Volumes/mycode/Documents/GitHub/Ainor-Universe/dataconnect`\n"}}
[debug] [2026-07-01T17:20:36.326Z] E0701 22:50:36.326384    1492 watch.go:40] Failed to load config from "/Volumes/mycode/Documents/GitHub/Ainor-Universe/dataconnect": could not find dataconnect.yaml in `/Volumes/mycode/Documents/GitHub/Ainor-Universe/dataconnect`
 {"metadata":{"emulator":{"name":"dataconnect"},"message":"E0701 22:50:36.326384    1492 watch.go:40] Failed to load config from \"/Volumes/mycode/Documents/GitHub/Ainor-Universe/dataconnect\": could not find dataconnect.yaml in `/Volumes/mycode/Documents/GitHub/Ainor-Universe/dataconnect`\n"}}
[debug] [2026-07-01T17:20:46.327Z] E0701 22:50:46.326673    1492 watch.go:40] Failed to load config from "/Volumes/mycode/Documents/GitHub/Ainor-Universe/dataconnect": could not find dataconnect.yaml in `/Volumes/mycode/Documents/GitHub/Ainor-Universe/dataconnect`
 {"metadata":{"emulator":{"name":"dataconnect"},"message":"E0701 22:50:46.326673    1492 watch.go:40] Failed to load config from \"/Volumes/mycode/Documents/GitHub/Ainor-Universe/dataconnect\": could not find dataconnect.yaml in `/Volumes/mycode/Documents/GitHub/Ainor-Universe/dataconnect`\n"}}
[debug] [2026-07-01T17:20:56.326Z] E0701 22:50:56.326659    1492 watch.go:40] Failed to load config from "/Volumes/mycode/Documents/GitHub/Ainor-Universe/dataconnect": could not find dataconnect.yaml in `/Volumes/mycode/Documents/GitHub/Ainor-Universe/dataconnect`
 {"metadata":{"emulator":{"name":"dataconnect"},"message":"E0701 22:50:56.326659    1492 watch.go:40] Failed to load config from \"/Volumes/mycode/Documents/GitHub/Ainor-Universe/dataconnect\": could not find dataconnect.yaml in `/Volumes/mycode/Documents/GitHub/Ainor-Universe/dataconnect`\n"}}
[debug] [2026-07-01T17:21:06.326Z] E0701 22:51:06.326511    1492 watch.go:40] Failed to load config from "/Volumes/mycode/Documents/GitHub/Ainor-Universe/dataconnect": could not find dataconnect.yaml in `/Volumes/mycode/Documents/GitHub/Ainor-Universe/dataconnect`
E0701 22:51:06.326470    1492 watch.go:116] watchAllDir unable to walk dir `/Volumes/mycode/Documents/GitHub/Ainor-Universe/dataconnect`: lstat /Volumes/mycode/Documents/GitHub/Ainor-Universe/dataconnect: no such file or directory
 {"metadata":{"emulator":{"name":"dataconnect"},"message":"E0701 22:51:06.326511    1492 watch.go:40] Failed to load config from \"/Volumes/mycode/Documents/GitHub/Ainor-Universe/dataconnect\": could not find dataconnect.yaml in `/Volumes/mycode/Documents/GitHub/Ainor-Universe/dataconnect`\nE0701 22:51:06.326470    1492 watch.go:116] watchAllDir unable to walk dir `/Volumes/mycode/Documents/GitHub/Ainor-Universe/dataconnect`: lstat /Volumes/mycode/Documents/GitHub/Ainor-Universe/dataconnect: no such file or directory\n"}}
[debug] [2026-07-01T17:21:16.327Z] E0701 22:51:16.326886    1492 watch.go:40] Failed to load config from "/Volumes/mycode/Documents/GitHub/Ainor-Universe/dataconnect": could not find dataconnect.yaml in `/Volumes/mycode/Documents/GitHub/Ainor-Universe/dataconnect`
 {"metadata":{"emulator":{"name":"dataconnect"},"message":"E0701 22:51:16.326886    1492 watch.go:40] Failed to load config from \"/Volumes/mycode/Documents/GitHub/Ainor-Universe/dataconnect\": could not find dataconnect.yaml in `/Volumes/mycode/Documents/GitHub/Ainor-Universe/dataconnect`\n"}}
[debug] [2026-07-01T17:21:26.327Z] E0701 22:51:26.327034    1492 watch.go:40] Failed to load config from "/Volumes/mycode/Documents/GitHub/Ainor-Universe/dataconnect": could not find dataconnect.yaml in `/Volumes/mycode/Documents/GitHub/Ainor-Universe/dataconnect`
 {"metadata":{"emulator":{"name":"dataconnect"},"message":"E0701 22:51:26.327034    1492 watch.go:40] Failed to load config from \"/Volumes/mycode/Documents/GitHub/Ainor-Universe/dataconnect\": could not find dataconnect.yaml in `/Volumes/mycode/Documents/GitHub/Ainor-Universe/dataconnect`\n"}}
[debug] [2026-07-01T17:21:36.327Z] E0701 22:51:36.327142    1492 watch.go:40] Failed to load config from "/Volumes/mycode/Documents/GitHub/Ainor-Universe/dataconnect": could not find dataconnect.yaml in `/Volumes/mycode/Documents/GitHub/Ainor-Universe/dataconnect`
 {"metadata":{"emulator":{"name":"dataconnect"},"message":"E0701 22:51:36.327142    1492 watch.go:40] Failed to load config from \"/Volumes/mycode/Documents/GitHub/Ainor-Universe/dataconnect\": could not find dataconnect.yaml in `/Volumes/mycode/Documents/GitHub/Ainor-Universe/dataconnect`\n"}}
[debug] [2026-07-01T17:21:46.327Z] E0701 22:51:46.327124    1492 watch.go:40] Failed to load config from "/Volumes/mycode/Documents/GitHub/Ainor-Universe/dataconnect": could not find dataconnect.yaml in `/Volumes/mycode/Documents/GitHub/Ainor-Universe/dataconnect`
 {"metadata":{"emulator":{"name":"dataconnect"},"message":"E0701 22:51:46.327124    1492 watch.go:40] Failed to load config from \"/Volumes/mycode/Documents/GitHub/Ainor-Universe/dataconnect\": could not find dataconnect.yaml in `/Volumes/mycode/Documents/GitHub/Ainor-Universe/dataconnect`\n"}}
[debug] [2026-07-01T17:21:56.327Z] E0701 22:51:56.327389    1492 watch.go:40] Failed to load config from "/Volumes/mycode/Documents/GitHub/Ainor-Universe/dataconnect": could not find dataconnect.yaml in `/Volumes/mycode/Documents/GitHub/Ainor-Universe/dataconnect`
 {"metadata":{"emulator":{"name":"dataconnect"},"message":"E0701 22:51:56.327389    1492 watch.go:40] Failed to load config from \"/Volumes/mycode/Documents/GitHub/Ainor-Universe/dataconnect\": could not find dataconnect.yaml in `/Volumes/mycode/Documents/GitHub/Ainor-Universe/dataconnect`\n"}}
[debug] [2026-07-01T17:22:06.327Z] E0701 22:52:06.327296    1492 watch.go:116] watchAllDir unable to walk dir `/Volumes/mycode/Documents/GitHub/Ainor-Universe/dataconnect`: lstat /Volumes/mycode/Documents/GitHub/Ainor-Universe/dataconnect: no such file or directory
E0701 22:52:06.327332    1492 watch.go:40] Failed to load config from "/Volumes/mycode/Documents/GitHub/Ainor-Universe/dataconnect": could not find dataconnect.yaml in `/Volumes/mycode/Documents/GitHub/Ainor-Universe/dataconnect`
 {"metadata":{"emulator":{"name":"dataconnect"},"message":"E0701 22:52:06.327296    1492 watch.go:116] watchAllDir unable to walk dir `/Volumes/mycode/Documents/GitHub/Ainor-Universe/dataconnect`: lstat /Volumes/mycode/Documents/GitHub/Ainor-Universe/dataconnect: no such file or directory\nE0701 22:52:06.327332    1492 watch.go:40] Failed to load config from \"/Volumes/mycode/Documents/GitHub/Ainor-Universe/dataconnect\": could not find dataconnect.yaml in `/Volumes/mycode/Documents/GitHub/Ainor-Universe/dataconnect`\n"}}
[debug] [2026-07-01T17:22:16.327Z] E0701 22:52:16.327386    1492 watch.go:40] Failed to load config from "/Volumes/mycode/Documents/GitHub/Ainor-Universe/dataconnect": could not find dataconnect.yaml in `/Volumes/mycode/Documents/GitHub/Ainor-Universe/dataconnect`
 {"metadata":{"emulator":{"name":"dataconnect"},"message":"E0701 22:52:16.327386    1492 watch.go:40] Failed to load config from \"/Volumes/mycode/Documents/GitHub/Ainor-Universe/dataconnect\": could not find dataconnect.yaml in `/Volumes/mycode/Documents/GitHub/Ainor-Universe/dataconnect`\n"}}
[debug] [2026-07-01T17:22:26.328Z] E0701 22:52:26.328043    1492 watch.go:40] Failed to load config from "/Volumes/mycode/Documents/GitHub/Ainor-Universe/dataconnect": could not find dataconnect.yaml in `/Volumes/mycode/Documents/GitHub/Ainor-Universe/dataconnect`
 {"metadata":{"emulator":{"name":"dataconnect"},"message":"E0701 22:52:26.328043    1492 watch.go:40] Failed to load config from \"/Volumes/mycode/Documents/GitHub/Ainor-Universe/dataconnect\": could not find dataconnect.yaml in `/Volumes/mycode/Documents/GitHub/Ainor-Universe/dataconnect`\n"}}
[debug] [2026-07-01T17:22:36.327Z] E0701 22:52:36.327676    1492 watch.go:40] Failed to load config from "/Volumes/mycode/Documents/GitHub/Ainor-Universe/dataconnect": could not find dataconnect.yaml in `/Volumes/mycode/Documents/GitHub/Ainor-Universe/dataconnect`
 {"metadata":{"emulator":{"name":"dataconnect"},"message":"E0701 22:52:36.327676    1492 watch.go:40] Failed to load config from \"/Volumes/mycode/Documents/GitHub/Ainor-Universe/dataconnect\": could not find dataconnect.yaml in `/Volumes/mycode/Documents/GitHub/Ainor-Universe/dataconnect`\n"}}
[debug] [2026-07-01T17:22:46.328Z] E0701 22:52:46.327882    1492 watch.go:40] Failed to load config from "/Volumes/mycode/Documents/GitHub/Ainor-Universe/dataconnect": could not find dataconnect.yaml in `/Volumes/mycode/Documents/GitHub/Ainor-Universe/dataconnect`
 {"metadata":{"emulator":{"name":"dataconnect"},"message":"E0701 22:52:46.327882    1492 watch.go:40] Failed to load config from \"/Volumes/mycode/Documents/GitHub/Ainor-Universe/dataconnect\": could not find dataconnect.yaml in `/Volumes/mycode/Documents/GitHub/Ainor-Universe/dataconnect`\n"}}
[debug] [2026-07-01T17:22:56.328Z] E0701 22:52:56.327956    1492 watch.go:40] Failed to load config from "/Volumes/mycode/Documents/GitHub/Ainor-Universe/dataconnect": could not find dataconnect.yaml in `/Volumes/mycode/Documents/GitHub/Ainor-Universe/dataconnect`
 {"metadata":{"emulator":{"name":"dataconnect"},"message":"E0701 22:52:56.327956    1492 watch.go:40] Failed to load config from \"/Volumes/mycode/Documents/GitHub/Ainor-Universe/dataconnect\": could not find dataconnect.yaml in `/Volumes/mycode/Documents/GitHub/Ainor-Universe/dataconnect`\n"}}
[debug] [2026-07-01T17:23:06.328Z] E0701 22:53:06.327827    1492 watch.go:40] Failed to load config from "/Volumes/mycode/Documents/GitHub/Ainor-Universe/dataconnect": could not find dataconnect.yaml in `/Volumes/mycode/Documents/GitHub/Ainor-Universe/dataconnect`
E0701 22:53:06.327784    1492 watch.go:116] watchAllDir unable to walk dir `/Volumes/mycode/Documents/GitHub/Ainor-Universe/dataconnect`: lstat /Volumes/mycode/Documents/GitHub/Ainor-Universe/dataconnect: no such file or directory
 {"metadata":{"emulator":{"name":"dataconnect"},"message":"E0701 22:53:06.327827    1492 watch.go:40] Failed to load config from \"/Volumes/mycode/Documents/GitHub/Ainor-Universe/dataconnect\": could not find dataconnect.yaml in `/Volumes/mycode/Documents/GitHub/Ainor-Universe/dataconnect`\nE0701 22:53:06.327784    1492 watch.go:116] watchAllDir unable to walk dir `/Volumes/mycode/Documents/GitHub/Ainor-Universe/dataconnect`: lstat /Volumes/mycode/Documents/GitHub/Ainor-Universe/dataconnect: no such file or directory\n"}}
[debug] [2026-07-01T17:23:16.328Z] E0701 22:53:16.328143    1492 watch.go:40] Failed to load config from "/Volumes/mycode/Documents/GitHub/Ainor-Universe/dataconnect": could not find dataconnect.yaml in `/Volumes/mycode/Documents/GitHub/Ainor-Universe/dataconnect`
 {"metadata":{"emulator":{"name":"dataconnect"},"message":"E0701 22:53:16.328143    1492 watch.go:40] Failed to load config from \"/Volumes/mycode/Documents/GitHub/Ainor-Universe/dataconnect\": could not find dataconnect.yaml in `/Volumes/mycode/Documents/GitHub/Ainor-Universe/dataconnect`\n"}}
[debug] [2026-07-01T17:23:26.327Z] E0701 22:53:26.327542    1492 watch.go:40] Failed to load config from "/Volumes/mycode/Documents/GitHub/Ainor-Universe/dataconnect": could not find dataconnect.yaml in `/Volumes/mycode/Documents/GitHub/Ainor-Universe/dataconnect`
 {"metadata":{"emulator":{"name":"dataconnect"},"message":"E0701 22:53:26.327542    1492 watch.go:40] Failed to load config from \"/Volumes/mycode/Documents/GitHub/Ainor-Universe/dataconnect\": could not find dataconnect.yaml in `/Volumes/mycode/Documents/GitHub/Ainor-Universe/dataconnect`\n"}}
[debug] [2026-07-01T17:23:36.328Z] E0701 22:53:36.328339    1492 watch.go:40] Failed to load config from "/Volumes/mycode/Documents/GitHub/Ainor-Universe/dataconnect": could not find dataconnect.yaml in `/Volumes/mycode/Documents/GitHub/Ainor-Universe/dataconnect`
 {"metadata":{"emulator":{"name":"dataconnect"},"message":"E0701 22:53:36.328339    1492 watch.go:40] Failed to load config from \"/Volumes/mycode/Documents/GitHub/Ainor-Universe/dataconnect\": could not find dataconnect.yaml in `/Volumes/mycode/Documents/GitHub/Ainor-Universe/dataconnect`\n"}}
[debug] [2026-07-01T17:23:46.328Z] E0701 22:53:46.328465    1492 watch.go:40] Failed to load config from "/Volumes/mycode/Documents/GitHub/Ainor-Universe/dataconnect": could not find dataconnect.yaml in `/Volumes/mycode/Documents/GitHub/Ainor-Universe/dataconnect`
 {"metadata":{"emulator":{"name":"dataconnect"},"message":"E0701 22:53:46.328465    1492 watch.go:40] Failed to load config from \"/Volumes/mycode/Documents/GitHub/Ainor-Universe/dataconnect\": could not find dataconnect.yaml in `/Volumes/mycode/Documents/GitHub/Ainor-Universe/dataconnect`\n"}}
[debug] [2026-07-01T17:23:56.328Z] E0701 22:53:56.328558    1492 watch.go:40] Failed to load config from "/Volumes/mycode/Documents/GitHub/Ainor-Universe/dataconnect": could not find dataconnect.yaml in `/Volumes/mycode/Documents/GitHub/Ainor-Universe/dataconnect`
 {"metadata":{"emulator":{"name":"dataconnect"},"message":"E0701 22:53:56.328558    1492 watch.go:40] Failed to load config from \"/Volumes/mycode/Documents/GitHub/Ainor-Universe/dataconnect\": could not find dataconnect.yaml in `/Volumes/mycode/Documents/GitHub/Ainor-Universe/dataconnect`\n"}}
[debug] [2026-07-01T17:24:06.328Z] E0701 22:54:06.328421    1492 watch.go:40] Failed to load config from "/Volumes/mycode/Documents/GitHub/Ainor-Universe/dataconnect": could not find dataconnect.yaml in `/Volumes/mycode/Documents/GitHub/Ainor-Universe/dataconnect`
E0701 22:54:06.328390    1492 watch.go:116] watchAllDir unable to walk dir `/Volumes/mycode/Documents/GitHub/Ainor-Universe/dataconnect`: lstat /Volumes/mycode/Documents/GitHub/Ainor-Universe/dataconnect: no such file or directory
 {"metadata":{"emulator":{"name":"dataconnect"},"message":"E0701 22:54:06.328421    1492 watch.go:40] Failed to load config from \"/Volumes/mycode/Documents/GitHub/Ainor-Universe/dataconnect\": could not find dataconnect.yaml in `/Volumes/mycode/Documents/GitHub/Ainor-Universe/dataconnect`\nE0701 22:54:06.328390    1492 watch.go:116] watchAllDir unable to walk dir `/Volumes/mycode/Documents/GitHub/Ainor-Universe/dataconnect`: lstat /Volumes/mycode/Documents/GitHub/Ainor-Universe/dataconnect: no such file or directory\n"}}
[debug] [2026-07-01T17:24:16.329Z] E0701 22:54:16.328729    1492 watch.go:40] Failed to load config from "/Volumes/mycode/Documents/GitHub/Ainor-Universe/dataconnect": could not find dataconnect.yaml in `/Volumes/mycode/Documents/GitHub/Ainor-Universe/dataconnect`
 {"metadata":{"emulator":{"name":"dataconnect"},"message":"E0701 22:54:16.328729    1492 watch.go:40] Failed to load config from \"/Volumes/mycode/Documents/GitHub/Ainor-Universe/dataconnect\": could not find dataconnect.yaml in `/Volumes/mycode/Documents/GitHub/Ainor-Universe/dataconnect`\n"}}
[debug] [2026-07-01T17:24:26.329Z] E0701 22:54:26.328834    1492 watch.go:40] Failed to load config from "/Volumes/mycode/Documents/GitHub/Ainor-Universe/dataconnect": could not find dataconnect.yaml in `/Volumes/mycode/Documents/GitHub/Ainor-Universe/dataconnect`
 {"metadata":{"emulator":{"name":"dataconnect"},"message":"E0701 22:54:26.328834    1492 watch.go:40] Failed to load config from \"/Volumes/mycode/Documents/GitHub/Ainor-Universe/dataconnect\": could not find dataconnect.yaml in `/Volumes/mycode/Documents/GitHub/Ainor-Universe/dataconnect`\n"}}
[debug] [2026-07-01T17:24:36.329Z] E0701 22:54:36.328839    1492 watch.go:40] Failed to load config from "/Volumes/mycode/Documents/GitHub/Ainor-Universe/dataconnect": could not find dataconnect.yaml in `/Volumes/mycode/Documents/GitHub/Ainor-Universe/dataconnect`
 {"metadata":{"emulator":{"name":"dataconnect"},"message":"E0701 22:54:36.328839    1492 watch.go:40] Failed to load config from \"/Volumes/mycode/Documents/GitHub/Ainor-Universe/dataconnect\": could not find dataconnect.yaml in `/Volumes/mycode/Documents/GitHub/Ainor-Universe/dataconnect`\n"}}
[debug] [2026-07-01T17:24:46.329Z] E0701 22:54:46.329003    1492 watch.go:40] Failed to load config from "/Volumes/mycode/Documents/GitHub/Ainor-Universe/dataconnect": could not find dataconnect.yaml in `/Volumes/mycode/Documents/GitHub/Ainor-Universe/dataconnect`
 {"metadata":{"emulator":{"name":"dataconnect"},"message":"E0701 22:54:46.329003    1492 watch.go:40] Failed to load config from \"/Volumes/mycode/Documents/GitHub/Ainor-Universe/dataconnect\": could not find dataconnect.yaml in `/Volumes/mycode/Documents/GitHub/Ainor-Universe/dataconnect`\n"}}
[debug] [2026-07-01T17:24:56.329Z] E0701 22:54:56.329120    1492 watch.go:40] Failed to load config from "/Volumes/mycode/Documents/GitHub/Ainor-Universe/dataconnect": could not find dataconnect.yaml in `/Volumes/mycode/Documents/GitHub/Ainor-Universe/dataconnect`
 {"metadata":{"emulator":{"name":"dataconnect"},"message":"E0701 22:54:56.329120    1492 watch.go:40] Failed to load config from \"/Volumes/mycode/Documents/GitHub/Ainor-Universe/dataconnect\": could not find dataconnect.yaml in `/Volumes/mycode/Documents/GitHub/Ainor-Universe/dataconnect`\n"}}
[debug] [2026-07-01T17:25:06.329Z] E0701 22:55:06.329090    1492 watch.go:116] watchAllDir unable to walk dir `/Volumes/mycode/Documents/GitHub/Ainor-Universe/dataconnect`: lstat /Volumes/mycode/Documents/GitHub/Ainor-Universe/dataconnect: no such file or directory
E0701 22:55:06.329133    1492 watch.go:40] Failed to load config from "/Volumes/mycode/Documents/GitHub/Ainor-Universe/dataconnect": could not find dataconnect.yaml in `/Volumes/mycode/Documents/GitHub/Ainor-Universe/dataconnect`
 {"metadata":{"emulator":{"name":"dataconnect"},"message":"E0701 22:55:06.329090    1492 watch.go:116] watchAllDir unable to walk dir `/Volumes/mycode/Documents/GitHub/Ainor-Universe/dataconnect`: lstat /Volumes/mycode/Documents/GitHub/Ainor-Universe/dataconnect: no such file or directory\nE0701 22:55:06.329133    1492 watch.go:40] Failed to load config from \"/Volumes/mycode/Documents/GitHub/Ainor-Universe/dataconnect\": could not find dataconnect.yaml in `/Volumes/mycode/Documents/GitHub/Ainor-Universe/dataconnect`\n"}}
[debug] [2026-07-01T17:25:16.329Z] E0701 22:55:16.329326    1492 watch.go:40] Failed to load config from "/Volumes/mycode/Documents/GitHub/Ainor-Universe/dataconnect": could not find dataconnect.yaml in `/Volumes/mycode/Documents/GitHub/Ainor-Universe/dataconnect`
 {"metadata":{"emulator":{"name":"dataconnect"},"message":"E0701 22:55:16.329326    1492 watch.go:40] Failed to load config from \"/Volumes/mycode/Documents/GitHub/Ainor-Universe/dataconnect\": could not find dataconnect.yaml in `/Volumes/mycode/Documents/GitHub/Ainor-Universe/dataconnect`\n"}}
[debug] [2026-07-01T17:25:26.329Z] E0701 22:55:26.329393    1492 watch.go:40] Failed to load config from "/Volumes/mycode/Documents/GitHub/Ainor-Universe/dataconnect": could not find dataconnect.yaml in `/Volumes/mycode/Documents/GitHub/Ainor-Universe/dataconnect`
 {"metadata":{"emulator":{"name":"dataconnect"},"message":"E0701 22:55:26.329393    1492 watch.go:40] Failed to load config from \"/Volumes/mycode/Documents/GitHub/Ainor-Universe/dataconnect\": could not find dataconnect.yaml in `/Volumes/mycode/Documents/GitHub/Ainor-Universe/dataconnect`\n"}}
